bold outlines: feature of the ML model,,,,Grains,,,,,,,,,,,,,,,,,,,,,,,,,,,,,,,,,,,,,,,,,,,,Detrital clay,,,,,,,Matrix,,,,Cements,,,,,,,,,,,,,,,,,,,,,,,,,,,,,,,,Veins,,,Replacive minerals,,,,,,,,,,,,,Pore types,,,,,,,IGV/QFR,,,,Porosity/Permeability,,,,,,,
ID,Well,"Core Depth 
(m)",Stratigraphy,Monocrystalline quartz grains,Polycrystalline quartz grains,Chert grain,Monocrystalline quartz grain with anhydrite inclusions,Polycrystalline quartz grain with anhydrite inclusions,K-Feldspar grain,Plagioclase grain,Sedimentary RF,Claystone RF,Siltstone RF,Sandstone RF,Metamorphic RF,Quartzite RF,Phyllite RF,Schist RF,Gneis RF,Mafic metamorphic RF,Igneous RF,Plutonic RF,Volcanic RF,Indeterminate RF,Deformed grains without microporosity,Deformed microporous grains,Mica,Muscovite,Biotite,Chlorite (detr.),Heavy Minerals,Hematite grain,Opaque grains,Clay pellets,Ooids,Carbonaceous material,Limestone RF,Bioclasts,Siderite intraclast,Micrite RF,Dolomite RF,Anhydrite clast,Glauconite,Silcrete fragment,Altered grains,Organic particles,Phosphatic grains,Clay pellicles,Detrital clay laminae,Detrital clay matrix,Detrital silt matrix,Detrital clay rims,Invaded drilling mud,Infiltrated clays,Micrite matrix,Carbonate matrix (siderite),Dolomicrite matrix,Pseudomatrix,Calcite pf,Fe-calcite pf,Non-ferroan dolomite pf,Hematite stained dolomite pf,Ferroan dolomite pf,Lozenge siderite pf,Siderite pf,Microcrystalline siderite,Gypsum pf,Anhydrite pf,Anhydrite (altered),Barite pf,Halite pf,Quartz pf,Feldspar pf,Albite pf,Hematite in dolomite,Hematite pf,Hematite pl,Ti oxides pf,Leucoxene pf,Pyrite,Bitumen,Pore-filling Clay,Pore-lining clay ,Illite pf,Illite pl,Hematite stained illite pl,Chlorite,Pore-filling Kaolinite,Air bubble,Undifferentiated cement,Halite fracture fill,Anhydrite fracture fill,Fe dolomite vein,Replacive calcite,Replacive NF dolomite,Replacive Fe dolomite,Replacive siderite,Replacive chert,Replacive halite,Replacive anhydrite,Replacive barite,Replacive clay minerals,Replacive illite,Replacive chlorite,Replacive kaolinite,Replacive pyrite,Intergranular porosity,Oversized porosity,Mouldic porosity,Intergranular dissolution porosity,Secondary intragranular porosity,Intercrystalline microporosity,Fracture pore (artificial),IGV (Pmc),Q,F,R,Porosity (%),log-transformed Permeability,Permeability (mD),,,,,
0,D12-A-02,3912.12,Upper Carboniferous,41.30,6.00,0.00,0.00,0.00,0.00,0.00,0.00,0.70,0.00,1.00,0.00,0.00,1.70,1.00,0.00,0.00,0.00,0.00,0.00,0.00,0.00,0.00,1.30,0.00,0.00,0.00,0.00,0.00,0.00,0.00,0.00,0.00,0.00,0.00,0.00,0.00,0.00,0.00,0.00,0.00,0.00,0.00,0.00,0.00,0.00,0.10,0.00,0.00,0.00,0.00,0.00,0.00,0.00,0.00,0.00,0.00,0.00,0.00,4.30,0.00,0.00,0.00,0.00,0.30,0.00,0.10,0.00,4.30,0.00,0.00,0.00,0.00,2.00,1.30,0.00,0.00,0.00,3.70,2.70,12.30,0.00,0.00,0.00,2.30,0.00,0.00,0.00,0.00,0.00,0.00,0.00,0.00,0.00,0.00,0.00,0.00,0.00,0.00,0.00,0.00,0.00,0.00,11.40,0.00,0.00,2.30,0.00,0.00,0.00,44.30,91.49,0.00,8.51,10.40,0.13,1.340,,,,,
1,D12-A-02,3912.79,Upper Carboniferous,39.70,8.30,0.00,0.00,0.00,0.00,0.30,0.00,0.70,0.00,0.30,0.00,0.00,2.30,1.00,0.00,0.00,0.00,0.00,0.00,0.00,0.00,0.00,2.00,0.00,0.00,0.00,0.00,0.00,0.00,0.00,0.00,0.00,0.00,0.00,0.00,0.00,0.00,0.00,0.00,0.00,0.00,0.00,0.00,0.00,0.00,1.00,0.00,0.00,0.00,0.00,0.00,0.00,0.00,0.00,0.00,0.00,1.30,0.00,2.70,0.00,0.00,0.00,0.00,1.30,0.00,0.00,0.00,1.70,0.00,0.00,0.00,0.00,6.30,1.00,0.00,0.00,0.00,5.30,1.70,6.00,1.30,0.00,0.00,3.30,0.00,0.00,0.00,0.00,0.00,0.00,0.00,0.00,0.00,0.00,0.00,0.00,0.00,0.00,0.00,0.00,0.00,0.00,10.70,0.00,0.00,1.70,0.00,0.00,0.00,41.30,91.25,0.57,8.17,14.50,-0.07,0.860,,,,,
2,D12-A-02,3913.29,Upper Carboniferous,41.70,11.30,0.00,0.00,0.00,0.10,0.00,0.00,0.00,0.00,1.00,0.00,0.00,2.40,1.30,0.00,0.00,0.00,0.00,0.00,0.00,0.00,0.00,2.00,0.00,0.00,0.00,0.00,0.00,0.00,0.00,0.00,0.00,0.00,0.00,0.00,0.00,0.00,0.00,0.00,0.00,0.00,0.00,0.00,0.00,0.00,1.70,0.00,0.70,0.00,0.00,0.00,0.00,0.00,0.00,0.00,0.00,1.00,0.00,0.00,0.00,0.00,0.00,0.00,0.70,0.00,0.00,0.00,3.00,0.00,0.00,0.00,0.00,6.70,2.30,0.00,0.00,0.00,7.00,1.00,2.70,1.00,0.00,0.00,7.70,0.00,0.00,0.00,0.00,0.00,0.00,0.00,0.00,0.00,0.00,0.00,0.00,0.00,0.00,0.00,0.00,0.00,0.00,4.00,0.00,0.00,1.00,0.00,0.00,0.00,36.10,91.70,0.17,8.13,14.30,-0.06,0.880,,,,,
3,D12-A-02,3913.92,Upper Carboniferous,39.30,9.00,0.00,0.00,0.00,0.10,0.00,0.00,0.30,0.00,1.70,0.00,0.00,1.70,0.30,0.00,0.00,0.00,0.00,0.00,0.00,0.00,0.00,1.00,0.00,0.00,0.00,0.00,0.00,0.00,0.00,0.00,0.00,0.00,0.00,0.00,0.00,0.00,0.00,0.00,0.00,0.00,0.00,0.00,0.00,0.00,0.10,0.00,0.30,0.00,0.00,0.00,0.00,0.00,0.00,0.00,0.00,7.30,0.00,0.00,0.00,0.00,0.00,0.00,3.00,0.00,0.00,0.00,3.00,0.00,0.00,0.00,0.00,3.30,1.00,0.00,0.00,0.00,8.70,0.00,2.00,0.00,0.00,0.00,7.70,0.00,0.00,0.00,0.00,0.00,0.00,0.00,0.00,0.00,0.00,0.00,0.00,0.00,0.00,0.00,0.00,0.00,0.00,7.00,0.00,0.00,3.30,0.00,0.00,0.00,46.30,92.18,0.19,7.63,10.80,-0.28,0.530,,,,,
4,D12-A-02,3914.19,Upper Carboniferous,38.30,6.30,0.00,0.00,0.00,0.00,0.00,0.00,1.00,0.00,2.30,0.00,0.00,2.30,0.70,0.00,0.00,0.00,0.00,0.00,0.00,0.00,0.00,2.30,0.00,0.00,0.00,0.00,0.00,0.00,0.00,0.00,0.00,0.00,0.00,0.00,0.00,0.00,0.00,0.00,0.00,0.00,0.00,0.00,0.00,0.00,0.10,0.00,0.70,0.00,0.00,0.00,0.00,0.00,0.00,0.00,0.00,0.00,0.00,11.00,0.00,0.00,0.00,0.00,1.30,0.00,0.00,0.00,3.70,0.00,0.00,0.00,0.00,2.00,1.00,0.00,0.00,0.00,4.30,0.00,4.30,0.00,0.00,0.00,5.70,0.00,0.00,0.00,0.00,0.00,0.00,0.00,0.00,0.00,0.00,0.00,0.00,0.00,0.00,0.00,0.00,0.00,0.00,10.60,0.00,0.00,2.00,0.00,0.00,0.00,45.90,87.62,0.00,12.38,10.70,-0.10,0.790,,,,,
5,D12-A-02,3916.05,Upper Carboniferous,44.70,3.00,0.00,0.00,0.00,0.00,0.10,0.00,0.30,0.00,0.00,0.00,0.00,0.70,0.00,0.00,0.00,0.00,0.00,0.00,0.00,0.00,0.00,2.30,0.00,0.00,0.00,0.00,0.00,0.00,0.00,0.00,0.00,0.00,0.00,0.00,0.00,0.00,0.00,0.00,0.00,0.00,0.00,0.00,0.00,0.00,0.10,0.00,2.30,0.00,0.00,0.00,0.00,0.00,0.00,0.00,0.00,0.30,0.00,9.70,0.00,0.00,0.00,0.00,0.00,0.00,0.00,0.10,3.00,0.00,0.00,0.00,0.00,3.00,6.70,0.00,0.00,0.00,10.70,0.00,1.30,0.00,0.00,0.00,3.70,0.00,0.00,0.00,0.00,0.00,0.00,0.00,0.00,0.00,0.00,0.00,0.00,0.00,0.00,0.00,0.00,0.00,0.00,8.30,0.00,0.00,0.00,0.00,0.00,0.00,46.80,97.75,0.20,2.05,12.50,-0.89,0.130,,,,,
6,D12-A-02,3916.69,Upper Carboniferous,38.30,5.70,0.00,0.00,0.00,0.00,0.30,0.00,0.00,0.00,2.00,0.00,0.00,3.30,0.00,0.00,0.00,0.00,0.00,0.00,0.00,0.00,0.00,0.70,0.00,0.00,0.00,0.10,0.00,0.00,0.00,0.00,0.00,0.00,0.00,0.00,0.00,0.00,0.00,0.00,0.00,0.00,0.00,0.00,0.00,0.00,0.00,0.00,0.00,0.00,0.00,0.00,0.00,0.00,0.00,0.00,0.00,0.00,0.00,11.00,0.00,0.00,0.00,0.00,0.30,0.00,0.00,0.00,3.30,0.00,0.00,0.00,0.00,4.70,1.30,0.00,0.00,0.00,10.00,0.30,1.70,0.00,0.00,0.00,8.30,0.00,0.00,0.00,0.00,0.00,0.00,0.00,0.00,0.00,0.00,0.00,0.00,0.00,0.00,0.00,0.00,0.00,0.00,7.40,0.00,0.00,1.30,0.00,0.00,0.00,49.30,88.71,0.60,10.69,11.60,-0.72,0.190,,,,,
7,D12-A-02,3916.85,Upper Carboniferous,44.00,4.30,0.00,0.00,0.00,0.10,0.00,0.00,0.00,0.00,1.70,0.00,0.00,3.70,0.00,0.00,0.00,0.00,0.00,0.00,0.00,0.00,0.00,2.70,0.00,0.00,0.00,0.00,0.00,0.00,0.00,0.00,0.00,0.00,0.00,0.00,0.00,0.00,0.00,0.00,0.00,0.00,0.00,0.00,0.00,0.00,0.10,0.00,0.30,0.00,0.00,0.00,0.00,0.00,0.00,0.00,0.00,0.00,0.00,13.70,0.00,0.00,0.00,0.00,2.00,0.00,0.00,0.00,1.30,0.00,0.00,0.00,0.00,3.70,0.00,0.00,0.00,0.00,8.30,1.00,0.70,0.00,0.00,0.00,6.00,0.00,0.00,0.00,0.00,0.00,0.00,0.00,0.00,0.00,0.00,0.00,0.00,0.00,0.00,0.00,0.00,0.00,0.00,6.00,0.00,0.00,0.70,0.00,0.00,0.00,42.40,89.78,0.19,10.04,11.00,-0.80,0.160,,,,,
8,D12-A-02,3890.28,Upper Carboniferous,33.00,10.30,0.00,0.00,0.00,3.00,6.30,0.00,0.70,0.00,0.00,0.00,0.00,7.70,0.30,0.00,0.00,0.00,0.00,0.00,0.00,0.00,0.00,5.30,0.00,0.00,0.00,0.10,0.00,0.00,0.00,0.00,0.00,0.00,0.00,0.00,0.00,0.00,0.00,0.00,0.00,0.00,0.00,0.00,0.00,0.00,6.30,0.00,0.00,0.00,0.00,0.00,0.00,0.00,0.00,0.00,0.00,0.00,0.00,4.00,0.00,0.00,0.00,0.00,0.00,0.00,0.00,0.00,0.00,0.00,0.00,0.00,0.00,14.30,0.00,0.00,0.00,0.00,7.00,1.30,0.00,0.00,0.00,0.00,0.00,0.00,0.00,0.00,0.00,0.00,0.00,0.00,0.00,0.00,0.00,0.00,0.00,0.00,0.00,0.00,0.00,0.00,0.00,0.30,0.00,0.00,0.00,0.00,0.00,0.00,25.60,70.64,15.17,14.19,8.10,-1.30,0.050,,,,,
9,D12-A-02,3891.42,Upper Carboniferous,40.70,0.70,0.00,0.00,0.00,3.30,1.00,0.00,0.00,0.00,0.00,0.00,0.00,3.30,0.00,0.00,0.00,0.00,0.00,0.00,0.00,0.00,0.00,12.00,0.00,0.00,0.00,0.00,0.00,0.00,0.00,0.00,0.00,0.00,0.00,0.00,0.00,0.00,0.00,0.00,0.00,0.00,0.00,0.00,0.00,0.00,23.70,0.00,0.00,0.00,0.00,0.00,0.00,0.00,0.00,0.00,0.00,0.00,0.00,0.00,0.00,0.00,0.00,0.00,0.70,0.00,0.00,0.00,0.00,0.00,0.00,0.00,0.00,14.40,0.30,0.00,0.00,0.00,0.00,0.00,0.00,0.00,0.00,0.00,0.00,0.00,0.00,0.00,0.00,0.00,0.00,0.00,0.00,0.00,0.00,0.00,0.00,0.00,0.00,0.00,0.00,0.00,0.00,0.10,0.00,0.00,0.00,0.00,0.00,0.00,15.50,84.49,8.78,6.73,4.10,,,,,,,
10,D12-A-02,3885.21,Upper Carboniferous,46.00,10.30,0.00,0.00,0.00,0.30,0.00,0.00,0.00,0.00,1.70,0.00,0.00,3.00,0.10,0.00,0.00,0.00,0.00,0.00,0.00,0.00,0.00,0.30,0.00,0.00,0.00,0.10,0.00,0.00,0.00,0.00,0.00,0.00,0.00,0.00,0.00,0.00,0.00,0.00,0.00,0.00,0.00,0.00,0.00,0.00,0.00,0.00,0.00,0.00,0.00,0.00,0.00,0.00,1.30,0.00,0.00,7.70,0.00,1.30,0.00,0.00,0.00,0.00,1.70,0.00,0.10,0.00,4.70,0.00,0.00,0.00,0.00,3.70,1.00,0.00,0.00,0.00,5.00,2.00,0.00,0.00,0.00,0.00,2.70,0.00,0.00,0.00,0.00,0.00,0.00,0.00,0.00,0.00,0.00,0.00,0.00,0.00,0.00,0.00,0.00,0.00,0.00,5.00,0.00,0.00,2.30,0.00,0.00,0.00,35.20,91.69,0.49,7.82,7.60,1.18,15.000,,,,,
11,D12-A-02,3893.83,Upper Carboniferous,22.30,3.00,0.00,0.00,0.00,1.70,3.00,0.00,0.00,0.00,0.00,0.00,0.00,0.30,0.00,0.00,0.00,0.00,0.00,0.00,0.00,0.00,0.00,4.00,0.00,0.00,0.00,0.00,0.00,0.00,0.00,0.00,0.00,0.00,0.00,0.00,0.00,0.00,0.00,0.00,0.00,0.00,0.00,0.00,0.00,0.00,29.30,0.00,0.00,0.00,0.00,0.00,0.00,0.00,0.00,0.00,0.00,0.00,0.00,0.00,0.00,0.00,0.00,0.00,0.00,0.00,0.00,0.00,0.30,0.00,0.00,0.00,0.00,36.00,0.00,0.00,0.00,0.00,0.00,0.00,0.00,0.00,0.00,0.00,0.00,0.00,0.00,0.00,0.00,0.00,0.00,0.00,0.00,0.00,0.00,0.00,0.00,0.00,0.00,0.00,0.00,0.00,0.00,0.10,0.00,0.00,0.00,0.00,0.00,0.00,36.40,83.50,15.51,0.99,4.90,0.39,2.470,,,,,
12,D12-A-02,3885.71,Upper Carboniferous,48.70,7.30,0.00,0.00,0.00,0.10,0.10,0.00,0.00,0.00,0.30,0.00,0.00,0.30,1.40,0.00,0.00,0.00,0.00,0.00,0.00,0.00,0.00,0.10,0.00,0.00,0.00,0.00,0.00,0.00,0.00,0.00,0.00,0.00,0.00,0.00,0.00,0.00,0.00,0.00,0.00,0.00,0.00,0.00,0.00,0.00,0.00,0.00,0.00,0.00,0.00,0.00,0.00,0.00,0.70,0.00,0.00,1.70,0.00,14.60,0.00,0.00,0.00,0.00,1.40,0.00,0.10,0.00,5.00,0.00,0.00,0.00,0.00,4.30,0.70,0.00,0.00,0.00,5.00,0.30,0.00,0.00,0.00,0.00,0.30,0.00,0.00,0.00,0.00,0.00,0.00,0.00,0.00,0.00,0.00,0.00,0.00,0.00,0.00,0.00,0.00,0.30,0.00,6.00,0.00,0.00,1.70,0.00,0.00,0.00,40.80,96.22,0.34,3.44,6.60,1.42,26.100,,,,,
13,E10-03,3649.50,Upper Carboniferous,42.30,9.70,0.00,0.00,0.00,0.00,0.00,0.00,0.30,0.00,0.00,0.00,0.00,1.30,1.70,0.00,0.00,0.00,0.00,0.00,0.00,0.00,0.00,0.70,0.00,0.00,0.00,0.00,0.00,0.00,0.00,0.00,0.00,0.00,0.00,0.00,0.00,0.00,0.00,0.00,0.00,0.00,0.00,0.00,0.00,0.00,0.00,0.00,0.00,0.00,0.00,0.00,0.00,0.00,5.30,0.00,0.00,1.70,0.00,3.00,0.00,0.70,0.00,0.00,0.30,0.00,0.00,0.00,9.00,0.00,0.00,0.00,0.00,5.00,0.00,0.00,0.00,0.00,0.00,0.00,0.00,0.00,0.00,0.00,0.70,0.00,0.00,0.00,0.00,0.00,0.00,0.00,0.00,0.00,0.00,0.00,0.00,0.00,0.00,0.30,0.00,6.70,0.00,6.70,0.00,0.00,4.30,0.00,0.30,0.00,31.40,94.03,0.00,5.97,15.10,0.93,8.460,,,,,
14,E10-03,3651.48,Upper Carboniferous,46.30,8.30,0.00,0.00,0.00,0.00,0.00,0.00,0.30,0.00,0.00,0.00,0.00,2.00,1.00,0.00,0.00,0.00,0.00,0.00,0.00,0.00,0.00,0.30,0.00,0.00,0.00,0.00,0.00,0.00,0.00,0.00,0.00,0.00,0.00,0.00,0.00,0.00,0.00,0.00,0.00,0.00,0.00,0.00,0.00,0.00,0.00,0.00,0.00,0.00,0.00,0.00,0.00,0.00,7.70,0.00,0.00,0.10,0.00,4.30,0.00,0.30,0.00,0.00,0.30,0.00,0.30,0.00,9.30,0.00,0.00,0.00,0.00,1.70,0.00,0.00,0.00,0.00,0.00,0.00,0.00,0.00,0.00,0.00,1.70,0.00,0.00,0.00,0.00,0.00,0.00,0.00,0.00,0.00,0.00,0.00,0.00,0.00,0.00,0.30,0.00,4.70,0.00,3.00,0.00,0.00,6.70,0.30,1.00,0.00,27.70,94.30,0.00,5.70,14.00,0.78,5.980,,,,,
15,E10-03,3654.50,Upper Carboniferous,42.70,7.70,0.00,0.00,0.00,0.00,0.00,0.00,0.00,0.00,0.00,0.00,0.00,0.70,2.30,0.00,0.00,0.00,0.00,0.00,0.00,0.00,0.00,2.00,0.00,0.00,0.00,0.00,0.00,0.00,0.00,0.00,0.00,0.00,0.00,0.00,0.00,0.00,0.00,0.00,0.00,0.00,0.00,0.00,0.00,0.00,0.00,0.00,0.00,0.00,0.00,0.00,0.00,0.00,13.00,0.00,0.00,0.10,0.00,1.30,0.00,1.30,0.00,0.00,0.00,0.00,0.00,0.00,4.00,0.00,0.00,0.00,0.00,7.30,0.00,0.00,0.00,0.00,0.00,0.00,0.00,0.00,0.00,0.00,1.70,0.00,0.00,0.00,0.00,0.00,0.00,0.00,0.00,0.00,0.00,0.00,0.00,0.00,0.00,0.00,0.00,8.00,0.00,2.30,0.00,0.00,3.00,0.30,2.30,0.00,21.00,94.38,0.00,5.62,11.80,-0.80,0.160,,,,,
16,E10-03,3678.73,Upper Carboniferous,27.00,30.70,0.00,0.00,0.00,1.30,0.00,0.00,0.30,0.00,0.00,0.00,0.00,0.30,3.70,0.00,0.00,0.00,0.00,0.00,0.00,0.00,0.00,0.00,0.00,0.00,0.00,0.00,0.00,0.00,0.00,0.00,0.00,0.00,0.00,0.00,0.00,0.00,0.00,0.00,0.00,0.00,0.00,0.00,0.00,0.00,0.00,0.00,0.00,0.00,0.00,0.00,0.00,0.00,4.00,0.00,0.00,0.00,0.00,0.30,0.30,0.00,0.00,0.00,0.00,0.00,0.30,0.00,4.70,0.00,0.00,0.00,0.00,3.00,0.00,0.00,0.00,0.00,0.00,0.00,0.00,0.00,0.00,0.00,4.00,0.00,0.00,0.00,0.00,0.00,0.00,0.00,0.00,0.00,0.00,0.00,0.00,0.00,0.00,0.00,0.00,9.30,0.00,2.30,0.00,0.00,5.70,0.30,2.30,0.00,20.60,91.15,2.05,6.79,18.50,2.30,200.000,,,,,
17,E10-03,3682.02,Upper Carboniferous,41.00,10.70,0.00,0.00,0.00,0.30,0.00,0.00,0.70,0.00,0.00,0.00,0.00,1.00,1.70,0.00,0.00,0.00,0.00,0.00,0.00,0.00,0.00,1.30,0.00,0.00,0.00,0.10,0.00,0.00,0.00,0.00,0.00,0.00,0.00,0.00,0.00,0.00,0.00,0.00,0.00,0.00,0.00,0.00,0.00,0.00,0.00,0.00,0.00,0.00,0.00,0.00,0.00,0.00,5.00,0.00,0.00,2.70,0.00,6.00,0.00,1.30,0.00,0.00,0.00,0.00,0.00,0.00,8.70,0.00,0.00,0.00,0.00,4.00,0.00,0.00,0.00,0.00,0.00,0.00,0.00,0.00,0.00,0.00,2.70,0.00,0.00,0.00,0.00,0.00,0.00,0.00,0.00,0.00,0.00,0.00,0.00,0.00,0.00,0.30,0.00,6.00,0.00,2.70,0.00,0.00,1.70,0.00,2.30,0.00,29.80,93.32,0.54,6.14,9.90,-0.22,0.600,,,,,
18,E10-03,3687.25,Upper Carboniferous,43.30,19.30,0.00,0.00,0.00,1.30,0.00,0.00,0.30,0.00,0.00,0.00,0.00,1.30,3.70,0.00,0.00,0.00,0.00,0.00,0.00,0.00,0.00,0.00,0.00,0.00,0.00,0.10,0.00,0.00,0.00,0.00,0.00,0.00,0.00,0.00,0.00,0.00,0.00,0.00,0.00,0.00,0.00,0.00,0.00,0.00,0.00,0.00,0.00,0.00,0.00,0.00,0.00,0.00,3.30,0.00,0.00,0.00,0.00,0.00,0.30,0.00,0.00,0.00,0.00,0.00,0.00,0.00,5.30,0.00,0.00,0.00,0.00,2.70,0.00,0.00,0.00,0.00,0.00,0.00,0.00,0.00,0.00,0.00,3.00,0.00,0.00,0.00,0.00,0.00,0.00,0.00,0.00,0.00,0.00,0.00,0.00,0.00,0.00,0.00,0.00,6.00,0.00,5.00,0.00,0.00,3.70,0.00,1.30,0.00,20.00,90.46,1.88,7.66,19.40,2.31,205.000,,,,,
19,E10-03,3689.00,Upper Carboniferous,44.70,9.30,0.00,0.00,0.00,1.30,0.00,0.00,0.00,0.00,0.00,0.00,0.00,1.70,4.30,0.00,0.00,0.00,0.00,0.00,0.00,0.00,0.00,1.70,0.00,0.00,0.00,0.30,0.00,0.00,0.00,0.00,0.00,0.00,0.00,0.00,0.00,0.00,0.00,0.00,0.00,0.00,0.00,0.00,0.00,0.00,0.00,0.00,0.00,0.00,0.00,0.00,0.00,0.00,5.00,0.00,0.00,0.00,0.00,0.00,0.30,0.00,0.00,0.00,0.00,0.00,0.00,0.00,7.00,0.00,0.00,0.00,0.00,2.30,0.00,0.00,0.00,0.00,0.00,0.00,0.00,0.00,0.00,0.00,3.00,0.00,0.00,0.00,0.00,0.00,0.00,0.00,0.00,0.00,0.00,0.00,0.00,0.00,0.00,0.00,0.00,10.70,0.00,2.70,0.00,0.00,3.70,0.30,1.70,0.00,19.00,88.09,2.12,9.79,12.10,0.19,1.540,,,,,
20,E10-03,3693.50,Upper Carboniferous,40.00,4.00,0.00,0.00,0.00,1.70,0.00,0.00,0.00,0.00,0.00,0.00,0.00,1.00,1.70,0.00,0.00,0.00,0.00,0.00,0.00,0.00,0.00,4.00,0.00,0.00,0.00,0.30,0.00,0.00,0.00,0.00,0.00,0.00,0.00,0.00,0.00,0.00,0.00,0.00,0.00,0.00,0.00,0.00,0.00,0.00,0.00,0.00,0.00,0.00,0.00,0.00,0.00,0.00,18.30,0.00,0.00,0.00,0.00,0.00,0.00,0.00,0.00,0.00,0.00,0.00,0.00,0.00,1.00,0.00,0.00,0.00,0.00,17.30,0.00,0.00,0.00,0.00,0.00,0.00,0.00,0.00,0.00,0.00,1.30,0.00,0.00,0.00,0.00,0.00,0.00,0.00,0.00,0.00,0.00,0.00,0.00,0.00,0.00,0.00,0.00,9.30,0.00,0.00,0.00,0.00,0.00,0.00,0.00,0.00,19.60,90.91,3.51,5.58,3.90,-2.00,0.010,,,,,
21,E16-04,3841.50,Rotliegend,30.00,8.70,0.00,0.00,0.00,0.00,2.70,21.00,3.70,0.00,0.00,1.30,0.00,0.00,0.00,0.00,0.00,0.00,0.00,0.30,3.70,0.00,0.00,4.00,0.00,0.00,0.00,0.00,0.00,0.00,0.00,0.00,0.00,0.00,0.00,0.00,0.00,0.00,0.00,0.00,0.00,0.00,0.00,0.00,0.00,0.00,0.00,0.00,0.00,0.00,0.00,0.00,0.00,0.00,0.70,0.00,0.00,0.00,0.00,0.00,0.00,1.00,0.00,0.00,0.30,0.00,0.00,0.70,5.00,0.00,0.30,0.00,14.70,0.00,0.00,0.00,0.00,0.00,0.00,0.00,0.00,0.00,0.00,0.00,1.00,0.00,0.00,0.00,0.00,0.00,0.00,0.00,0.00,0.00,0.00,0.00,0.00,0.00,0.00,0.00,0.00,0.30,0.00,0.30,0.00,0.00,0.00,0.00,0.30,0.00,23.30,54.20,3.78,42.02,6.96,-1.30,0.050,,,,,
22,E16-04,3842.50,Rotliegend,40.70,12.30,0.00,0.00,0.00,0.00,3.30,13.00,1.30,0.00,0.00,3.30,0.00,0.00,0.00,0.00,0.00,0.00,0.00,0.00,3.30,0.00,0.00,1.30,0.00,0.00,0.00,0.00,0.00,0.00,0.00,0.00,0.00,0.00,0.00,0.00,0.00,0.00,0.00,0.00,0.00,0.00,0.00,0.00,0.00,0.00,0.00,0.00,0.00,0.00,0.00,0.00,0.00,0.00,0.00,0.00,0.00,0.00,0.00,0.00,0.00,0.00,0.00,0.00,0.30,0.00,0.30,0.00,8.00,0.00,0.30,0.00,0.70,0.00,0.00,0.00,0.00,0.00,0.00,0.00,0.00,0.30,0.00,0.00,0.30,0.00,0.00,0.00,0.00,0.00,0.00,0.00,0.00,0.00,0.00,0.00,0.00,0.00,0.00,0.00,0.00,0.00,0.00,11.00,0.00,0.00,0.00,0.00,0.00,0.00,20.90,68.65,4.27,27.07,16.80,2.70,506.000,,,,,
23,E16-04,3938.00,Upper Carboniferous,34.30,0.00,0.00,0.00,0.00,0.00,2.30,9.00,6.00,0.00,0.00,1.70,0.00,0.00,0.00,0.00,0.00,0.00,0.00,0.00,2.30,0.00,0.00,1.30,0.00,0.00,0.00,0.00,0.00,0.00,0.00,0.00,0.00,0.00,0.00,0.00,0.00,0.00,0.00,0.00,0.00,0.00,0.00,0.00,0.00,0.00,0.00,0.00,0.00,0.00,0.00,0.00,0.00,0.00,0.00,0.00,0.00,3.70,0.00,4.70,0.00,0.30,0.00,0.00,0.00,0.00,0.00,0.00,2.00,0.00,0.00,0.00,16.00,0.00,0.00,0.00,0.00,0.00,0.00,0.00,0.00,0.00,0.00,0.00,1.00,0.00,0.00,0.00,0.00,0.00,0.00,0.00,0.00,0.00,0.00,0.00,0.00,0.00,0.00,0.00,0.00,2.70,0.00,0.00,0.00,0.00,0.00,0.00,0.00,0.00,27.70,61.69,4.14,34.17,4.80,-1.70,0.020,,,,,
24,E16-04,3964.00,Upper Carboniferous,50.70,22.00,0.00,0.00,0.00,0.00,0.00,0.70,0.00,0.00,0.00,0.70,0.00,0.00,0.00,0.00,0.00,0.00,0.00,0.00,2.30,0.00,0.00,0.00,0.00,0.00,0.00,0.00,0.00,0.00,0.00,0.00,0.00,0.00,0.00,0.00,0.00,0.00,0.00,0.00,0.00,0.00,0.00,0.00,0.00,0.00,0.00,0.00,0.00,0.00,0.00,0.00,0.00,0.00,0.00,0.00,0.00,0.30,1.70,1.70,0.00,0.00,0.00,0.00,0.00,0.00,0.00,0.00,5.00,0.00,0.00,0.00,1.00,0.00,0.00,0.00,0.00,0.00,0.00,0.00,0.00,0.00,0.00,0.00,2.30,0.00,0.00,0.00,0.00,0.00,0.00,0.00,0.00,0.00,0.00,0.00,0.00,0.00,0.00,0.30,0.00,1.30,0.00,7.30,0.30,0.00,0.00,1.00,1.30,0.00,19.60,95.16,0.00,4.84,12.70,2.04,110.000,,,,,
25,E16-04,3993.00,Upper Carboniferous,48.00,18.30,0.00,0.00,0.00,0.00,0.30,2.30,0.30,0.00,0.00,2.30,0.00,0.00,0.00,0.00,0.00,0.00,0.00,0.00,2.70,0.00,0.00,1.30,0.00,0.00,0.00,0.00,0.00,0.00,0.00,0.00,0.00,0.00,0.00,0.00,0.00,0.00,0.00,0.00,0.00,0.00,0.00,0.00,0.00,0.00,0.00,0.00,0.00,0.00,0.00,0.00,0.00,0.00,0.00,0.00,0.00,0.00,0.00,0.00,0.00,0.00,0.00,0.00,0.00,0.00,0.30,0.00,6.30,0.00,0.00,0.00,0.30,5.00,0.00,0.00,0.00,0.00,0.00,0.00,0.00,0.00,0.00,0.00,3.00,0.00,0.00,0.00,0.00,0.00,0.00,0.00,0.00,0.00,0.00,0.00,0.00,0.00,0.00,0.70,0.00,1.00,0.00,6.00,0.00,0.00,0.00,0.70,1.00,0.00,20.90,89.35,0.40,10.24,14.60,1.37,23.200,,,,,
26,E16-04,4028.00,Upper Carboniferous,54.00,16.00,0.00,0.00,0.00,0.00,0.00,1.30,2.30,0.00,0.00,0.30,0.00,0.00,0.00,0.00,0.00,0.00,0.00,0.00,1.00,0.00,0.00,0.30,0.00,0.00,0.00,0.00,0.00,0.00,0.00,0.00,0.00,0.00,0.00,0.00,0.00,0.00,0.00,0.00,0.00,0.00,0.00,0.00,0.00,0.00,0.00,0.00,0.00,0.00,0.00,0.00,0.00,0.00,0.00,0.00,0.00,1.70,0.00,0.70,0.00,0.00,0.00,0.00,0.00,0.00,1.30,0.00,0.70,0.00,0.00,0.00,0.30,1.30,0.00,0.00,0.00,0.00,0.00,0.00,0.30,0.00,0.00,0.00,3.70,0.00,0.00,4.00,0.00,0.00,0.00,0.00,0.00,0.00,0.00,0.00,0.00,0.00,0.00,0.30,0.00,1.70,0.00,6.00,0.00,0.00,0.00,0.70,2.00,0.00,16.00,93.46,0.00,6.54,12.60,0.98,9.610,,,,,
27,E16-04,4036.00,Upper Carboniferous,61.70,10.70,0.00,0.00,0.00,0.00,0.30,0.00,0.00,0.00,0.00,0.00,0.00,0.00,0.00,0.00,0.00,0.00,0.00,0.00,0.00,0.00,0.00,0.00,0.00,0.00,0.00,0.00,0.00,0.00,0.00,0.00,0.00,0.00,0.00,0.00,0.00,0.00,0.00,0.00,0.00,0.00,0.00,0.00,0.00,0.00,0.00,0.00,0.00,0.00,0.00,0.00,0.00,0.00,0.00,0.00,0.00,2.70,6.70,2.00,0.00,0.00,0.00,0.00,0.00,0.00,0.00,0.00,4.70,0.00,0.00,0.00,0.30,0.70,0.00,0.00,0.00,0.00,0.00,0.00,0.00,0.00,0.00,0.00,0.00,0.00,0.00,0.00,0.00,0.00,0.00,0.00,0.00,0.00,0.00,0.00,0.00,0.00,0.00,0.00,0.00,0.00,0.00,9.30,0.70,0.00,0.00,0.00,0.30,0.00,27.10,99.59,0.41,0.00,9.33,2.41,259.000,,,,,
28,E16-04,4063.00,Upper Carboniferous,45.70,11.00,0.00,0.00,0.00,0.00,0.00,4.00,0.00,0.00,0.00,1.00,0.00,0.00,0.00,0.00,0.00,0.00,0.00,0.30,5.00,0.00,0.00,1.00,0.00,0.00,0.00,0.30,0.00,0.00,0.00,0.00,0.00,0.00,0.00,0.00,0.00,0.00,0.00,0.00,0.00,0.00,0.00,0.00,0.00,0.00,0.00,0.00,0.00,0.00,0.00,0.00,0.00,0.00,0.00,0.00,0.00,0.00,1.70,0.00,0.00,0.00,0.00,0.00,0.00,0.00,0.00,0.00,8.00,0.00,0.00,0.00,0.00,3.70,0.00,0.00,0.00,0.00,0.00,0.00,0.30,0.00,0.00,0.00,3.00,0.00,0.00,0.00,0.00,0.00,0.00,0.00,0.00,0.00,0.00,0.00,0.00,0.00,0.00,1.00,0.70,0.70,0.00,8.30,1.00,0.00,0.00,1.30,2.00,0.00,26.00,84.63,0.00,15.37,13.90,1.00,10.100,,,,,
29,E16-04,4079.00,Upper Carboniferous,45.70,28.70,0.00,0.00,0.00,0.00,0.30,1.70,0.00,0.00,0.00,0.00,0.00,0.00,0.00,0.00,0.00,0.00,0.00,0.00,2.00,0.00,0.00,0.00,0.00,0.00,0.00,0.00,0.00,0.00,0.00,0.00,0.00,0.00,0.00,0.00,0.00,0.00,0.00,0.00,0.00,0.00,0.00,0.00,0.00,0.00,0.00,0.00,0.00,1.00,0.00,0.00,0.00,0.00,0.00,0.00,0.00,0.00,5.00,1.30,0.00,0.00,0.00,0.00,0.00,0.00,0.00,0.00,1.00,0.00,0.00,0.00,0.00,0.00,0.00,0.00,0.00,0.00,0.00,0.00,0.00,0.00,0.00,0.00,1.30,0.00,0.00,0.00,0.00,0.00,0.00,0.00,0.00,0.00,0.00,0.00,0.00,0.00,0.00,0.30,0.00,0.00,0.00,9.30,0.00,0.00,0.00,1.00,1.30,0.00,17.90,94.90,0.38,4.72,11.80,2.42,264.000,,,,,
30,E16-04,4084.00,Upper Carboniferous,70.00,14.70,0.00,0.00,0.00,0.00,0.30,0.00,0.30,0.00,0.00,0.00,0.00,0.00,0.00,0.00,0.00,0.00,0.00,0.00,0.30,0.00,0.00,0.00,0.00,0.00,0.00,0.00,0.00,0.00,0.00,0.00,0.00,0.00,0.00,0.00,0.00,0.00,0.00,0.00,0.00,0.00,0.00,0.00,0.00,0.00,0.00,0.00,0.00,0.00,0.00,0.00,0.00,0.00,0.00,0.00,0.00,0.00,0.00,0.30,0.00,0.00,0.00,0.00,0.00,0.00,0.00,0.00,1.00,0.00,0.00,0.00,0.00,0.30,0.00,0.00,0.00,0.00,0.00,0.00,0.00,0.70,0.00,0.00,2.00,0.00,0.00,0.00,0.00,0.00,0.00,0.00,0.00,0.00,0.00,0.00,0.00,0.00,0.00,0.00,0.00,1.00,0.00,6.70,0.70,0.00,0.00,1.30,0.30,0.00,11.00,98.95,0.35,0.70,11.00,1.56,36.600,,,,,
31,E16-04,4088.00,Upper Carboniferous,55.00,11.30,0.00,0.00,0.00,0.00,0.30,3.00,0.00,0.00,0.00,1.00,0.00,0.00,0.00,0.00,0.00,0.00,0.00,0.00,2.00,0.00,0.00,0.30,0.00,0.00,0.00,0.00,0.00,0.00,0.00,0.00,0.00,0.00,0.00,0.00,0.00,0.00,0.00,0.00,0.00,0.00,0.00,0.00,0.00,0.00,0.00,0.00,0.00,0.00,0.00,0.00,0.00,0.00,0.00,0.00,0.00,2.30,4.30,2.00,0.00,0.00,0.00,0.00,0.00,0.00,0.00,0.00,2.70,0.00,0.00,0.00,0.00,3.00,0.00,0.00,0.00,0.00,0.00,0.00,0.70,0.00,0.00,0.00,1.30,0.00,0.00,0.00,0.00,0.00,0.00,0.00,0.00,0.00,0.00,0.00,0.00,0.00,0.00,1.70,0.30,3.00,0.00,1.70,0.00,0.00,0.00,2.00,2.00,0.00,18.00,91.32,0.41,8.26,10.30,0.05,1.120,,,,,
32,E16-04,4134.00,Upper Carboniferous,58.70,12.70,0.00,0.00,0.00,0.00,0.30,0.00,0.00,0.00,0.00,0.00,0.00,0.00,0.00,0.00,0.00,0.00,0.00,0.00,1.00,0.00,0.00,0.00,0.00,0.00,0.00,0.00,0.00,0.00,0.00,0.00,0.00,0.00,0.00,0.00,0.00,0.00,0.00,0.00,0.00,0.00,0.00,0.00,0.00,0.00,0.00,0.00,0.00,0.00,0.00,0.00,0.00,0.00,0.00,0.00,0.00,2.00,2.00,0.30,0.00,0.00,0.00,0.00,0.00,0.00,0.30,0.00,12.00,0.00,0.00,0.00,0.00,1.30,0.00,0.00,0.00,0.00,0.00,0.00,0.00,0.00,0.00,0.00,0.70,0.00,0.00,0.00,0.00,0.00,0.00,0.00,0.00,0.00,0.00,0.00,0.00,0.00,0.00,1.30,0.00,0.30,0.00,5.00,0.00,0.00,0.00,0.70,1.30,0.00,23.60,98.21,0.41,1.38,10.90,1.54,34.700,,,,,
33,E16-04,4148.50,Upper Carboniferous,57.00,0.70,0.00,0.00,0.00,0.00,1.00,0.00,0.00,0.00,0.00,0.00,0.00,0.00,0.00,0.00,0.00,0.00,0.00,0.00,1.70,0.00,0.00,0.30,0.00,0.00,0.00,0.70,0.00,0.00,0.00,0.00,0.00,0.00,0.00,0.00,0.00,0.00,0.00,0.00,0.00,0.00,0.00,0.00,0.00,0.00,12.00,0.00,0.00,0.00,0.00,0.00,0.00,0.00,0.00,0.00,0.00,0.00,0.00,0.00,0.00,0.00,0.00,0.00,0.00,0.00,0.00,0.00,0.70,0.00,0.00,0.00,0.00,26.00,0.00,0.00,0.00,0.00,0.00,0.00,0.00,0.00,0.00,0.00,0.00,0.00,0.00,0.00,0.00,0.00,0.00,0.00,0.00,0.00,0.00,0.00,0.00,0.00,0.00,0.00,0.00,0.00,0.00,0.00,0.00,0.00,0.00,0.00,0.00,0.00,26.70,95.53,1.66,2.81,4.43,,,,,,,
34,E16-04,4166.50,Upper Carboniferous,50.30,17.30,0.00,0.00,0.00,0.00,0.30,2.70,0.30,0.00,0.00,1.70,0.00,0.00,0.00,0.00,0.00,0.00,0.00,0.00,1.70,0.00,0.00,0.70,0.00,0.00,0.00,0.00,0.00,0.00,0.00,0.00,0.00,0.00,0.00,0.00,0.00,0.00,0.00,0.00,0.00,0.00,0.00,0.00,0.00,0.00,0.00,0.00,0.00,0.00,0.00,0.00,0.00,0.00,0.00,0.00,0.00,2.30,2.00,0.70,0.00,1.00,0.00,0.00,0.00,0.00,0.00,0.00,6.00,0.00,0.00,0.00,0.00,1.30,0.00,0.00,0.00,0.00,0.00,0.00,0.00,0.00,0.00,0.00,1.70,0.00,0.00,0.00,0.00,0.00,0.00,0.00,0.00,0.00,0.00,0.00,0.00,0.00,0.00,2.00,0.00,1.30,0.00,4.70,0.00,0.00,0.00,1.00,1.00,0.00,19.70,90.98,0.40,8.61,9.49,0.28,1.910,,,,,
35,E17-A-03,3844.00,Rotliegend,43.30,27.30,0.00,0.00,0.00,0.00,0.00,0.70,0.00,0.00,0.00,1.30,0.00,0.00,0.00,0.00,0.00,0.00,0.00,0.00,1.70,0.00,0.00,0.00,0.00,0.00,0.00,0.00,0.00,0.00,0.00,0.00,0.00,0.00,0.00,0.00,0.00,0.00,0.00,0.00,0.00,0.00,0.00,0.00,0.00,0.00,0.00,0.00,0.00,0.00,0.00,0.00,0.00,0.00,0.00,0.00,0.00,0.00,0.00,1.70,0.00,0.70,0.00,0.00,0.00,0.00,0.00,0.00,3.70,0.00,0.00,0.00,0.00,0.00,0.00,0.00,0.00,5.30,0.00,0.00,0.00,0.00,0.00,0.00,0.70,0.00,0.00,0.00,0.00,0.00,0.00,0.30,0.00,0.00,0.00,0.00,0.00,0.00,0.00,0.00,0.00,1.30,0.00,8.70,1.70,0.00,0.00,0.70,0.70,0.00,22.50,95.02,0.00,4.98,11.20,0.61,4.100,,,,,
36,E17-A-03,3959.50,Upper Carboniferous,52.30,12.70,0.00,0.00,0.00,0.30,0.00,0.30,0.00,0.00,0.00,1.70,0.00,0.00,0.00,0.00,0.00,0.00,0.00,0.00,1.30,0.00,0.00,0.00,0.00,0.00,0.00,0.00,0.00,0.00,0.00,0.00,0.00,0.00,0.00,0.00,0.00,0.00,0.00,0.00,0.00,0.00,0.00,0.00,0.00,0.00,0.00,0.00,0.00,0.00,0.00,0.00,0.00,0.00,0.70,0.00,0.00,0.00,0.70,2.70,0.00,0.00,0.00,0.00,0.00,0.00,0.00,0.00,6.30,0.00,0.00,0.70,2.70,0.00,0.70,0.00,0.00,0.70,0.00,0.00,0.00,0.00,0.00,0.00,1.30,0.00,0.00,0.00,0.00,0.00,0.00,1.00,0.00,0.00,0.00,0.00,0.00,0.00,0.00,0.00,0.00,0.70,0.00,7.00,3.70,0.00,0.00,0.70,1.70,0.00,26.50,94.75,0.44,4.81,13.80,1.08,11.900,,,,,
37,E17-A-03,3940.00,Upper Carboniferous,45.70,13.00,0.00,0.00,0.00,0.00,0.00,0.70,0.00,0.00,0.00,3.00,0.00,0.00,0.00,0.00,0.00,0.00,0.00,0.00,3.00,0.00,0.00,0.70,0.00,0.00,0.00,0.00,0.00,0.00,0.00,0.00,0.00,0.00,0.00,0.00,0.00,0.00,0.00,0.00,0.00,0.00,0.00,0.00,0.00,0.00,0.00,0.00,0.00,0.00,0.00,0.00,0.00,0.00,0.30,0.00,0.00,0.00,1.00,0.70,0.00,0.30,0.00,0.00,0.00,0.00,0.00,0.00,9.30,0.00,0.00,0.70,0.30,0.70,0.30,0.00,0.00,0.00,0.00,0.00,2.00,0.00,0.00,0.00,1.30,0.00,0.00,0.00,0.00,0.00,0.00,0.30,0.00,0.00,0.00,0.00,0.00,0.00,0.00,1.70,0.00,3.00,0.00,5.70,1.30,0.00,0.00,3.30,1.30,0.00,23.60,89.76,0.00,10.24,13.50,0.92,8.400,,,,,
38,E17-A-03,3912.00,Upper Carboniferous,56.00,8.30,0.00,0.00,0.00,0.00,0.00,1.00,0.00,0.00,0.00,2.00,0.00,0.00,0.00,0.00,0.00,0.00,0.00,0.00,2.00,0.00,0.00,0.30,0.00,0.00,0.00,0.00,0.00,0.00,0.00,0.00,0.00,0.00,0.00,0.00,0.00,0.00,0.00,0.00,0.00,0.00,0.00,0.00,0.00,0.00,0.00,0.00,0.00,0.00,0.00,0.00,0.00,0.00,0.00,0.00,0.00,0.00,0.00,0.00,0.00,0.00,0.00,0.00,0.00,0.00,0.00,0.00,7.00,0.00,0.00,1.30,1.00,0.00,0.70,0.00,0.00,0.30,0.00,0.00,1.00,0.00,0.00,0.00,0.30,0.00,0.00,0.00,0.00,0.00,0.00,0.00,0.00,0.00,0.00,0.00,0.00,0.00,0.00,1.00,0.00,4.70,0.00,8.70,1.70,0.00,0.00,1.70,0.70,0.00,22.00,92.78,0.00,7.22,16.30,1.37,23.500,,,,,
39,E17-A-03,3903.00,Upper Carboniferous,53.70,14.30,0.00,0.00,0.00,0.30,0.00,0.00,0.00,0.00,0.00,0.70,0.00,0.00,0.00,0.00,0.00,0.00,0.00,0.00,0.30,0.00,0.00,0.00,0.00,0.00,0.00,0.00,0.00,0.00,0.00,0.00,0.00,0.00,0.00,0.00,0.00,0.00,0.00,0.00,0.00,0.00,0.00,0.00,0.00,0.00,0.00,0.00,0.00,2.00,0.00,0.00,0.00,0.00,0.00,0.00,0.00,0.00,0.00,0.30,0.00,1.30,0.00,0.00,0.00,0.00,0.00,0.00,6.30,0.00,0.00,0.00,3.70,0.00,0.00,0.00,0.00,0.30,0.00,0.00,0.30,0.00,0.00,0.00,0.30,0.00,0.00,0.00,0.00,0.00,0.00,0.00,0.00,0.70,0.00,0.00,0.00,0.00,0.00,0.70,0.00,0.30,0.00,12.00,0.70,0.00,0.00,1.70,0.00,0.00,25.20,98.12,0.43,1.44,15.20,2.61,410.000,,,,,
40,E17-A-03,3893.00,Upper Carboniferous,52.30,15.70,0.00,0.00,0.00,0.00,0.00,1.00,0.00,0.00,0.00,1.70,0.00,0.00,0.00,0.00,0.00,0.00,0.00,0.00,0.70,0.00,0.00,0.00,0.00,0.00,0.00,0.00,0.00,0.00,0.00,0.00,0.00,0.00,0.00,0.00,0.00,0.00,0.00,0.00,0.00,0.00,0.00,0.00,0.00,0.00,0.00,0.00,0.00,0.00,0.00,0.00,0.00,0.00,0.70,0.00,0.00,0.00,0.00,1.30,0.00,0.00,0.00,0.00,0.00,0.00,0.00,0.00,7.00,0.00,0.00,0.00,0.00,0.00,0.70,0.00,0.00,0.30,0.00,0.00,0.00,0.00,0.00,0.00,1.70,0.00,0.00,0.00,0.00,0.00,0.00,0.30,0.00,0.00,0.00,0.00,0.00,0.00,0.00,0.30,0.00,1.30,0.00,10.70,2.70,0.00,0.00,1.00,0.70,0.00,24.40,95.24,0.00,4.76,17.10,2.59,387.000,,,,,
41,E17-A-03,3873.00,Upper Carboniferous,67.00,10.30,0.00,0.00,0.00,0.30,0.00,0.00,0.00,0.00,0.00,1.30,0.00,0.00,0.00,0.00,0.00,0.00,0.00,0.00,0.30,0.00,0.00,0.00,0.00,0.00,0.00,0.00,0.00,0.00,0.00,0.00,0.00,0.00,0.00,0.00,0.00,0.00,0.00,0.00,0.00,0.00,0.00,0.00,0.00,0.00,4.70,0.00,0.00,0.00,0.00,0.00,0.00,0.00,0.30,0.00,0.00,0.00,0.00,0.70,0.00,1.00,0.00,0.00,0.00,0.00,0.00,0.00,6.30,0.00,0.00,0.00,0.00,0.00,0.00,0.00,0.00,0.00,0.00,0.00,0.00,0.00,0.00,0.00,0.00,0.00,0.00,0.00,0.00,0.00,0.00,0.00,0.00,1.00,0.00,0.00,0.00,0.00,0.00,0.00,0.00,0.00,0.00,6.30,0.30,0.00,0.00,0.00,0.00,0.00,14.60,97.60,0.38,2.02,11.20,0.96,9.100,,,,,
42,E17-A-03,3985.00,Upper Carboniferous,59.70,7.00,0.00,0.00,0.00,0.00,0.00,0.00,0.00,0.00,0.00,1.00,0.00,0.00,0.00,0.00,0.00,0.00,0.00,0.00,1.30,0.00,0.00,0.30,0.00,0.00,0.00,0.00,0.00,0.00,0.00,0.00,0.00,0.00,0.00,0.00,0.00,0.00,0.00,0.00,0.00,0.00,0.00,0.00,0.00,0.00,0.00,0.00,0.00,0.00,0.00,0.00,0.00,0.00,0.00,0.00,0.00,0.00,0.00,1.70,0.00,3.00,0.00,0.00,0.00,0.00,0.00,0.00,8.30,0.00,0.00,1.70,0.30,0.00,0.30,0.00,0.00,0.00,0.00,0.00,0.30,0.00,0.00,0.00,0.30,0.00,0.00,0.00,0.00,0.00,0.00,0.00,0.00,1.00,0.00,0.00,0.00,0.00,0.00,1.00,0.00,2.30,0.00,8.70,1.30,0.00,0.00,0.30,0.00,0.00,25.90,96.67,0.00,3.33,11.90,1.52,33.400,,,,,
43,E17-A-03,3967.00,Upper Carboniferous,62.00,12.30,0.00,0.00,0.00,0.00,0.00,0.30,0.00,0.00,0.00,1.30,0.00,0.00,0.00,0.00,0.00,0.00,0.00,0.00,0.70,0.00,0.00,0.00,0.00,0.00,0.00,0.00,0.00,0.00,0.00,0.00,0.00,0.00,0.00,0.00,0.00,0.00,0.00,0.00,0.00,0.00,0.00,0.00,0.00,0.00,0.00,0.00,0.00,0.30,0.00,0.00,0.00,0.00,0.00,0.00,0.00,0.00,1.00,1.70,0.00,1.30,0.00,0.00,0.00,0.00,0.00,0.00,2.00,0.00,0.00,0.00,0.00,0.00,0.00,0.00,0.00,0.00,0.00,0.00,2.00,1.30,0.00,0.00,2.00,0.00,0.00,0.00,0.00,0.00,0.00,0.30,0.00,0.30,0.00,0.00,0.00,0.00,0.00,0.30,0.00,3.30,0.00,5.70,0.30,0.00,0.00,0.70,0.70,0.00,16.00,97.00,0.00,3.00,12.40,1.93,85.300,,,,,
44,E18-04,4201.43,Rotliegend,35.30,33.00,0.00,0.00,0.00,0.00,0.00,0.00,0.30,0.00,0.00,0.00,0.00,1.00,2.30,0.00,0.00,0.00,0.00,0.00,0.00,0.00,0.00,0.10,0.00,0.00,0.00,2.00,0.00,0.00,3.70,0.00,0.00,0.00,0.00,0.00,0.00,0.00,0.00,0.00,0.00,0.00,0.00,0.00,2.00,0.00,0.00,0.00,0.00,0.00,0.00,0.00,0.00,0.00,1.70,0.00,0.00,2.30,0.00,6.70,0.00,0.00,0.00,0.00,0.00,0.00,0.00,0.00,2.00,0.00,0.00,0.00,0.10,0.00,0.00,0.00,0.00,0.00,0.00,0.00,0.00,0.00,0.00,0.00,7.00,0.00,0.00,0.00,0.00,0.00,0.00,0.00,0.00,0.00,0.00,0.00,0.00,0.00,0.00,0.00,0.00,0.00,0.00,0.30,0.00,0.00,0.10,0.00,0.30,0.00,18.50,90.34,0.00,9.66,11.50,-1.00,0.100,,,,,
45,E18-04,4203.00,Rotliegend,35.70,24.70,0.00,0.00,0.00,0.00,0.00,0.00,0.00,0.00,0.00,0.00,0.00,0.70,6.30,0.00,0.00,0.00,0.00,0.00,0.00,0.00,0.00,0.00,0.00,0.00,0.00,0.10,0.00,0.00,8.00,0.00,0.00,0.00,0.00,0.00,0.00,0.00,0.00,0.00,0.00,0.00,0.00,0.00,1.00,0.00,0.00,0.00,0.00,0.00,0.00,0.00,0.00,0.00,8.70,0.00,0.00,1.30,0.00,8.70,0.00,0.00,0.00,0.00,0.00,0.00,0.70,0.00,1.30,0.00,0.00,0.00,0.10,0.00,0.00,0.00,0.00,0.00,0.00,0.00,0.00,0.00,0.00,0.00,0.70,0.00,0.00,0.00,0.00,0.00,0.00,0.00,0.00,0.00,0.00,0.00,0.00,0.00,0.00,0.30,0.00,0.00,0.00,0.30,0.00,0.00,0.00,0.00,1.70,0.00,13.10,80.11,0.00,19.89,11.60,-1.15,0.070,,,,,
46,E18-04,4203.50,Rotliegend,42.00,20.30,0.00,0.00,0.00,0.00,0.00,0.00,0.00,0.00,0.00,0.00,0.00,1.70,3.70,0.00,0.00,0.00,0.00,0.00,0.00,0.00,0.00,0.30,0.00,0.00,0.00,0.00,0.00,0.00,2.00,0.00,0.00,0.00,0.00,0.00,0.00,0.00,0.00,0.00,0.00,0.00,0.00,0.00,0.10,0.00,0.00,0.00,0.00,0.00,0.00,0.00,0.00,0.00,0.30,0.00,0.00,1.00,0.00,6.70,0.00,0.00,0.00,0.00,0.00,0.00,0.00,0.00,6.30,0.00,0.00,0.00,0.10,0.00,0.00,0.00,0.00,0.00,0.00,0.00,0.00,0.00,0.00,0.00,6.70,0.00,0.00,0.00,0.00,0.00,0.00,0.00,0.00,0.00,0.00,0.00,0.00,0.00,0.00,0.70,0.00,0.30,0.00,7.00,0.00,0.00,0.30,0.70,0.10,0.00,28.10,89.38,0.00,10.62,15.90,1.18,15.280,,,,,
47,E18-04,4203.75,Rotliegend,32.00,23.30,0.00,0.00,0.00,0.00,0.00,0.00,0.00,0.00,0.00,0.00,0.00,0.30,2.30,0.00,0.00,0.00,0.00,0.00,0.00,0.00,0.00,0.70,0.00,0.00,0.00,0.00,0.00,0.00,0.10,0.00,0.00,0.00,0.00,0.00,0.00,0.00,0.00,0.00,0.00,0.00,0.00,0.00,0.10,0.00,0.00,0.00,0.00,0.00,0.00,0.00,0.00,0.00,0.00,0.00,0.00,0.30,0.00,2.30,0.00,0.00,0.00,0.00,0.00,0.00,0.10,0.00,11.70,0.00,0.00,0.00,0.10,0.00,0.00,0.00,0.00,0.00,0.00,0.00,0.00,0.00,0.00,0.00,11.30,0.00,0.00,0.00,0.00,0.00,0.00,0.00,0.00,0.00,0.00,0.00,0.00,0.00,0.00,0.30,0.00,0.00,0.00,10.70,0.00,0.00,3.30,1.30,0.10,0.00,39.80,95.34,0.00,4.66,20.40,2.48,300.370,,,,,
48,E18-04,4204.02,Rotliegend,41.70,19.70,0.00,0.00,0.00,0.00,0.00,0.00,0.00,0.00,0.00,0.00,0.00,0.30,3.30,0.00,0.00,0.00,0.00,0.00,0.00,0.00,0.00,0.30,0.00,0.00,0.00,0.00,0.00,0.00,0.30,0.00,0.00,0.00,0.00,0.00,0.00,0.00,0.00,0.00,0.00,0.00,0.00,0.00,0.10,0.00,0.00,0.00,0.00,0.00,0.00,0.00,0.00,0.00,0.00,0.00,0.00,0.30,0.00,2.30,0.00,0.00,0.00,0.00,0.00,0.00,0.00,0.00,10.30,0.00,0.00,0.00,0.10,0.00,0.30,0.00,0.00,0.00,0.00,0.00,0.00,0.00,0.00,0.00,9.30,0.00,0.00,0.00,0.00,0.00,0.00,0.00,0.00,0.00,0.00,0.00,0.00,0.00,0.00,1.00,0.00,0.00,0.00,6.30,0.00,0.00,2.00,2.30,0.10,0.00,30.90,94.03,0.00,5.97,20.90,2.24,171.920,,,,,
49,E18-04,4205.25,Rotliegend,35.30,19.30,0.00,0.00,0.00,0.00,0.00,0.00,0.10,0.00,0.00,0.00,0.00,1.30,3.70,0.00,0.00,0.00,0.00,0.00,0.00,0.00,0.00,0.00,0.00,0.00,0.00,0.00,0.00,0.00,4.00,0.00,0.00,0.00,0.00,0.00,0.00,0.00,0.00,0.00,0.00,0.00,0.00,0.00,4.00,0.00,0.00,0.00,0.00,0.00,0.00,0.00,0.00,0.00,18.70,0.00,0.00,3.70,0.00,6.70,0.00,0.00,0.00,0.00,0.00,0.00,0.00,0.00,1.30,0.00,0.00,0.00,0.10,0.00,0.00,0.00,0.00,0.00,0.00,0.00,0.00,0.00,0.00,0.00,2.00,0.00,0.00,0.00,0.00,0.00,0.00,0.00,0.00,0.00,0.00,0.00,0.00,0.00,0.00,0.00,0.00,0.00,0.00,0.00,0.00,0.00,0.00,0.10,0.10,0.00,13.80,85.71,0.00,14.29,8.40,-1.15,0.070,,,,,
50,E18-04,4205.75,Rotliegend,41.00,19.00,0.00,0.00,0.00,0.00,0.00,0.00,0.10,0.00,0.00,0.00,0.00,0.70,5.70,0.00,0.00,0.00,0.00,0.00,0.00,0.00,0.00,0.00,0.00,0.00,0.00,0.00,0.00,0.00,0.10,0.00,0.00,0.00,0.00,0.00,0.00,0.00,0.00,0.00,0.00,0.00,0.00,0.00,2.70,0.00,0.00,0.00,0.00,0.00,0.00,0.00,0.00,0.00,0.30,0.00,0.00,0.70,0.00,6.00,0.00,0.00,0.00,0.00,0.00,0.00,0.10,0.00,4.00,0.00,0.00,0.00,0.10,0.00,0.00,0.00,0.00,0.00,0.00,0.00,0.00,0.00,0.00,0.00,5.70,0.00,0.00,0.00,0.00,0.00,0.00,0.00,0.00,0.00,0.00,0.00,0.00,0.00,0.00,0.30,0.00,0.00,0.00,8.70,0.00,0.00,4.00,1.30,0.10,0.00,29.30,90.09,0.00,9.91,18.90,2.39,243.270,,,,,
51,E18-04,4206.50,Rotliegend,38.70,19.00,0.00,0.00,0.00,0.00,0.00,0.00,0.00,0.00,0.00,0.00,0.00,0.00,3.70,0.00,0.00,0.00,0.00,0.00,0.00,0.00,0.00,0.00,0.00,0.00,0.00,0.00,0.00,0.00,1.30,0.00,0.00,0.00,0.00,0.00,0.00,0.00,0.00,0.00,0.00,0.00,0.00,0.00,0.00,0.00,0.00,0.00,0.00,0.00,0.00,0.00,0.00,0.00,1.70,0.00,0.00,0.70,0.00,6.30,0.00,0.00,0.00,0.00,0.00,0.00,0.10,0.00,7.70,0.00,0.00,0.00,0.10,0.00,0.00,0.00,0.00,0.00,0.00,0.00,0.00,0.00,0.00,0.00,8.30,0.00,0.00,0.00,0.00,0.00,0.00,0.00,0.00,0.00,0.00,0.00,0.00,0.00,0.00,0.30,0.00,0.00,0.00,7.70,0.00,0.00,4.00,0.70,0.10,0.00,34.90,92.03,0.00,7.97,19.30,2.34,221.160,,,,,
52,E18-04,4209.23,Rotliegend,39.00,25.70,0.00,0.00,0.00,0.00,0.00,0.00,0.00,0.00,0.00,0.00,0.00,0.00,3.70,0.00,0.00,0.00,0.00,0.00,0.00,0.00,0.00,0.00,0.00,0.00,0.00,0.00,0.00,0.00,2.00,0.00,0.00,0.00,0.00,0.00,0.00,0.00,0.00,0.00,0.00,1.00,0.00,0.00,1.30,0.00,0.00,0.00,0.00,0.00,0.00,0.00,0.00,0.00,5.00,0.00,0.00,1.00,0.00,10.00,0.00,0.00,0.00,0.00,0.00,0.00,0.00,0.00,2.70,0.00,0.00,0.00,0.10,0.00,0.00,0.00,0.00,0.00,0.00,0.00,0.00,0.00,0.00,0.00,5.70,0.00,0.00,0.00,0.00,0.00,0.00,0.00,0.00,0.00,0.00,0.00,0.00,0.00,0.00,0.00,0.00,0.00,0.00,1.00,0.00,0.00,0.30,0.70,1.00,0.00,20.80,90.62,0.00,9.38,14.70,0.06,1.150,,,,,
53,E18-04,4211.50,Rotliegend,36.70,25.00,0.00,0.00,0.00,0.00,0.00,0.00,0.00,0.00,0.00,0.00,0.00,0.30,3.00,0.00,0.00,0.00,0.00,0.00,0.00,0.00,0.00,0.00,0.00,0.00,0.00,0.00,0.00,0.00,0.10,0.00,0.00,0.00,0.00,0.00,0.00,0.00,0.00,0.00,0.00,0.00,0.00,0.00,1.70,0.00,0.00,0.00,0.00,0.00,0.00,0.00,0.00,0.00,0.30,0.00,0.00,2.00,0.00,21.30,0.00,0.00,0.00,0.00,0.00,0.00,0.00,0.00,2.30,0.00,0.00,0.00,0.10,0.00,0.00,0.00,0.00,0.00,0.00,0.00,0.00,0.00,0.00,0.00,7.00,0.00,0.00,0.00,0.00,0.00,0.00,0.00,0.00,0.00,0.00,0.00,0.00,0.00,0.00,0.00,0.00,0.30,0.00,0.00,0.00,0.00,0.00,0.00,0.00,0.00,32.70,94.78,0.00,5.22,2.70,-2.00,0.010,,,,,
54,E18-04,4211.90,Rotliegend,29.30,19.30,0.00,0.00,0.00,0.00,0.00,0.00,0.00,0.00,0.00,0.00,0.00,0.70,4.70,0.00,0.00,0.00,0.00,0.00,0.00,0.00,0.00,0.00,0.00,0.00,0.00,0.10,0.00,0.00,1.80,0.00,0.00,0.00,0.00,0.00,0.00,0.00,0.00,0.00,0.00,0.70,0.00,0.00,4.00,0.00,0.00,0.00,0.00,0.00,0.00,0.00,0.00,0.00,1.70,0.00,0.00,2.70,0.00,21.00,0.00,0.00,0.00,0.00,0.00,0.00,0.00,0.00,3.00,0.00,0.00,0.00,0.10,0.00,0.00,0.00,0.00,0.00,0.00,0.00,0.00,0.00,0.00,0.00,6.30,0.00,0.00,0.00,0.00,0.00,0.00,0.00,0.00,0.00,0.00,0.00,0.00,0.00,0.00,0.00,0.00,0.30,0.00,4.00,0.00,0.00,0.30,0.30,0.10,0.00,37.40,86.02,0.00,13.98,10.40,0.48,3.050,,,,,
55,E18-04,4212.50,Rotliegend,36.70,27.30,0.00,0.00,0.00,0.00,0.00,0.00,0.00,0.00,0.70,0.00,0.00,0.00,2.00,0.00,0.00,0.00,0.00,0.00,0.00,0.00,0.00,0.00,0.00,0.00,0.00,0.00,0.00,0.00,0.30,0.00,0.00,0.00,0.00,0.00,0.00,0.00,0.00,0.00,0.00,0.00,0.00,0.00,0.00,0.00,0.00,0.00,0.00,0.00,0.00,0.00,0.00,0.00,0.00,0.00,0.00,0.30,0.00,17.00,0.00,0.00,0.00,0.00,0.00,0.00,0.30,0.00,6.00,0.00,0.00,0.00,0.10,0.00,0.00,0.00,0.00,1.70,0.00,0.00,0.00,0.00,0.00,0.00,3.30,0.00,0.00,0.00,0.00,0.00,0.00,0.00,0.00,0.00,0.00,0.00,0.00,0.00,0.00,0.00,0.00,0.00,0.00,3.00,0.00,0.00,1.00,0.00,0.30,0.00,32.70,95.52,0.00,4.48,9.20,-0.30,0.500,,,,,
56,E18-04,4216.26,Rotliegend,26.30,27.70,0.00,0.00,0.00,0.00,0.00,0.00,0.00,0.00,0.00,0.00,0.00,1.30,6.30,0.00,0.00,0.00,0.00,0.00,0.00,0.00,0.00,0.70,0.00,0.00,0.00,0.10,0.00,0.00,4.00,0.00,0.00,0.00,0.00,0.00,0.00,0.00,0.00,0.00,0.00,0.30,0.00,0.00,0.70,5.00,0.00,0.00,0.00,0.00,0.00,0.00,0.00,0.00,8.70,0.00,0.00,3.00,0.00,12.30,0.00,0.00,0.00,0.00,0.00,0.00,0.30,0.00,0.30,0.00,0.00,0.00,0.10,0.00,0.00,0.00,0.00,0.00,0.00,0.00,0.00,0.00,0.00,0.00,2.70,0.00,0.00,0.00,0.00,0.00,0.00,0.00,0.00,0.00,0.00,0.00,0.00,0.00,0.00,0.10,0.00,0.30,0.00,0.00,0.00,0.00,0.00,0.00,0.00,0.00,18.70,81.94,0.00,18.06,6.10,-1.30,0.050,,,,,
57,E18-04,4217.00,Rotliegend,18.70,9.70,0.00,0.00,0.00,0.00,0.30,0.00,0.00,0.00,0.00,0.00,0.00,0.00,4.30,0.00,0.00,0.00,0.00,0.00,0.00,0.00,0.00,0.70,0.00,0.00,0.00,0.00,0.00,0.00,2.00,0.00,0.00,0.00,0.00,0.00,0.00,0.00,0.00,0.00,0.00,0.70,0.00,0.00,0.00,30.00,0.00,0.00,0.00,0.00,0.00,0.00,0.00,0.00,30.00,0.00,0.00,1.30,0.00,1.70,0.00,0.00,0.00,0.00,0.00,0.00,0.00,0.00,0.00,0.00,0.00,0.00,0.10,0.00,0.00,0.00,0.00,0.00,0.00,0.00,0.00,0.00,0.00,0.00,0.70,0.00,0.00,0.00,0.00,0.00,0.00,0.00,0.00,0.00,0.00,0.00,0.00,0.00,0.00,0.00,0.00,0.00,0.00,0.00,0.00,0.00,0.00,0.00,0.00,0.00,3.80,79.55,0.84,19.61,4.90,-0.10,0.790,,,,,
58,E18-04,4220.81,Rotliegend,4.30,0.30,0.00,0.00,0.00,0.00,0.00,0.00,0.00,0.00,0.00,0.00,0.00,0.00,0.00,0.00,0.00,0.00,0.00,0.00,0.00,0.00,0.00,5.30,0.00,0.00,0.00,0.00,0.00,0.00,0.00,0.00,0.00,0.00,0.00,0.00,0.00,0.00,0.00,0.00,0.00,2.30,0.00,0.00,0.00,84.70,0.00,0.00,0.00,0.00,0.00,0.00,0.00,0.00,0.00,0.00,0.00,2.70,0.00,0.00,0.00,0.00,0.00,0.00,0.00,0.00,0.00,0.00,0.00,0.00,0.00,0.00,0.10,0.00,0.00,0.00,0.00,0.00,0.00,0.00,0.00,0.00,0.00,0.00,0.00,0.00,0.00,0.00,0.00,0.00,0.00,0.00,0.00,0.00,0.00,0.00,0.00,0.00,0.00,0.00,0.00,0.00,0.00,0.00,0.00,0.00,0.30,0.00,0.00,0.00,3.10,66.67,0.00,33.33,0.90,-1.05,0.090,,,,,
59,E18-04,4226.25,Rotliegend,26.00,17.70,0.00,0.00,0.00,0.00,1.70,0.00,0.00,0.00,0.00,0.00,0.00,0.00,5.70,0.00,0.00,0.00,0.00,0.00,0.00,0.00,0.00,1.00,0.00,0.00,0.00,0.00,0.00,0.00,3.00,0.00,0.00,0.00,0.00,0.00,0.00,0.00,0.00,0.00,0.00,3.70,0.00,0.00,0.70,3.00,0.00,0.00,0.00,0.00,0.00,0.00,0.00,0.00,25.30,0.00,0.00,4.30,0.00,6.30,0.00,0.00,0.00,0.00,0.00,0.00,0.00,0.00,0.00,0.00,0.00,0.00,0.10,0.00,0.00,0.00,0.00,0.00,0.00,0.00,0.00,0.00,0.00,0.00,0.00,0.00,0.00,0.00,0.00,0.00,0.00,0.00,0.00,0.00,0.00,0.00,0.00,0.00,0.00,0.00,0.00,1.30,0.00,0.00,0.00,0.00,0.00,0.00,0.00,0.00,10.70,75.61,2.94,21.45,3.30,-1.30,0.050,,,,,
60,F16-03,4125.26,Rotliegend,36.00,17.00,0.00,0.00,0.00,0.00,0.00,0.00,1.70,0.00,0.70,0.00,0.00,1.30,0.70,0.00,0.00,0.00,0.00,0.00,0.00,0.00,0.00,0.00,0.00,0.00,0.00,0.00,0.00,0.00,0.00,0.00,0.00,0.00,0.00,0.00,0.00,0.00,0.00,0.00,0.00,0.00,0.00,0.00,0.00,0.00,0.30,0.00,0.00,0.00,0.00,0.00,0.00,0.00,1.00,0.00,0.00,1.30,0.00,4.70,0.00,0.00,0.00,0.00,0.00,0.00,0.70,0.00,5.00,0.00,0.00,0.00,0.00,0.00,0.30,0.00,0.00,0.00,0.00,0.00,0.00,5.30,0.00,0.00,9.00,0.00,0.00,0.00,0.00,0.00,0.00,0.00,0.00,0.00,0.00,0.00,0.00,0.00,0.00,2.00,0.00,1.00,0.00,11.30,0.00,0.00,0.30,0.00,0.30,0.00,32.60,92.33,0.00,7.67,23.10,2.88,753.000,,,,,
61,F16-03,4126.25,Rotliegend,34.70,24.30,0.00,0.00,0.00,0.00,0.00,0.00,1.30,0.00,0.00,0.00,0.00,2.30,1.70,0.00,0.00,0.00,0.00,0.00,0.00,0.00,0.00,0.00,0.00,0.00,0.00,0.70,0.00,0.00,0.00,0.00,0.00,0.00,0.00,0.00,0.00,0.00,0.00,0.00,0.00,0.00,0.00,0.00,0.00,0.00,0.00,0.00,0.00,0.00,0.00,0.00,0.00,0.00,5.70,0.00,0.00,2.30,0.00,8.30,0.00,0.00,0.00,0.00,0.00,0.00,0.00,0.00,5.30,0.00,0.00,0.00,0.00,0.00,1.00,0.00,0.00,0.00,0.00,0.00,0.00,3.70,0.00,0.00,3.00,0.00,0.00,0.00,0.00,0.00,0.00,0.00,0.00,0.00,0.00,0.00,0.00,0.00,0.00,2.00,0.00,0.30,0.00,0.10,0.00,0.00,0.00,0.70,2.70,0.00,20.00,91.76,0.00,8.24,9.60,-0.96,0.110,,,,,
62,F16-03,4127.25,Rotliegend,35.30,25.60,0.00,0.00,0.00,0.00,0.00,0.00,1.70,0.00,0.70,0.00,0.00,1.30,0.30,0.00,0.00,0.00,0.00,0.00,0.00,0.00,0.00,0.00,0.00,0.00,0.00,0.00,0.00,0.00,0.00,0.00,0.00,0.00,0.00,0.00,0.00,0.00,0.00,0.00,0.00,0.00,0.00,0.00,0.00,0.00,0.00,0.00,0.00,0.00,0.00,0.00,0.00,0.00,1.00,0.00,0.00,0.30,0.00,5.00,0.00,0.00,0.00,0.00,0.00,0.00,0.10,0.00,5.00,0.00,0.00,0.00,0.70,0.00,1.00,0.00,0.00,0.00,0.00,0.00,0.00,4.70,0.00,0.00,5.30,0.00,0.00,0.00,0.00,0.00,0.00,0.00,0.00,0.00,0.00,0.00,0.00,0.00,0.00,2.30,0.00,0.00,0.00,8.30,0.00,0.00,0.10,0.30,1.00,0.00,25.80,93.84,0.00,6.16,18.00,2.59,385.000,,,,,
63,F16-03,4128.75,Rotliegend,34.30,18.70,0.00,0.00,0.00,0.00,0.00,0.00,0.30,0.00,0.00,0.00,0.00,2.30,0.30,0.00,0.00,0.00,0.00,0.00,0.00,0.00,0.00,0.00,0.00,0.00,0.00,0.00,0.00,0.00,0.00,0.00,0.00,0.00,0.00,0.00,0.00,0.00,0.00,0.00,0.00,0.00,0.00,0.00,0.00,0.00,0.00,0.00,0.00,0.00,3.30,0.00,0.00,0.00,0.70,0.00,0.00,1.00,0.00,3.00,0.00,0.00,0.00,0.00,0.10,0.00,0.00,0.00,5.30,0.00,0.00,0.00,0.70,0.00,0.70,0.00,0.30,0.00,0.00,0.00,0.00,5.70,0.00,0.00,6.70,0.00,0.00,0.00,0.00,0.00,0.00,0.00,0.00,0.00,0.00,0.00,0.00,0.00,0.00,0.70,0.00,0.00,0.00,12.00,0.00,0.00,0.10,0.00,4.00,0.00,29.90,94.81,0.00,5.19,18.90,1.77,59.000,,,,,
64,F16-03,4130.50,Rotliegend,40.30,23.00,0.00,0.00,0.00,0.00,0.00,0.00,0.70,0.00,0.00,0.00,0.00,3.30,0.00,0.00,0.00,0.00,0.00,0.00,0.00,0.00,0.00,0.00,0.00,0.00,0.00,0.00,0.00,0.00,0.00,0.00,0.00,0.00,0.00,0.00,0.00,0.00,0.00,0.00,0.00,0.00,0.00,0.00,0.00,0.00,0.00,0.00,0.00,0.00,0.00,0.00,0.00,0.00,0.70,0.00,0.00,1.70,0.00,7.70,0.00,0.00,0.00,0.00,0.70,0.00,0.00,0.00,2.00,0.00,0.00,0.00,0.00,0.00,0.30,0.00,0.00,0.00,0.00,0.00,0.00,2.00,0.00,0.00,5.30,0.00,0.00,0.00,0.00,0.00,0.00,0.00,0.00,0.00,0.00,0.00,0.00,0.00,0.00,1.70,0.00,0.00,0.00,7.30,0.00,0.00,0.10,0.00,3.30,0.00,25.10,94.06,0.00,5.94,16.40,2.07,118.000,,,,,
65,F16-03,4132.00,Rotliegend,40.30,16.70,0.00,0.00,0.00,0.00,0.00,0.00,0.00,0.00,0.00,0.00,0.00,0.70,2.00,0.00,0.00,0.00,0.00,0.00,0.00,0.00,0.00,0.00,0.00,0.00,0.00,0.00,0.00,0.00,0.00,0.00,0.00,0.00,0.00,0.00,0.00,0.00,0.00,0.00,0.00,0.00,0.00,0.00,0.00,0.00,0.00,0.00,0.00,0.00,0.00,0.00,0.00,0.00,1.70,0.00,0.00,0.30,0.00,3.30,0.00,0.10,0.00,0.00,0.30,0.00,0.00,0.00,4.70,0.00,0.00,0.00,0.00,0.00,0.00,0.00,0.00,0.00,0.00,0.00,0.00,3.30,0.00,0.00,6.70,0.00,0.00,0.00,0.00,0.00,0.00,0.00,0.00,0.00,0.00,0.00,0.00,0.00,0.00,3.70,0.00,0.00,0.00,13.00,0.00,0.00,0.10,0.30,3.00,0.00,28.50,95.48,0.00,4.52,22.10,2.54,343.000,,,,,
66,F16-03,4132.49,Rotliegend,39.30,25.30,0.00,0.00,0.00,0.00,0.00,0.00,0.00,0.00,0.30,0.00,0.00,1.70,0.00,0.00,0.00,0.00,0.00,0.00,0.00,0.00,0.00,0.00,0.00,0.00,0.00,0.00,0.00,0.00,0.10,0.00,0.00,0.00,0.00,0.00,0.00,0.00,0.00,0.00,0.00,0.00,0.00,0.00,0.00,0.00,0.00,0.00,0.00,0.00,0.00,0.00,0.00,0.00,0.00,0.00,0.00,0.00,0.00,3.30,0.00,0.00,0.00,0.00,1.30,0.00,4.00,0.00,3.70,0.00,0.00,0.00,0.00,0.00,0.00,0.00,0.30,0.00,0.00,0.00,0.00,2.00,0.00,0.00,8.00,0.00,0.00,0.00,0.00,0.00,0.00,0.00,0.00,0.00,0.00,0.00,0.00,0.00,0.00,0.30,0.00,0.00,0.00,6.70,0.00,0.00,0.00,0.30,3.30,0.00,27.30,96.85,0.00,3.15,15.60,1.99,97.200,,,,,
67,F16-03,4133.00,Rotliegend,40.00,18.70,0.00,0.00,0.00,0.00,0.00,0.00,0.30,0.00,0.00,0.00,0.00,2.00,0.70,0.00,0.00,0.00,0.00,0.00,0.00,0.00,0.00,0.00,0.00,0.00,0.00,0.00,0.00,0.00,0.00,0.00,0.00,0.00,0.00,0.00,0.00,0.00,0.00,0.00,0.00,0.00,0.00,0.00,0.00,0.00,0.00,0.00,0.00,0.00,0.00,0.00,0.00,0.00,0.30,0.00,0.00,0.30,0.00,7.30,0.00,3.70,0.00,0.00,0.70,0.00,0.10,0.00,5.70,0.00,0.00,0.00,0.00,0.00,0.00,0.00,0.00,0.00,0.00,0.00,0.00,1.00,0.00,0.00,8.70,0.00,0.00,0.00,0.00,0.00,0.00,0.00,0.00,0.00,0.00,0.00,0.00,0.00,0.00,0.30,0.00,0.00,0.00,4.70,0.00,0.00,0.00,2.00,3.70,0.00,31.20,95.14,0.00,4.86,11.40,0.81,6.390,,,,,
68,F16-03,4134.75,Rotliegend,38.00,17.30,0.00,0.00,0.00,0.00,0.00,0.00,1.00,0.00,0.00,0.00,0.00,2.30,1.70,0.00,0.00,0.00,0.00,0.00,0.00,0.00,0.00,1.00,0.00,0.00,0.00,0.00,0.00,0.00,0.00,0.00,0.00,0.00,0.00,0.00,0.00,0.00,0.00,0.00,0.00,0.00,0.00,0.00,0.00,0.70,0.00,0.00,0.00,0.00,0.00,0.00,0.00,0.00,5.00,0.00,0.00,0.00,0.00,0.00,0.00,0.70,0.00,0.00,0.70,0.00,0.00,0.00,2.00,0.00,0.00,0.00,0.00,0.00,0.00,0.00,0.70,0.00,0.00,0.00,0.00,3.30,0.00,0.00,8.00,0.00,0.00,0.00,0.00,0.00,0.00,0.00,0.00,0.00,0.00,0.00,0.00,0.00,0.00,3.30,0.00,1.30,0.00,3.00,0.00,0.00,0.10,5.00,5.00,0.00,15.20,91.71,0.00,8.29,14.10,0.38,2.390,,,,,
69,F16-03,4137.00,Rotliegend,37.70,15.00,0.00,0.00,0.00,0.00,0.00,0.00,0.00,0.00,0.00,0.00,0.00,4.00,1.00,0.00,0.00,0.00,0.00,0.00,0.00,0.00,0.00,0.30,0.00,0.00,0.00,0.00,0.00,0.00,0.00,0.00,0.00,0.00,0.00,0.00,0.00,0.00,0.00,0.00,0.00,0.00,0.00,0.00,0.00,0.00,0.00,0.00,0.00,0.00,0.00,0.00,0.00,0.00,3.00,0.00,0.00,0.70,0.00,1.70,0.00,3.00,0.00,0.00,1.70,0.00,0.30,0.00,4.00,0.00,0.00,0.00,0.00,0.00,0.00,0.00,0.00,0.00,0.00,0.00,0.00,1.70,0.00,0.00,10.30,0.00,0.00,0.00,0.00,0.00,0.00,0.00,0.00,0.00,0.00,0.00,0.00,0.00,0.00,0.30,0.00,0.30,0.00,7.30,0.00,0.00,0.30,3.70,3.70,0.00,29.30,91.33,0.00,8.67,15.10,1.11,13.000,,,,,
70,F16-03,4137.75,Rotliegend,35.00,19.00,0.00,0.00,0.00,0.00,0.00,0.00,0.00,0.00,0.00,0.00,0.00,1.00,1.30,0.00,0.00,0.00,0.00,0.00,0.00,0.00,0.00,0.00,0.00,0.00,0.00,0.00,0.00,0.00,0.00,0.00,0.00,0.00,0.00,0.00,0.00,0.00,0.00,0.00,0.00,0.00,0.00,0.00,0.00,0.00,0.00,0.00,0.00,0.00,0.00,0.00,0.00,0.00,2.70,0.00,0.00,6.00,0.00,2.00,0.00,6.30,0.00,0.00,0.70,0.00,0.00,0.00,3.30,0.00,0.00,0.00,0.00,0.00,0.30,0.00,0.00,0.00,0.00,0.00,0.00,0.70,0.00,0.00,10.00,0.00,0.00,0.00,0.00,0.00,0.00,0.00,0.00,0.00,0.00,0.00,0.00,0.00,0.00,0.00,0.00,0.00,0.00,4.30,0.00,0.00,0.00,3.00,4.30,0.00,32.90,95.91,0.00,4.09,14.10,0.82,6.650,,,,,
71,F16-03,4138.00,Rotliegend,40.30,21.30,0.00,0.00,0.00,0.00,0.00,0.00,0.30,0.00,0.00,0.00,0.00,6.00,1.00,0.00,0.00,0.00,0.00,0.00,0.00,0.00,0.00,0.00,0.00,0.00,0.00,0.30,0.00,0.00,0.00,0.00,0.00,0.00,0.00,0.00,0.00,0.00,0.00,0.00,0.00,0.00,0.00,0.00,0.00,0.00,0.00,0.00,0.00,0.00,0.00,0.00,0.00,0.00,8.30,0.00,0.00,0.10,0.00,0.00,0.00,0.00,0.00,0.00,0.70,0.00,0.00,0.00,2.70,0.00,0.00,0.00,0.10,0.00,1.30,0.00,0.00,0.00,0.00,0.00,0.00,3.00,0.00,0.00,7.70,0.00,0.00,0.00,0.00,0.00,0.00,0.00,0.00,0.00,0.00,0.00,0.00,0.00,0.00,0.70,0.00,0.30,0.00,1.00,0.00,0.00,0.10,1.00,4.00,0.00,13.70,89.40,0.00,10.60,12.90,0.43,2.720,,,,,
72,F16-03,4141.75,Rotliegend,40.00,18.00,0.00,0.00,0.00,0.00,0.00,0.00,0.00,0.00,0.00,0.00,0.00,3.70,0.30,0.00,0.00,0.00,0.00,0.00,0.00,0.00,0.00,0.70,0.00,0.00,0.00,0.00,0.00,0.00,0.00,0.00,0.00,0.00,0.00,0.00,0.00,0.00,0.00,0.00,0.00,0.00,0.00,0.00,0.00,0.00,0.00,0.00,0.00,0.00,0.00,0.00,0.00,0.00,2.70,0.00,0.00,1.00,0.00,1.00,0.00,1.00,0.00,0.00,0.00,0.00,0.00,0.00,4.30,0.00,0.00,0.00,0.00,0.00,0.30,0.00,0.00,0.00,0.00,0.00,0.00,2.70,0.00,0.00,7.30,0.00,0.00,0.00,0.00,0.00,0.00,0.00,0.00,0.00,0.00,0.00,0.00,0.00,0.00,0.30,0.00,0.00,0.00,8.00,0.00,0.00,0.10,4.00,4.00,0.00,23.00,93.55,0.00,6.45,17.70,1.17,14.800,,,,,
73,F16-03,4142.75,Rotliegend,41.70,20.00,0.00,0.00,0.00,0.00,0.00,0.00,0.00,0.00,0.00,0.00,0.00,2.70,0.30,0.00,0.00,0.00,0.00,0.00,0.00,0.00,0.00,0.00,0.00,0.00,0.00,0.00,0.00,0.00,0.00,0.00,0.00,0.00,0.00,0.00,0.00,0.00,0.00,0.00,0.00,0.00,0.00,0.00,0.00,0.00,0.00,0.00,0.00,0.00,0.00,0.00,0.00,0.00,0.30,0.00,0.00,3.00,0.00,2.70,0.00,1.70,0.00,0.00,0.00,0.00,0.10,0.00,7.70,0.00,0.00,0.00,1.00,0.00,0.00,0.00,0.00,0.00,0.00,0.00,0.00,1.00,0.00,0.00,5.70,0.00,0.00,0.00,0.00,0.00,0.00,0.00,0.00,0.00,0.00,0.00,0.00,0.00,0.00,0.30,0.00,0.30,0.00,5.30,0.00,0.00,0.10,2.30,4.00,0.00,27.30,95.36,0.00,4.64,15.90,1.74,55.400,,,,,
74,F16-03,4143.75,Rotliegend,33.30,20.30,0.00,0.00,0.00,0.00,0.00,0.00,0.70,0.00,0.00,0.00,0.00,1.30,0.30,0.00,0.00,0.00,0.00,0.00,0.00,0.00,0.00,0.30,0.00,0.00,0.00,0.30,0.00,0.00,0.00,0.00,0.00,0.00,0.00,0.00,0.00,0.00,0.00,0.00,0.00,0.00,0.00,0.00,0.00,0.00,0.00,0.00,0.00,0.00,0.00,0.00,0.00,0.00,7.70,0.00,0.00,4.30,0.00,2.00,0.00,1.30,0.00,0.00,0.00,0.00,0.10,0.00,4.70,0.00,0.00,0.00,1.30,0.00,0.30,0.00,0.00,0.00,0.00,0.00,0.00,0.70,0.00,0.00,7.30,0.00,0.00,0.00,0.00,0.00,0.00,0.00,0.00,0.00,0.00,0.00,0.00,0.00,0.00,0.70,0.00,0.00,0.00,5.00,0.00,0.00,0.00,1.70,6.30,0.00,26.30,95.89,0.00,4.11,13.60,-0.21,0.620,,,,,
75,F16-03,4146.50,Rotliegend,35.70,22.70,0.00,0.00,0.00,0.00,0.00,0.00,0.00,0.00,0.00,0.00,0.00,1.30,0.00,0.00,0.00,0.00,0.00,0.00,0.00,0.00,0.00,0.00,0.00,0.00,0.00,0.00,0.00,0.00,0.00,0.00,0.00,0.00,0.00,0.00,0.00,0.00,0.00,0.00,0.00,0.00,0.00,0.00,0.00,0.00,0.00,0.00,0.00,0.00,0.00,0.00,0.00,0.00,1.30,0.00,0.00,0.30,0.00,5.30,0.00,2.30,0.00,0.00,0.30,0.00,0.00,0.00,3.30,0.00,0.00,0.00,0.30,0.00,0.70,0.00,0.00,0.00,0.00,0.00,0.00,2.70,0.00,0.00,10.30,0.00,0.00,0.00,0.00,0.00,0.00,0.00,0.00,0.00,0.00,0.00,0.00,0.00,0.00,0.30,0.00,0.00,0.00,9.30,0.00,0.00,0.00,0.00,3.70,0.00,32.10,97.82,0.00,2.18,19.70,1.55,35.800,,,,,
76,F16-03,4147.99,Rotliegend,11.00,8.70,0.00,0.00,0.00,0.00,0.00,0.00,0.00,0.00,1.00,0.00,0.00,0.00,1.00,0.00,0.00,0.00,0.00,0.00,0.00,0.00,0.00,0.00,0.00,0.00,0.00,0.00,0.00,0.00,0.00,0.00,0.00,0.00,0.00,0.00,0.00,0.00,0.00,0.00,0.00,0.00,0.00,0.00,0.00,0.00,37.00,0.00,0.00,0.00,0.00,0.00,0.00,0.00,0.00,0.00,0.00,2.30,0.00,0.00,0.00,0.00,0.00,0.00,0.00,0.00,0.00,0.00,0.00,0.00,0.00,0.00,36.70,0.00,0.00,0.00,0.00,0.00,0.00,0.00,0.00,0.00,0.00,0.00,0.00,0.00,0.00,0.00,0.00,0.00,0.00,0.00,0.00,0.00,0.00,0.00,0.00,0.00,0.00,1.70,0.00,0.00,0.00,0.70,0.00,0.00,0.00,0.00,0.00,0.00,39.70,90.78,0.00,9.22,5.10,0.05,1.120,,,,,
77,F16-04,3438.80,Buntsandstein,36.30,15.30,0.00,0.00,0.00,12.70,4.70,0.00,0.00,0.00,0.00,0.00,0.00,0.00,3.00,0.00,0.00,0.00,1.00,0.70,0.00,0.00,0.00,0.00,0.30,0.00,0.00,1.00,0.00,0.00,0.00,0.00,0.00,0.00,0.00,0.00,0.00,0.00,0.00,0.00,0.00,0.00,0.00,0.00,0.00,2.00,0.00,0.00,0.00,0.00,0.00,0.00,0.00,0.00,0.00,0.00,0.00,5.30,0.00,0.70,0.00,0.00,0.00,0.00,0.00,0.00,0.00,0.00,2.00,0.70,0.30,0.00,0.00,0.00,0.10,0.00,0.00,0.00,0.00,1.00,0.00,0.00,0.00,0.00,0.00,0.00,0.00,0.00,0.00,0.00,0.00,0.00,0.00,0.00,0.00,0.00,0.00,0.00,1.30,0.00,0.00,0.00,0.00,7.70,0.00,0.00,2.00,2.00,0.00,0.00,18.80,70.01,24.97,5.02,15.00,2.05,111.000,,,,,
78,F16-04,3451.50,Buntsandstein,30.30,18.00,0.10,0.00,0.00,13.00,3.00,0.00,0.00,0.00,0.00,0.00,0.00,0.00,4.00,0.00,0.00,0.00,3.30,2.00,0.00,0.00,0.00,0.00,0.10,0.00,0.00,0.70,0.00,0.00,1.00,0.00,0.00,0.00,0.00,0.00,0.00,0.00,0.00,0.00,0.00,0.00,0.00,0.00,0.00,0.00,0.00,0.00,0.00,0.00,0.00,0.00,0.00,0.00,0.00,0.00,0.00,0.30,0.00,0.00,0.00,0.00,0.00,0.00,0.30,0.00,0.00,0.00,2.00,0.30,0.30,0.00,0.00,0.00,0.30,0.00,0.00,0.00,0.00,1.00,0.00,0.00,0.00,0.00,0.00,0.00,0.00,0.00,0.00,0.00,0.00,0.00,0.00,0.00,0.00,0.00,0.00,0.00,0.30,0.00,0.00,0.00,0.00,15.70,0.00,0.00,3.30,0.70,0.00,0.00,22.50,64.66,25.84,9.50,21.40,3.44,2783.000,,,,,
79,F16-04,3435.30,Buntsandstein,31.00,13.30,0.00,0.00,0.00,13.00,6.70,0.00,1.00,0.00,0.00,0.00,0.00,0.00,1.70,0.00,0.00,0.00,1.30,1.70,0.00,0.00,0.00,0.00,0.00,0.00,0.00,0.30,0.00,0.00,0.00,0.00,0.00,0.00,0.00,0.00,0.00,0.00,0.00,0.00,0.00,0.00,0.00,0.00,0.00,0.00,0.00,0.00,0.00,0.00,0.00,0.00,0.00,0.00,0.00,0.00,0.00,4.30,0.00,1.70,0.00,0.00,0.00,0.00,0.00,0.00,0.00,0.00,2.30,0.70,0.70,0.00,0.00,0.00,0.30,0.00,0.00,0.00,0.00,1.00,0.00,0.00,0.00,0.00,0.00,0.00,0.00,0.00,0.00,0.00,0.00,0.00,0.00,0.00,0.00,0.00,0.00,0.00,1.70,0.00,0.00,0.00,0.00,13.00,0.00,0.00,2.30,2.00,0.00,0.00,25.30,63.56,30.13,6.31,17.50,2.12,132.000,,,,,
80,F16-04,3430.30,Buntsandstein,12.00,3.00,0.00,0.00,0.00,5.00,1.00,0.00,0.00,0.00,0.00,0.00,0.00,0.00,0.30,0.00,0.00,0.00,0.00,1.00,0.00,0.00,0.00,0.00,8.70,0.00,1.00,0.30,0.00,0.00,3.00,0.00,0.00,0.00,0.00,0.00,0.00,0.00,0.00,0.00,0.00,0.00,0.00,0.00,0.00,29.30,24.00,0.00,0.00,0.00,0.00,0.00,0.00,0.00,0.00,0.00,0.00,7.00,0.00,1.30,0.00,0.00,0.00,0.00,0.00,0.00,0.00,0.00,0.30,0.00,0.00,0.00,0.10,0.00,0.00,0.00,0.00,0.00,0.00,0.00,0.00,0.00,0.00,0.00,0.00,0.00,0.00,0.00,0.00,0.00,0.00,0.00,0.00,0.00,0.00,0.00,0.00,0.00,0.70,0.00,0.00,0.00,0.00,1.30,0.00,0.00,0.00,0.70,0.00,0.00,10.00,59.29,23.72,17.00,8.70,-0.19,0.640,,,,,
81,F16-04,3450.60,Buntsandstein,33.00,20.00,0.00,0.00,0.00,9.30,3.30,0.00,0.00,0.00,0.00,0.00,0.00,0.00,3.30,0.00,0.00,0.00,4.00,1.30,0.00,0.00,0.00,0.00,0.70,0.30,0.00,0.30,0.00,0.00,0.30,0.00,0.00,1.00,0.00,0.00,0.00,0.00,0.00,0.00,0.00,0.00,0.00,0.00,0.00,0.00,0.00,0.00,0.00,0.00,0.00,0.00,0.00,0.00,0.00,0.00,0.00,2.30,0.00,0.30,0.00,0.00,0.00,0.00,0.30,0.00,0.30,0.00,2.30,0.30,0.10,0.00,0.00,0.00,0.30,0.00,0.00,0.00,0.00,1.30,0.00,0.00,0.00,0.00,0.00,0.00,0.00,0.00,0.00,0.00,0.00,0.00,0.00,0.00,0.00,0.00,0.00,0.00,0.30,0.00,0.00,0.00,0.00,12.00,0.00,0.00,0.70,2.30,0.00,0.00,18.90,70.20,21.99,7.81,16.20,2.76,582.000,,,,,
82,F16-05,4250.67,Rotliegend,48.70,17.00,0.00,0.00,0.00,0.00,0.00,1.30,0.00,0.00,0.00,1.30,0.00,0.00,0.00,0.00,0.00,0.00,0.00,0.00,0.00,0.00,0.00,1.00,0.00,0.00,0.00,1.00,0.00,0.00,0.00,0.00,0.00,0.00,0.00,0.00,0.00,0.00,0.00,0.00,0.00,0.00,0.00,0.00,1.70,0.00,11.30,0.00,0.00,0.00,0.00,0.00,0.00,0.00,0.00,0.00,0.00,0.70,0.00,5.30,0.00,0.00,0.00,0.00,0.00,0.00,0.00,0.00,1.30,0.00,0.00,0.00,0.70,0.00,0.00,0.00,0.00,0.00,0.00,0.30,0.00,0.00,0.00,0.00,4.63,0.00,0.00,0.00,0.00,0.00,0.00,0.00,0.00,0.00,0.00,0.00,0.00,0.00,0.00,2.30,0.00,0.00,0.00,1.70,0.00,0.00,0.00,0.00,0.00,0.00,14.33,96.19,0.00,3.81,10.00,-0.66,0.220,,,,,
83,F16-05,4252.40,Rotliegend,45.70,27.70,0.00,0.00,0.00,0.00,0.00,0.70,0.00,0.00,0.00,1.00,0.00,0.00,0.00,0.00,0.00,0.00,0.00,0.00,0.00,0.00,0.00,0.30,0.00,0.00,0.00,0.30,0.00,0.00,0.00,0.00,0.00,0.00,0.00,0.00,0.00,0.00,0.00,0.00,0.00,0.00,0.00,0.00,1.00,0.00,2.30,0.00,0.00,0.00,0.00,0.00,0.00,0.00,0.00,0.00,0.00,0.00,0.00,11.00,0.00,0.00,0.00,0.00,0.00,0.00,0.00,0.00,3.70,0.00,0.00,0.00,0.70,0.00,0.00,0.00,0.00,0.00,0.00,0.00,0.00,0.00,0.00,0.00,5.00,0.00,0.00,0.00,0.00,0.00,0.00,0.00,0.00,0.00,0.00,0.00,0.00,0.00,0.00,0.30,0.00,0.00,0.00,0.30,0.00,0.00,0.00,0.00,0.00,0.00,20.70,97.74,0.00,2.26,3.40,-1.52,0.030,,,,,
84,F16-05,4253.92,Rotliegend,36.00,27.30,0.00,0.00,0.00,0.00,0.00,0.00,0.00,0.00,0.00,3.00,0.00,0.00,0.00,0.00,0.00,0.00,0.00,0.00,0.00,0.00,0.00,0.00,0.00,0.00,0.00,0.00,0.00,0.00,0.00,0.00,0.00,0.00,0.00,0.00,0.00,0.00,0.00,0.00,0.00,0.00,0.00,0.00,0.00,0.00,0.00,0.00,0.00,0.00,0.00,0.00,0.00,0.00,0.00,0.00,0.00,0.00,0.00,6.70,0.00,3.00,0.00,0.00,0.00,0.00,0.00,0.00,3.70,0.00,0.00,0.00,0.30,0.00,0.30,0.00,0.00,0.00,0.00,1.00,0.00,0.00,0.00,0.00,4.30,0.00,0.00,0.00,0.00,0.00,0.00,0.00,0.00,0.00,0.00,0.00,0.00,0.00,0.00,1.30,0.00,0.30,0.00,10.30,0.00,0.00,0.70,0.30,1.30,0.00,29.30,95.48,0.00,4.52,15.00,2.02,105.000,,,,,
85,F16-05,4254.33,Rotliegend,36.70,28.70,0.00,0.00,0.00,0.00,0.00,0.30,0.00,0.00,0.00,2.30,0.00,0.00,0.00,0.00,0.00,0.00,0.00,0.00,0.00,0.00,0.00,0.00,0.00,0.00,0.00,0.00,0.00,0.00,0.00,0.00,0.00,0.00,0.00,0.00,0.00,0.00,0.00,0.00,0.00,0.00,0.00,0.00,0.00,0.00,0.00,0.00,0.00,0.00,0.00,0.00,0.00,0.00,0.00,0.00,0.00,0.00,0.00,3.70,0.00,2.70,0.00,0.00,0.00,0.00,0.00,0.00,3.30,0.00,0.00,0.00,0.70,0.00,0.00,0.00,0.00,0.00,0.00,1.00,0.00,0.00,0.00,0.00,6.00,0.00,0.00,0.00,0.00,0.00,0.00,0.00,0.00,0.00,0.00,0.00,0.00,0.00,0.00,1.00,0.00,1.70,0.00,9.70,0.00,0.00,1.30,0.00,1.00,0.00,27.40,96.18,0.00,3.82,12.70,1.51,32.600,,,,,
86,F16-05,4254.42,Rotliegend,35.30,27.00,0.00,0.00,0.00,0.00,0.00,0.00,0.00,0.00,0.00,1.70,0.00,0.00,0.00,0.00,0.00,0.00,0.00,0.00,0.00,0.00,0.00,0.00,0.00,0.00,0.00,0.00,0.00,0.00,0.00,0.00,0.00,0.00,0.00,0.00,0.00,0.00,0.00,0.00,0.00,0.00,0.00,0.00,0.00,0.00,0.00,0.00,0.00,0.00,0.00,0.00,0.00,0.00,0.00,0.00,0.00,0.00,0.00,8.30,0.00,4.70,0.00,0.00,0.00,0.00,0.00,0.00,2.70,0.00,0.00,0.00,1.00,0.00,0.00,0.00,0.00,0.00,0.00,0.70,0.00,0.00,0.00,0.00,5.70,0.00,0.00,0.00,0.00,0.00,0.00,0.00,0.00,0.00,0.00,0.00,0.00,0.00,0.00,1.70,0.00,1.00,0.00,8.30,0.00,0.00,0.30,0.30,1.30,0.00,31.00,97.34,0.00,2.66,14.70,1.84,68.500,,,,,
87,F16-05,4254.92,Rotliegend,32.70,32.70,0.00,0.00,0.00,0.00,0.00,0.00,0.00,0.00,0.00,1.70,0.00,0.00,0.00,0.00,0.00,0.00,0.00,0.00,0.00,0.00,0.00,0.00,0.00,0.00,0.00,0.00,0.00,0.00,0.00,0.00,0.00,0.00,0.00,0.00,0.00,0.00,0.00,0.00,0.00,0.00,0.00,0.00,0.00,0.00,0.00,0.00,0.00,0.00,0.00,0.00,0.00,0.00,0.00,0.00,0.00,0.00,0.00,8.00,0.00,4.30,0.00,0.00,0.00,0.00,0.00,0.00,4.70,0.00,0.00,0.00,0.30,0.00,0.00,0.00,0.00,0.00,0.00,0.30,0.00,0.00,0.00,0.00,5.70,0.00,0.00,0.00,0.00,0.00,0.00,0.00,0.00,0.00,0.00,0.00,0.00,0.00,0.00,0.70,0.00,0.00,0.00,6.70,0.00,0.00,1.30,0.00,1.00,0.00,31.00,97.47,0.00,2.53,10.90,1.35,22.400,,,,,
88,F16-05,4255.14,Rotliegend,32.00,29.30,0.00,0.00,0.00,0.00,0.00,1.30,0.00,0.00,0.00,1.30,0.00,0.00,0.00,0.00,0.00,0.00,0.00,0.00,0.00,0.00,0.00,0.00,0.00,0.00,0.00,0.30,0.00,0.00,0.00,0.00,0.00,0.00,0.00,0.00,0.00,0.00,0.00,0.00,0.00,0.00,0.00,0.00,0.00,0.00,0.00,0.00,0.00,0.00,0.00,0.00,0.00,0.00,0.00,0.00,0.00,0.00,0.00,9.00,0.00,2.70,0.00,0.00,0.00,0.00,0.00,0.00,5.70,0.00,0.00,0.00,1.00,0.00,0.30,0.00,0.00,0.00,0.00,1.00,0.00,0.00,0.00,0.00,5.30,0.00,0.00,0.00,0.00,0.00,0.00,0.00,0.00,0.00,0.00,0.00,0.00,0.00,0.00,1.70,0.00,0.30,0.00,7.70,0.00,0.00,0.30,0.00,0.70,0.00,32.00,95.93,0.00,4.07,10.00,0.98,9.610,,,,,
89,F16-05,4255.92,Rotliegend,34.30,21.30,0.00,0.00,0.00,0.00,0.00,0.00,0.00,0.00,0.00,0.70,0.00,0.00,0.00,0.00,0.00,0.00,0.00,0.00,0.00,0.00,0.00,5.70,0.00,0.00,0.00,0.30,0.00,0.00,0.00,0.00,0.00,0.00,0.00,0.00,0.00,0.00,0.00,0.00,0.00,0.00,0.00,0.00,3.00,0.00,24.70,0.00,0.00,0.00,0.00,0.00,0.00,0.00,0.00,0.00,0.00,0.00,0.00,5.30,0.00,2.00,0.00,0.00,0.00,0.00,0.00,0.00,0.00,0.00,0.00,0.00,2.70,0.00,0.00,0.00,0.00,0.00,0.00,0.00,0.00,0.00,0.00,0.00,0.00,0.00,0.00,0.00,0.00,0.00,0.00,0.00,0.00,0.00,0.00,0.00,0.00,0.00,0.00,0.00,0.00,0.00,0.00,0.00,0.00,0.00,0.00,0.00,0.00,0.00,10.00,98.76,0.00,1.24,3.70,-1.52,0.030,,,,,
90,F16-05,4247.59,Rotliegend,44.70,24.30,0.00,0.00,0.00,0.00,0.00,2.00,0.00,0.00,0.00,1.30,0.00,0.00,0.00,0.00,0.00,0.00,0.00,0.00,0.00,0.00,0.00,0.00,0.00,0.00,0.00,0.00,0.00,0.00,0.00,0.00,0.00,0.00,0.00,0.00,0.00,0.00,0.00,0.00,0.00,0.00,0.00,0.00,1.00,0.00,0.00,0.00,0.00,0.00,0.00,0.00,0.00,0.00,0.00,0.00,0.00,0.30,0.00,6.00,0.00,0.00,0.00,0.00,0.00,0.00,0.00,0.00,3.70,0.00,0.00,0.00,0.30,0.00,0.00,0.00,0.00,0.00,0.00,4.00,0.00,0.00,0.00,0.00,6.00,0.00,0.00,0.00,0.00,0.00,0.00,0.00,0.00,0.00,0.00,0.00,0.00,0.00,0.00,2.30,0.00,0.70,0.00,3.00,0.00,0.00,0.00,0.30,0.00,0.00,19.30,95.44,0.00,4.56,7.70,-0.55,0.280,,,,,
91,F16-A-03,4799.00,Rotliegend,41.70,9.30,0.10,0.00,0.00,0.00,1.70,0.00,1.70,0.00,5.00,0.00,0.00,1.30,0.00,0.00,0.00,0.00,0.00,0.30,0.00,0.00,0.00,0.00,0.00,0.00,0.00,0.00,0.00,0.00,0.00,0.00,0.00,0.00,0.00,0.00,0.00,0.00,0.00,0.00,0.00,0.00,0.00,0.00,0.00,0.00,0.00,0.00,0.00,0.00,0.00,0.00,0.00,0.00,0.00,0.00,0.00,0.10,0.00,17.70,0.00,0.00,0.00,0.00,0.00,0.00,2.70,0.00,7.30,0.00,0.00,0.00,0.00,0.00,0.10,0.00,0.00,0.00,0.00,0.00,1.70,0.00,0.00,0.00,5.00,0.00,0.00,0.00,0.00,0.00,0.00,0.00,0.00,0.00,0.00,0.00,0.00,0.00,0.10,0.00,0.00,0.00,0.00,3.00,0.00,0.00,1.70,0.10,0.10,0.00,39.30,83.47,2.78,13.75,4.80,-1.52,0.030,,,,,
92,F16-A-03,4799.75,Rotliegend,35.00,19.00,1.30,0.00,0.00,0.00,0.00,0.00,0.00,0.00,2.00,0.00,0.00,0.70,0.00,0.00,0.00,0.00,0.00,0.00,0.00,0.00,0.00,0.00,0.00,0.00,0.00,0.00,0.00,0.00,0.00,0.00,0.00,0.00,0.00,0.00,0.00,0.00,0.00,0.00,0.00,0.00,0.00,0.00,0.00,0.00,0.00,0.00,0.00,0.00,0.00,0.00,0.00,0.00,0.00,0.00,0.00,11.00,0.00,19.70,0.00,0.00,0.00,0.00,0.00,0.00,0.00,0.00,2.00,0.00,0.00,0.00,0.30,0.00,0.00,0.00,0.00,0.00,1.00,0.00,0.00,0.00,0.00,0.00,4.00,0.00,0.00,0.00,0.00,0.00,0.00,0.00,0.00,0.00,0.00,0.00,0.00,0.00,1.30,0.00,0.00,0.00,0.00,0.30,0.00,0.00,0.10,2.00,0.30,0.00,38.40,93.10,0.00,6.90,4.90,-2.10,0.008,,,,,
93,F16-A-03,4808.99,Rotliegend,45.30,3.70,0.10,0.00,0.00,0.00,0.00,0.00,0.30,0.00,0.30,0.00,0.00,1.70,0.00,0.00,0.00,0.00,0.00,0.00,0.00,0.00,0.00,0.00,0.00,0.00,0.00,0.00,0.00,0.00,0.00,0.00,0.00,0.00,0.00,0.00,0.00,0.00,0.00,0.00,0.00,0.00,0.00,0.00,0.00,0.00,0.00,0.00,0.00,0.00,0.00,0.00,0.00,0.00,0.00,0.00,0.00,0.30,0.00,7.30,0.00,0.00,0.00,0.00,0.00,0.00,0.00,0.00,8.30,0.00,0.00,0.00,0.70,0.00,1.00,0.00,0.30,0.00,5.30,0.00,0.00,0.00,0.00,0.00,7.30,0.00,0.00,0.00,0.00,0.00,0.00,0.00,0.00,0.00,0.00,0.00,0.00,0.00,0.70,0.00,0.00,0.00,0.00,8.00,0.00,0.00,5.30,0.10,4.00,0.00,43.80,95.33,0.00,4.67,14.80,0.89,7.830,,,,,
94,F16-A-03,4807.75,Rotliegend,42.30,11.70,0.00,0.00,0.00,2.30,0.00,0.00,0.00,0.00,7.30,0.00,0.00,3.00,0.00,0.00,0.00,0.00,0.00,5.70,0.00,0.00,0.00,0.70,0.00,0.00,0.00,0.00,0.00,0.00,0.00,0.00,0.00,0.00,0.00,0.00,0.00,0.00,0.00,0.00,0.00,0.00,0.00,0.00,0.00,0.00,0.00,0.00,0.00,0.00,0.00,0.00,0.00,0.00,0.00,0.00,0.00,0.30,0.00,8.00,0.00,0.00,0.00,0.00,0.00,0.00,0.00,0.00,0.30,0.00,0.00,0.00,0.00,0.00,0.00,0.00,1.70,0.00,0.00,0.00,5.70,0.00,0.00,0.00,7.70,0.00,0.00,0.00,0.00,0.00,0.00,0.00,0.00,0.00,0.00,0.00,0.00,0.00,0.10,0.00,0.00,0.00,0.00,3.30,0.00,0.00,0.10,0.10,0.10,0.00,27.10,74.69,3.18,22.13,7.10,-0.80,0.160,,,,,
95,F16-A-03,4758.92,Rotliegend,7.00,0.70,0.00,0.00,0.00,0.00,0.00,0.00,0.00,0.00,0.00,0.00,0.00,0.00,0.00,0.00,0.00,0.00,0.00,0.00,0.00,0.00,0.00,8.30,0.00,0.00,0.00,0.00,0.00,0.00,0.00,0.00,0.00,0.00,0.00,0.00,0.00,0.00,0.00,0.00,0.00,0.00,0.00,0.00,0.00,80.00,0.00,0.00,0.00,0.00,0.00,0.00,0.00,0.00,0.00,0.00,0.00,0.00,0.00,0.00,0.00,0.00,0.00,0.00,0.00,0.00,0.00,0.00,0.00,0.00,0.00,0.00,0.10,0.00,0.00,0.00,4.00,0.00,0.00,0.00,0.00,0.00,0.00,0.00,0.00,0.00,0.00,0.00,0.00,0.00,0.00,0.00,0.00,0.00,0.00,0.00,0.00,0.00,0.00,0.00,0.00,0.00,0.00,0.10,0.00,0.00,0.00,0.00,0.10,0.00,4.20,100.00,0.00,0.00,0.70,-1.00,0.100,,,,,
96,F16-A-03,4789.47,Rotliegend,46.70,6.70,0.70,0.00,0.00,0.10,0.30,0.00,0.30,0.00,3.00,0.00,0.00,1.70,0.00,0.00,0.00,0.00,0.00,0.00,0.00,0.00,0.00,0.00,0.00,0.00,0.00,0.00,0.00,0.00,0.00,0.00,0.00,0.00,0.00,0.00,0.00,0.00,0.00,0.00,0.00,0.00,0.00,0.00,0.00,0.00,0.00,0.00,0.00,0.00,0.00,0.00,0.00,0.00,0.00,0.00,0.00,0.00,0.00,12.00,0.00,0.00,0.00,0.00,0.00,0.00,0.10,0.00,12.00,0.00,0.00,0.00,0.30,0.00,0.30,0.00,0.00,0.00,0.70,0.00,0.00,0.10,0.00,0.00,5.70,0.00,0.00,0.00,0.00,0.00,0.00,0.00,0.00,0.00,0.00,0.00,0.00,0.00,0.30,0.00,0.00,0.00,0.00,7.30,0.00,0.00,1.70,0.30,0.10,0.00,40.10,89.75,0.67,9.58,9.20,0.70,4.960,,,,,
97,F16-A-03,4789.43,Rotliegend,46.00,6.70,1.00,0.00,0.00,0.00,0.00,0.00,0.00,0.00,0.30,0.00,0.00,2.70,0.00,0.00,0.00,0.00,0.00,0.00,0.00,0.00,0.00,0.00,0.00,0.00,0.00,0.00,0.00,0.00,0.00,0.00,0.00,0.00,0.00,0.00,0.00,0.00,0.00,0.00,0.00,0.00,0.00,0.00,0.00,0.00,0.00,0.00,0.00,0.00,0.00,0.00,0.00,0.00,0.00,0.00,0.00,0.00,0.00,11.70,0.00,0.00,0.00,0.00,0.10,0.00,0.00,0.00,9.00,0.00,0.00,0.00,0.00,0.00,0.00,0.00,0.00,0.00,0.30,0.00,0.00,0.00,0.00,0.00,9.30,0.00,0.00,0.00,0.00,0.00,0.00,0.00,0.00,0.00,0.00,0.00,0.00,0.00,1.00,0.00,0.00,0.00,0.00,10.30,0.00,0.00,1.70,0.10,0.10,0.00,42.40,92.95,0.00,7.05,11.00,1.03,10.700,,,,,
98,F16-A-03,4789.66,Rotliegend,51.30,6.30,0.30,0.00,0.00,0.00,0.00,0.00,0.70,0.00,1.70,0.00,0.00,1.70,0.00,0.00,0.00,0.00,0.00,0.00,0.00,0.00,0.00,0.00,0.00,0.00,0.00,0.00,0.00,0.00,0.00,0.00,0.00,0.00,0.00,0.00,0.00,0.00,0.00,0.00,0.00,0.00,0.00,0.00,0.00,0.00,0.00,0.00,0.00,0.00,0.00,0.00,0.00,0.00,0.00,0.00,0.00,0.30,0.00,20.00,0.00,0.00,0.00,0.00,0.00,0.00,0.00,0.00,8.30,0.00,0.00,0.00,0.00,0.00,0.00,0.00,0.00,0.00,0.70,0.00,0.00,0.00,0.00,0.00,6.30,0.00,0.00,0.00,0.00,0.00,0.00,0.00,0.00,0.00,0.00,0.00,0.00,0.00,0.10,0.00,0.00,0.00,0.00,2.00,0.00,0.00,0.30,0.10,0.10,0.00,37.90,92.90,0.00,7.10,5.00,-0.96,0.110,,,,,
99,F16-A-03,4791.46,Rotliegend,48.00,9.00,1.00,0.00,0.00,0.00,0.00,0.00,0.30,0.00,0.00,0.00,0.00,1.30,0.00,0.00,0.00,0.00,0.00,0.00,0.00,0.00,0.00,0.00,0.00,0.00,0.00,0.00,0.00,0.00,0.00,0.00,0.00,0.00,0.00,0.00,0.00,0.00,0.00,0.00,0.00,0.00,0.00,0.00,0.00,0.00,0.00,0.00,0.00,0.00,0.00,0.00,0.00,0.00,0.00,0.00,0.00,0.30,0.00,8.00,0.00,0.00,0.00,0.00,0.00,0.00,0.00,0.00,4.00,0.00,0.00,0.00,0.00,0.00,0.00,0.00,0.00,0.00,3.00,0.00,0.00,0.00,0.00,0.00,7.00,0.00,0.00,0.00,0.00,0.00,0.00,0.00,0.00,0.00,0.00,0.00,0.00,0.00,0.30,0.00,0.00,0.00,0.00,13.00,0.00,0.00,0.30,0.30,4.00,0.00,35.60,95.64,0.00,4.36,14.50,1.46,28.900,,,,,
100,F16-A-03,4791.42,Rotliegend,47.70,4.30,1.70,0.00,0.00,0.00,0.00,0.00,0.70,0.00,0.30,0.00,0.00,0.30,0.40,0.00,0.00,0.00,0.00,0.00,0.00,0.00,0.00,0.00,0.00,0.00,0.00,0.00,0.00,0.00,0.00,0.00,0.00,0.00,0.00,0.00,0.00,0.00,0.00,0.00,0.00,0.00,0.00,0.00,0.00,0.00,0.00,0.00,0.00,0.00,0.00,0.00,0.00,0.00,0.00,0.00,0.00,0.30,0.00,20.30,0.00,0.00,0.00,0.00,0.00,0.00,0.70,0.00,2.00,0.00,0.00,0.00,0.00,0.00,0.00,0.00,0.00,0.00,3.00,0.00,0.00,0.30,0.00,0.00,8.30,0.00,0.00,0.00,0.00,0.00,0.00,0.00,0.00,0.00,0.00,0.00,0.00,0.00,0.10,0.00,0.00,0.00,0.00,9.30,0.00,0.00,0.30,0.10,0.10,0.00,44.20,93.86,0.00,6.14,9.60,0.53,3.420,,,,,
101,F16-A-03,4792.96,Rotliegend,54.70,2.30,0.30,0.00,0.00,0.10,0.00,0.00,0.30,0.00,1.00,0.00,0.00,1.70,0.00,0.00,0.00,0.00,0.00,0.00,0.00,0.00,0.00,0.00,0.00,0.00,0.00,0.00,0.00,0.00,0.00,0.00,0.00,0.00,0.00,0.00,0.00,0.00,0.00,0.00,0.00,0.00,0.00,0.00,0.00,0.00,0.30,0.00,0.00,0.00,0.00,0.00,0.00,0.00,0.00,0.00,0.00,0.70,0.00,9.70,0.00,0.00,0.00,0.00,0.00,0.00,0.00,0.00,9.00,0.00,0.00,0.00,0.30,0.00,0.70,0.00,0.00,0.00,3.30,0.00,0.00,0.00,0.00,0.00,4.00,0.00,0.00,0.00,0.00,0.00,0.00,0.00,0.00,0.00,0.00,0.00,0.00,0.00,0.70,0.00,0.00,0.00,0.00,8.30,0.00,0.00,0.70,0.10,2.00,0.00,36.70,94.37,0.17,5.46,12.20,0.89,7.780,,,,,
102,F16-A-03,4799.29,Rotliegend,31.70,14.00,0.00,0.00,0.00,1.00,0.00,0.00,0.00,0.00,14.70,0.00,0.00,0.00,0.00,0.00,0.00,0.00,0.10,2.30,0.00,0.00,0.00,0.00,0.00,0.00,0.00,0.00,0.00,0.00,0.00,0.00,0.00,0.00,0.00,0.00,0.00,0.00,0.00,0.00,0.00,0.00,0.00,0.00,0.00,0.00,0.00,0.00,0.00,0.00,0.00,0.00,0.00,0.00,0.00,0.00,0.00,0.10,0.00,9.30,0.00,0.10,0.00,0.00,0.00,0.00,0.70,0.00,8.00,0.00,0.00,0.00,0.00,0.00,0.00,0.00,0.00,0.00,0.00,0.00,0.30,0.00,0.00,0.00,10.30,0.00,0.00,0.00,0.00,0.00,0.00,0.00,0.00,0.00,0.00,0.00,0.00,0.00,0.10,0.00,0.00,0.00,0.00,3.30,0.00,0.00,4.30,0.10,0.10,0.00,36.40,71.63,1.72,26.65,11.00,1.35,22.300,,,,,
103,F16-A-03,4802.79,Rotliegend,39.30,6.70,0.00,0.00,0.00,2.70,0.00,0.00,0.00,0.00,6.30,0.00,0.00,1.70,0.00,0.00,0.00,0.00,0.00,2.00,0.00,0.00,0.00,0.00,0.00,0.00,0.00,0.30,0.00,0.00,0.00,0.00,0.00,0.00,0.00,0.00,0.00,0.00,0.00,0.00,0.00,0.00,0.00,0.00,0.00,0.00,0.00,0.00,0.00,0.00,0.00,0.00,0.00,0.00,0.00,0.00,0.00,0.10,0.00,18.00,0.00,0.00,0.00,0.00,0.00,0.00,0.00,0.00,5.00,0.00,0.00,0.00,0.00,0.00,0.00,0.00,0.30,0.00,0.00,0.00,4.00,0.00,0.00,0.00,7.30,0.00,0.00,0.00,0.00,0.00,0.00,0.00,0.00,0.00,0.00,0.00,0.00,0.00,0.10,0.00,0.00,0.00,0.00,5.00,0.00,0.00,1.30,0.10,0.10,0.00,41.00,78.36,4.60,17.04,8.70,-0.55,0.283,,,,,
104,F16-A-03,4807.28,Rotliegend,51.00,5.70,0.30,0.00,0.00,0.00,0.00,0.00,0.00,0.00,0.70,0.00,0.00,2.00,0.00,0.00,0.00,0.00,1.00,0.70,0.00,0.00,0.00,0.70,0.00,0.00,0.00,0.00,0.00,0.00,0.00,0.00,0.00,0.00,0.00,0.00,0.00,0.00,0.00,0.00,0.00,0.00,0.00,0.00,0.00,0.00,0.00,0.00,0.00,0.00,0.00,0.00,0.00,0.00,0.00,0.00,0.00,1.70,0.00,4.30,0.00,0.00,0.00,0.00,0.00,0.00,0.00,0.00,2.70,0.00,0.00,0.00,0.70,0.00,0.10,0.00,0.00,0.00,9.00,0.00,2.00,0.00,0.00,0.00,2.70,0.00,0.00,0.00,0.00,0.00,0.00,0.00,0.00,0.00,0.00,0.00,0.00,0.00,1.30,0.00,0.00,0.00,0.00,8.70,0.00,0.00,0.70,0.30,3.70,0.00,32.60,92.35,1.63,6.03,9.10,-0.47,0.340,,,,,
105,G14-04,2828.73,Buntsandstein,41.05,8.33,0.00,0.00,0.00,7.89,0.07,13.78,0.00,0.00,0.00,0.00,0.00,0.00,0.00,0.00,0.00,0.52,0.00,0.00,0.52,0.00,0.00,0.00,0.52,0.00,0.00,0.22,0.00,0.00,0.00,0.07,0.00,0.00,0.00,0.00,0.00,0.00,0.00,0.00,0.00,0.00,0.00,0.00,0.00,0.00,0.00,0.00,0.00,0.00,0.52,0.00,0.00,0.00,0.00,0.00,0.00,0.00,0.00,0.00,0.00,0.00,0.00,0.00,0.00,0.00,0.00,0.00,0.96,0.00,0.00,0.00,0.00,0.00,0.00,0.00,0.07,0.00,0.00,0.00,0.00,0.00,0.00,0.00,0.00,0.00,0.00,0.00,0.00,0.00,0.00,0.00,0.00,0.00,0.00,0.00,0.00,0.00,0.00,0.00,0.00,0.00,0.00,25.10,0.00,0.00,0.00,1.20,0.00,0.00,26.13,68.37,11.73,19.90,21.40,3.38,2414.725,,,,,
106,G14-04,2829.50,Buntsandstein,36.56,7.50,0.08,0.00,0.00,20.87,1.00,0.00,0.00,0.00,0.00,0.00,0.00,0.00,0.00,0.00,0.00,0.77,0.00,0.00,1.00,0.00,0.00,0.00,1.00,0.23,0.00,0.08,0.00,0.08,0.00,0.23,0.00,0.00,0.00,0.00,0.00,0.00,0.00,0.00,0.00,0.00,0.00,0.00,0.00,0.00,0.08,0.00,0.00,0.00,0.08,0.00,0.00,0.00,0.00,0.00,0.00,5.41,0.00,2.09,0.00,0.00,0.00,0.00,0.00,0.00,0.00,0.00,1.00,0.00,0.00,0.00,0.00,0.00,0.00,0.00,0.23,0.00,0.00,0.00,0.00,0.08,0.00,0.00,0.00,0.00,0.00,0.00,0.00,0.00,0.00,0.08,0.00,0.00,0.00,0.00,0.00,0.00,0.00,0.00,0.00,0.00,0.00,19.00,0.00,0.00,0.00,3.70,0.00,0.00,27.73,64.77,33.30,1.93,19.30,2.50,316.397,,,,,
107,G14-04,2831.57,Buntsandstein,39.11,5.41,0.08,0.00,0.00,13.12,0.82,0.08,0.00,0.00,0.00,0.00,0.00,0.00,0.00,0.00,0.00,0.00,0.00,0.00,1.64,0.00,0.00,0.00,1.64,0.82,0.00,0.25,0.00,0.82,0.00,0.57,0.00,0.00,0.00,0.00,0.00,0.00,0.00,0.00,0.00,0.00,0.00,0.00,0.00,0.00,1.64,0.00,0.00,0.00,0.00,0.00,0.00,0.00,0.00,0.00,0.00,14.76,0.00,1.39,0.00,0.00,0.00,0.00,0.00,0.00,0.00,0.00,0.57,0.08,0.00,0.00,0.00,0.00,0.00,0.00,0.08,0.00,0.00,0.00,0.00,0.00,0.00,0.00,0.00,0.00,0.00,0.00,0.00,0.00,0.00,0.82,0.00,0.00,0.00,0.00,0.00,0.00,0.00,0.00,0.00,0.00,0.00,16.10,0.00,0.00,0.00,1.90,0.00,0.00,32.99,73.18,22.91,3.91,21.50,2.41,254.849,,,,,
108,G14-04,2833.75,Buntsandstein,41.08,11.86,0.08,0.00,0.00,16.82,2.09,0.54,0.00,0.00,0.00,0.00,0.00,0.00,0.00,0.00,0.00,1.32,0.00,0.00,0.78,0.00,0.00,0.00,0.78,0.08,0.00,0.08,0.00,0.08,0.00,0.54,0.00,0.00,0.00,0.00,0.00,0.00,0.00,0.00,0.00,0.00,0.00,0.00,0.00,0.00,0.00,0.00,0.00,0.00,0.08,0.00,0.00,0.00,0.00,0.00,0.00,2.33,0.00,0.00,0.00,0.00,0.00,0.00,0.00,0.00,0.00,0.00,0.08,0.08,0.00,0.00,0.08,0.00,0.00,0.00,0.00,0.00,0.00,0.00,0.00,0.08,0.00,0.00,0.00,0.00,0.00,0.00,0.00,0.00,0.00,0.00,0.00,0.00,0.00,0.00,0.00,0.00,0.00,0.00,0.00,0.00,0.00,20.20,0.00,0.00,0.00,2.30,0.00,0.00,22.76,70.49,26.93,2.58,22.40,3.21,1626.982,,,,,
109,G14-04,2836.98,Buntsandstein,41.86,13.69,0.00,0.00,0.00,13.93,0.81,0.56,0.00,0.00,0.00,0.00,0.00,0.00,0.00,0.00,0.00,1.37,0.00,0.00,1.05,0.00,0.00,0.00,1.05,0.56,0.00,0.24,0.00,0.56,0.00,0.56,0.00,0.00,0.00,0.00,0.00,0.00,0.00,0.00,0.00,0.00,0.00,0.00,0.00,0.00,0.00,0.00,0.00,0.00,0.08,0.00,0.00,0.00,0.00,0.00,0.00,4.83,0.00,0.00,0.00,0.00,0.00,0.00,0.00,0.00,0.00,0.00,0.24,0.00,0.00,0.00,0.24,0.00,0.00,0.00,0.00,0.00,0.00,0.00,0.00,0.08,0.00,0.00,0.00,0.00,0.00,0.00,0.00,0.00,0.00,0.08,0.00,0.00,0.00,0.00,0.00,0.00,0.00,0.00,0.00,0.00,0.00,17.30,0.00,0.00,0.00,2.20,0.00,0.00,22.61,75.25,21.81,2.94,22.20,2.90,790.246,,,,,
110,G14-04,2837.99,Buntsandstein,43.44,13.60,0.00,0.00,0.00,12.56,0.24,0.00,0.00,0.00,0.00,0.00,0.00,0.00,0.00,0.00,0.00,3.20,0.00,0.00,0.56,0.00,0.00,0.00,0.56,0.24,0.00,0.08,0.00,0.24,0.00,0.80,0.00,0.00,0.00,0.00,0.00,0.00,0.00,0.00,0.00,0.00,0.00,0.00,0.00,0.00,0.08,0.00,0.00,0.00,0.24,0.00,0.00,0.00,0.00,0.00,0.00,4.00,0.00,0.00,0.00,0.00,0.00,0.00,0.00,0.00,0.00,0.00,0.56,0.00,0.00,0.00,0.24,0.00,0.00,0.00,0.00,0.00,0.00,0.00,0.00,0.08,0.00,0.00,0.00,0.00,0.00,0.00,0.00,0.00,0.00,0.08,0.00,0.00,0.00,0.00,0.00,0.00,0.00,0.00,0.00,0.00,0.00,17.60,0.00,0.00,0.00,2.40,0.00,0.00,22.40,76.67,21.51,1.83,21.20,3.08,1206.865,,,,,
111,G14-04,2841.02,Buntsandstein,36.79,4.79,0.09,0.00,0.00,15.37,1.18,0.63,0.00,0.00,0.00,0.00,0.00,0.00,0.00,0.00,0.00,0.90,0.00,0.00,0.90,0.00,0.00,0.00,0.90,1.54,0.00,0.09,0.00,0.90,0.00,0.27,0.00,0.00,0.00,0.00,0.00,0.00,0.00,0.00,0.00,0.00,0.00,0.00,0.00,0.00,7.50,0.00,0.00,0.00,0.00,0.00,0.00,0.00,0.00,0.00,0.00,2.98,0.00,0.90,0.00,0.00,0.00,0.00,0.00,0.00,0.00,0.00,0.27,0.00,0.00,0.00,2.44,0.00,0.00,0.00,0.00,0.00,0.00,0.00,0.00,0.00,0.00,0.00,0.00,0.00,0.00,0.00,0.00,0.00,0.00,12.02,0.00,0.00,0.00,0.00,0.00,0.00,0.00,0.00,0.00,0.00,0.00,8.40,0.00,0.00,0.00,1.20,0.00,0.00,15.00,68.25,28.64,3.12,21.30,2.24,175.456,,,,,
112,G14-04,2843.25,Buntsandstein,41.83,5.26,0.26,0.00,0.00,2.63,0.09,0.09,0.00,0.00,0.00,0.00,0.00,0.00,0.00,0.00,0.00,0.09,0.00,0.00,0.88,0.00,0.00,0.00,0.88,0.09,0.00,0.09,0.00,0.09,0.00,23.07,0.00,0.00,0.00,0.00,0.00,0.00,0.00,0.00,0.00,0.00,0.00,0.00,0.00,0.00,5.53,0.00,0.00,0.00,0.09,0.00,0.00,0.00,0.00,0.00,0.00,1.14,0.00,0.09,0.00,0.00,0.00,0.00,0.00,0.00,0.00,0.00,1.14,0.00,0.00,0.00,1.14,0.00,0.00,0.00,0.00,0.00,0.00,0.00,0.00,0.00,0.00,0.00,0.00,0.00,0.00,0.00,0.00,0.00,0.00,4.65,0.00,0.00,0.00,0.00,0.00,0.00,0.00,0.00,0.00,0.00,0.00,11.40,0.00,0.00,0.00,0.90,0.00,0.00,14.91,63.48,3.78,32.74,21.10,1.98,96.056,,,,,
113,G14-04,2846.50,Buntsandstein,38.12,7.34,0.10,0.00,0.00,8.58,0.67,0.29,0.00,0.00,0.00,0.00,0.00,0.00,0.00,0.00,0.00,0.10,0.00,0.00,1.62,0.00,0.00,0.00,1.62,0.10,0.00,0.10,0.00,0.10,0.00,20.30,0.00,0.00,0.00,0.00,0.00,0.00,0.00,0.00,0.00,0.00,0.00,0.00,0.00,0.00,9.82,0.00,0.00,0.00,0.00,0.00,0.00,0.00,0.00,0.00,0.00,0.95,0.00,0.10,0.00,0.00,0.00,0.00,0.00,0.00,0.00,0.00,0.29,0.00,0.00,0.00,1.91,0.00,0.00,0.00,0.00,0.00,0.00,0.00,0.00,0.00,0.00,0.00,0.00,0.00,0.00,0.00,0.00,0.00,0.00,5.43,0.00,0.00,0.00,0.00,0.00,0.00,0.00,0.00,0.00,0.00,0.00,3.70,0.00,0.00,0.00,1.00,0.00,0.00,6.94,58.96,12.11,28.92,23.30,1.90,78.648,,,,,
114,G14-04,2849.01,Buntsandstein,40.35,0.68,0.10,0.00,0.00,9.77,0.10,0.00,0.00,0.00,0.00,0.00,0.00,0.00,0.00,0.00,0.00,0.00,0.00,0.00,0.00,0.00,0.00,0.00,5.57,1.95,0.10,0.10,0.00,1.95,0.00,0.00,0.00,0.00,0.00,0.00,0.00,0.00,0.00,0.00,0.00,0.00,0.00,0.00,0.00,0.00,31.26,0.00,0.00,0.00,0.00,0.00,0.00,0.00,0.00,0.00,0.00,0.98,0.00,0.10,0.00,0.00,0.00,0.00,0.00,0.00,0.00,0.00,0.10,0.00,0.00,0.00,2.93,0.00,0.00,0.00,0.00,0.00,0.00,0.00,0.00,0.00,0.00,0.00,0.00,0.00,0.00,0.00,0.00,0.00,0.00,2.25,0.00,0.00,0.00,0.00,0.00,0.00,0.00,0.00,0.00,0.00,0.00,2.20,0.00,0.00,0.00,0.10,0.00,0.00,6.30,80.46,19.35,0.19,18.70,-0.10,0.789,,,,,
115,G14-04,2852.25,Buntsandstein,31.72,0.00,0.00,0.00,0.00,12.61,0.10,0.10,0.00,0.00,0.00,0.00,0.00,0.00,0.00,0.00,0.00,0.00,0.00,0.00,0.00,0.00,0.00,0.00,6.11,2.23,0.10,0.10,0.00,1.65,0.00,0.10,0.10,0.00,0.00,0.00,0.00,0.00,0.00,0.00,0.00,0.00,0.00,0.00,0.00,0.00,37.54,0.00,0.00,0.00,0.00,0.00,0.00,0.00,0.00,0.00,0.00,1.94,0.00,0.00,0.00,0.00,0.00,0.00,0.00,0.00,0.00,0.00,0.00,0.00,0.00,0.00,3.20,0.00,0.00,0.00,0.00,0.00,0.00,0.00,0.00,0.00,0.00,0.00,0.00,0.00,0.00,0.00,0.00,0.00,0.00,0.10,0.00,0.00,0.00,0.00,0.00,0.00,0.00,0.00,0.00,0.00,0.00,2.90,0.00,0.00,0.00,0.10,0.00,0.00,8.04,71.09,28.48,0.43,17.70,-0.64,0.230,,,,,
116,G14-04,2854.50,Buntsandstein,34.98,10.76,1.10,0.00,0.00,4.24,0.25,0.25,0.00,0.00,0.00,0.00,0.00,0.00,0.00,0.00,0.00,0.59,0.00,0.00,1.10,0.00,0.00,0.00,1.10,0.25,0.00,0.08,0.00,0.08,0.00,9.06,0.00,0.00,0.00,0.00,0.00,0.00,0.00,0.00,0.00,0.00,0.00,0.00,0.00,0.00,1.69,0.00,0.00,0.00,0.08,0.00,0.00,0.00,0.00,9.57,0.00,3.64,0.00,1.69,0.00,0.00,0.00,0.00,0.00,0.00,0.00,0.00,3.39,0.00,0.00,0.00,1.44,0.00,0.00,0.00,0.00,0.00,0.00,0.00,0.00,0.00,0.00,0.00,0.00,0.00,0.00,0.00,0.00,0.00,0.00,0.00,0.00,0.00,0.00,0.00,0.00,0.00,0.00,0.00,0.00,0.00,0.00,13.00,0.00,0.00,0.00,2.30,0.00,0.00,32.74,73.37,8.15,18.48,16.20,1.98,96.333,,,,,
117,G14-04,2857.75,Buntsandstein,48.89,0.10,0.10,0.00,0.00,15.84,0.68,0.00,0.00,0.00,0.00,0.00,0.00,0.00,0.00,0.00,0.00,0.10,0.00,0.00,0.97,0.00,0.00,0.00,3.89,0.97,0.00,0.29,0.00,0.97,0.00,1.26,0.10,0.00,0.00,0.00,0.00,0.00,0.00,0.00,0.00,0.00,0.00,0.00,0.00,0.00,14.58,0.00,0.00,0.00,0.00,0.00,0.00,0.00,0.00,0.00,0.00,0.00,0.00,0.00,0.00,0.00,0.00,0.00,0.00,0.00,0.00,0.00,0.10,0.00,0.00,0.00,3.60,0.00,0.00,0.00,0.00,0.00,0.00,0.00,0.00,0.00,0.00,0.00,0.00,0.00,0.00,0.00,0.00,0.00,0.00,5.15,0.00,0.00,0.00,0.00,0.00,0.00,0.00,0.00,0.00,0.00,0.00,1.90,0.00,0.00,0.00,0.90,0.00,0.00,5.59,72.10,24.46,3.43,20.30,0.80,6.279,,,,,
118,G14-04,2860.26,Buntsandstein,36.26,0.30,0.00,0.00,0.00,16.80,0.10,0.00,0.00,0.00,0.00,0.00,0.00,0.00,0.00,0.00,0.00,0.00,0.00,0.00,0.30,0.00,0.00,0.00,0.30,1.68,0.10,0.30,0.00,0.69,0.00,0.69,0.10,0.00,0.00,0.00,0.00,0.00,0.00,0.00,0.00,0.00,0.00,0.00,0.00,0.00,25.69,0.00,0.00,0.00,0.00,0.00,0.00,0.00,0.00,0.00,0.00,1.98,0.00,0.10,0.00,0.00,0.00,0.00,0.00,0.00,0.00,0.00,0.00,0.00,0.00,0.00,2.67,0.00,0.00,0.00,0.00,0.00,0.00,0.00,0.00,0.00,0.00,0.00,0.00,0.00,0.00,0.00,0.00,0.00,0.00,6.92,0.00,0.00,0.00,0.00,0.00,0.00,0.00,0.00,0.00,0.00,0.00,0.90,0.00,0.00,0.00,0.30,0.00,0.00,5.64,67.15,31.03,1.81,15.30,-0.24,0.572,,,,,
119,G14-04,2863.75,Buntsandstein,36.56,10.63,0.57,0.00,0.00,7.36,0.82,0.08,0.00,0.00,0.00,0.00,0.00,0.00,0.00,0.00,0.00,0.57,0.00,0.00,1.39,0.00,0.00,0.00,1.39,0.08,0.00,0.08,0.00,0.25,0.00,9.82,0.00,0.00,0.00,0.00,0.00,0.00,0.00,0.00,0.00,0.00,0.00,0.00,0.00,0.00,0.82,0.00,0.00,0.00,0.82,0.00,0.00,0.00,0.00,0.00,0.00,8.18,0.00,0.08,0.00,0.00,0.00,0.00,0.00,0.00,0.00,0.00,0.57,0.00,0.00,0.00,0.82,0.00,0.00,0.00,0.00,0.00,0.00,0.00,0.00,0.00,0.00,0.00,0.00,0.00,0.00,0.00,0.00,0.00,0.00,2.45,0.00,0.00,0.00,0.00,0.00,0.00,0.00,0.00,0.00,0.00,0.00,15.00,0.00,0.00,0.00,3.20,0.00,0.00,24.65,69.60,12.91,17.49,20.20,2.58,379.912,,,,,
120,G14-04,2866.02,Buntsandstein,36.17,11.51,0.08,0.00,0.00,10.93,0.58,0.82,0.00,0.00,0.00,0.00,0.00,0.00,0.00,0.00,0.00,0.82,0.00,0.00,0.58,0.00,0.00,0.00,0.58,0.00,0.00,0.08,0.00,0.25,0.00,11.51,0.00,0.00,0.00,0.00,0.00,0.00,0.00,0.00,0.00,0.00,0.00,0.00,0.00,0.00,1.07,0.00,0.00,0.00,0.08,0.00,0.00,0.00,0.00,0.00,0.00,7.15,0.00,0.08,0.00,0.00,0.00,0.00,0.00,0.00,0.00,0.00,0.25,0.00,0.00,0.00,0.25,0.00,0.00,0.00,0.00,0.00,0.00,0.00,0.00,0.00,0.00,0.00,0.00,0.00,0.00,0.00,0.00,0.00,0.00,0.00,0.00,0.00,0.00,0.00,0.00,0.00,0.00,0.00,0.00,0.00,0.00,14.50,0.00,0.00,0.00,3.30,0.00,0.00,22.23,65.32,16.89,17.79,23.40,2.19,156.420,,,,,
121,G14-04,2868.75,Buntsandstein,35.54,2.91,0.00,0.00,0.00,14.73,1.15,0.88,0.00,0.00,0.00,0.00,0.00,0.00,0.00,0.00,0.00,0.88,0.00,0.00,1.15,0.00,0.00,0.00,1.15,0.88,0.00,0.09,0.00,0.62,0.00,9.97,0.00,0.00,0.00,0.00,0.00,0.00,0.00,0.00,0.00,0.00,0.00,0.00,0.00,0.00,11.20,0.00,0.00,0.00,0.00,0.00,0.00,0.00,0.00,0.00,0.00,4.41,0.00,0.09,0.00,0.00,0.00,0.00,0.00,0.00,0.00,0.00,0.26,0.00,0.00,0.00,0.88,0.00,0.00,0.00,0.00,0.00,0.00,0.00,0.00,0.00,0.00,0.00,0.00,0.00,0.00,0.00,0.00,0.00,0.09,1.76,0.00,0.00,0.00,0.00,0.00,0.00,0.00,0.00,0.00,0.00,0.00,10.90,0.00,0.00,0.00,0.90,0.00,0.00,16.54,57.22,24.93,17.85,17.90,1.17,14.863,,,,,
122,G14-04,2870.75,Buntsandstein,33.60,7.26,0.27,0.00,0.00,9.35,0.91,0.09,0.00,0.00,0.00,0.00,0.00,0.00,0.00,0.00,0.00,0.00,0.00,0.00,0.91,0.00,0.00,0.00,0.91,0.00,0.00,0.27,0.00,0.09,0.00,23.61,0.00,0.00,0.00,0.00,0.00,0.00,0.00,0.00,0.00,0.00,0.00,0.00,0.00,0.00,1.18,0.00,0.00,0.00,0.00,0.00,0.00,0.00,0.00,0.00,0.00,5.18,0.00,0.64,0.00,0.00,0.00,0.00,0.00,0.00,0.00,0.00,0.27,0.00,0.00,0.00,0.91,0.00,0.00,0.00,0.00,0.00,0.00,0.00,0.00,0.00,0.00,0.00,0.00,0.00,0.00,0.00,0.00,0.00,6.36,0.00,0.00,0.00,0.00,0.00,0.00,0.00,0.00,0.00,0.00,0.00,0.00,8.20,0.00,0.00,0.00,1.00,0.00,0.00,15.19,53.76,13.50,32.74,16.40,1.18,15.132,,,,,
123,G14-04,2873.73,Buntsandstein,39.36,0.00,0.00,0.00,0.00,17.15,0.10,0.67,0.00,0.00,0.00,0.00,0.00,0.00,0.00,0.00,0.00,0.00,0.00,0.00,1.62,0.00,0.00,0.00,4.77,3.14,0.10,0.10,0.00,1.24,0.00,0.95,0.10,0.00,0.00,0.00,0.00,0.00,0.00,0.00,0.00,0.00,0.00,0.00,0.00,0.00,16.49,0.00,0.00,0.00,0.00,0.00,0.00,0.00,0.00,0.00,0.00,5.72,0.00,0.95,0.00,0.00,0.00,0.00,0.00,0.00,0.00,0.00,0.00,0.00,0.00,0.00,3.14,0.00,0.00,0.00,0.00,0.00,0.00,0.00,0.00,0.00,0.00,0.00,0.00,0.00,0.00,0.00,0.00,0.00,0.10,0.00,0.00,0.00,0.00,0.00,0.00,0.00,0.00,0.00,0.00,0.00,0.00,3.80,0.00,0.00,0.00,0.90,0.00,0.00,13.62,65.76,28.82,5.41,18.90,0.42,2.612,,,,,
124,G14-04,2877.25,Buntsandstein,40.32,0.00,0.00,0.00,0.00,16.44,0.10,0.10,0.00,0.00,0.00,0.00,0.00,0.00,0.00,0.00,0.00,0.00,0.00,0.00,0.00,0.00,0.00,0.00,3.87,2.22,0.10,0.29,0.00,1.93,0.00,0.10,2.90,0.00,0.00,0.00,0.00,0.00,0.00,0.00,0.00,0.00,0.00,0.00,0.00,0.00,21.27,0.00,0.00,0.00,0.00,0.00,0.00,0.00,0.00,0.00,0.00,3.58,0.00,0.10,0.00,0.00,0.00,0.00,0.00,0.00,0.00,0.00,0.00,0.00,0.00,0.00,3.87,0.00,0.00,0.00,0.00,0.00,0.00,0.00,0.00,0.00,0.00,0.00,0.00,0.00,0.00,0.00,0.00,0.00,0.00,0.00,0.00,0.00,0.00,0.00,0.00,0.00,0.00,0.00,0.00,0.00,0.00,3.00,0.00,0.00,0.00,0.30,0.00,0.00,10.54,70.68,28.98,0.34,17.70,-0.10,0.790,,,,,
125,G14-04,2881.25,Buntsandstein,38.15,8.12,0.09,0.00,0.00,12.22,0.09,0.61,0.00,0.00,0.00,0.00,0.00,0.00,0.00,0.00,0.00,0.00,0.00,0.00,0.09,0.00,0.00,0.00,0.09,0.00,0.00,0.26,0.00,0.09,0.00,13.36,0.00,0.00,0.00,0.00,0.00,0.00,0.00,0.00,0.00,0.00,0.00,0.00,0.00,0.00,2.01,0.00,0.00,0.00,0.09,0.00,0.00,0.00,0.00,0.00,0.00,8.73,0.00,1.75,0.00,0.00,0.00,0.00,0.00,0.00,0.00,0.00,0.09,0.00,0.00,0.00,1.13,0.00,0.00,0.00,0.00,0.00,0.00,0.00,0.00,0.00,0.00,0.00,0.00,0.00,0.00,0.00,0.00,0.00,0.00,0.00,0.00,0.00,0.00,0.00,0.00,0.00,0.00,0.00,0.00,0.00,0.00,11.00,0.00,0.00,0.00,1.70,0.00,0.00,22.70,63.63,16.93,19.45,19.30,2.19,156.410,,,,,
126,G14-04,2857.04,Buntsandstein,43.80,0.09,0.00,0.00,0.00,11.54,0.28,0.09,0.00,0.00,0.00,0.00,0.00,0.00,0.00,0.00,0.00,0.00,0.00,0.00,0.09,0.00,0.00,0.00,0.09,1.88,0.00,0.09,0.00,0.09,0.00,2.81,0.09,0.00,0.00,0.00,0.00,0.00,0.00,0.00,0.00,0.00,0.00,0.00,0.00,0.00,16.60,0.00,0.00,0.00,0.00,0.00,0.00,0.00,0.00,0.00,0.00,4.69,0.00,0.00,0.00,0.00,0.00,0.00,0.00,0.00,0.00,0.09,0.00,0.00,0.00,0.00,4.41,0.00,0.00,0.00,0.00,0.00,0.00,0.00,0.00,0.00,0.00,0.00,0.00,0.00,0.00,0.00,0.00,0.00,0.00,3.47,0.00,0.00,0.00,0.00,0.00,0.00,0.00,0.00,0.00,0.00,0.00,5.30,0.00,0.00,0.00,0.90,0.00,0.00,14.49,74.76,20.13,5.11,,,,,,,,
127,G14-A-01,2676.75,Buntsandstein,39.54,14.53,0.08,0.00,0.00,17.75,0.56,0.00,0.00,0.00,0.00,6.70,0.00,0.00,0.00,0.00,0.00,0.00,0.00,0.00,0.56,0.00,0.00,0.00,0.08,0.08,0.00,0.24,0.00,0.08,0.00,0.00,0.00,0.00,0.00,0.00,0.00,0.00,0.00,0.00,0.00,0.00,0.00,0.00,0.00,0.00,0.00,0.00,0.00,0.00,0.08,0.00,0.00,0.00,0.00,0.00,0.00,0.56,0.00,0.00,0.00,0.00,0.00,0.00,0.00,0.00,0.00,0.00,0.24,0.08,0.00,0.00,0.08,0.00,0.00,0.00,0.00,0.00,0.00,0.08,0.00,0.00,0.00,0.00,0.00,0.00,0.08,0.00,0.00,0.00,0.00,0.08,0.00,0.00,0.00,0.00,0.00,0.00,0.00,0.00,0.00,0.00,0.00,18.50,0.00,0.00,0.00,0.80,0.00,0.00,19.55,67.81,22.98,9.21,23.20,3.20,1592.000,,,,,
128,G14-A-01,2677.50,Buntsandstein,46.02,11.77,0.09,0.00,0.00,16.55,0.89,0.00,0.00,0.00,0.00,3.81,0.00,0.00,0.00,0.00,0.00,0.00,0.00,0.00,0.62,0.00,0.00,0.00,0.09,0.09,0.00,0.09,0.00,0.27,0.00,0.00,0.00,0.00,0.00,0.00,0.00,0.00,0.00,0.00,0.00,0.00,0.00,0.00,0.00,0.00,2.39,0.00,0.00,0.00,0.09,0.00,0.00,0.00,0.00,0.00,0.00,6.20,0.00,0.00,0.00,0.00,0.00,0.00,0.00,0.00,0.00,0.00,0.00,0.00,0.00,0.00,0.00,0.00,0.00,0.00,0.00,0.00,0.00,0.09,0.00,0.00,0.00,0.00,0.00,0.00,0.09,0.00,0.00,0.00,0.00,0.00,0.00,0.00,0.00,0.00,0.00,0.00,0.00,0.00,0.00,0.00,0.00,10.90,0.00,0.00,0.00,0.60,0.00,0.00,17.18,72.48,21.86,5.66,21.00,2.44,275.000,,,,,
129,G14-A-01,2681.75,Buntsandstein,43.81,19.04,0.00,0.00,0.00,13.07,1.11,0.00,0.00,0.00,0.00,7.09,0.00,0.00,0.00,0.00,0.00,0.00,0.00,0.00,0.09,0.00,0.00,0.00,0.00,0.09,0.00,0.09,0.00,0.09,0.00,0.00,0.00,0.00,0.00,0.00,0.00,0.00,0.00,0.00,0.00,0.00,0.00,0.00,0.00,0.00,0.26,0.00,0.00,0.00,0.09,0.00,0.00,0.00,0.00,0.00,0.00,1.11,0.00,0.00,0.00,0.00,0.00,0.00,0.00,0.00,0.00,0.00,0.09,0.09,0.00,0.00,0.09,0.00,0.00,0.00,0.09,0.00,0.00,0.00,0.00,0.00,0.00,0.00,0.00,0.00,0.09,0.00,0.00,0.00,0.00,0.09,0.00,0.00,0.00,0.00,0.00,0.00,0.00,0.00,0.00,0.00,0.00,14.50,0.00,0.00,0.00,0.10,0.00,0.00,16.04,74.65,16.84,8.52,18.70,2.98,964.000,,,,,
130,G14-A-01,2684.24,Buntsandstein,43.82,10.61,0.24,0.00,0.00,14.93,1.63,0.00,0.00,0.00,0.00,5.96,0.00,0.00,0.00,0.00,0.00,0.00,0.00,0.24,0.57,0.00,0.00,0.00,0.08,0.08,0.00,0.08,0.00,0.24,0.00,0.00,0.00,0.00,0.00,0.00,0.00,0.00,0.00,0.00,0.00,0.00,0.00,0.00,0.00,0.00,0.82,0.00,0.00,0.00,0.00,0.00,0.00,0.00,0.00,0.00,0.00,2.20,0.00,0.00,0.00,0.00,0.00,0.00,0.00,0.00,0.00,0.00,0.24,0.08,0.00,0.00,0.00,0.00,0.00,0.00,0.00,0.00,0.00,0.00,0.00,0.00,0.00,0.00,0.00,0.00,0.00,0.00,0.00,0.00,0.00,0.00,0.00,0.00,0.00,0.00,0.00,0.00,0.00,0.00,0.00,0.00,0.00,17.90,0.00,0.00,0.00,0.50,0.00,0.00,20.43,69.77,21.23,9.00,21.60,2.91,810.000,,,,,
131,G14-A-01,2688.00,Buntsandstein,45.88,5.95,0.82,0.00,0.00,21.43,1.39,0.00,0.00,0.00,0.00,2.45,0.00,0.00,0.00,0.00,0.00,0.00,0.00,0.24,0.24,0.00,0.00,0.00,0.08,0.08,0.00,0.08,0.00,0.24,0.00,0.00,0.00,0.00,0.00,0.00,0.00,0.00,0.00,0.00,0.00,0.00,0.00,0.00,0.00,0.00,0.24,0.00,0.00,0.00,0.00,0.00,0.00,0.00,0.00,0.00,0.00,2.69,0.00,0.00,0.00,0.00,0.00,0.00,0.00,0.00,0.00,0.00,0.00,0.00,0.00,0.00,0.00,0.00,0.00,0.00,0.00,0.00,0.00,0.00,0.00,0.00,0.00,0.00,0.00,0.00,0.00,0.00,0.00,0.00,0.00,0.00,0.00,0.00,0.00,0.00,0.00,0.00,0.00,0.00,0.00,0.00,0.00,17.70,0.00,0.00,0.00,0.80,0.00,0.00,20.39,66.11,29.11,4.78,25.70,3.01,1014.000,,,,,
132,G14-A-01,2689.52,Buntsandstein,46.75,7.06,0.26,0.00,0.00,12.08,0.62,0.00,0.00,0.00,0.00,5.03,0.00,0.00,0.00,0.00,0.00,0.00,0.00,0.26,0.00,0.00,0.00,0.00,0.00,0.09,0.00,0.09,0.00,0.09,0.00,0.00,0.00,0.00,0.00,0.00,0.00,0.00,0.00,0.00,0.00,0.00,0.00,0.00,0.00,0.00,8.82,0.00,0.00,0.00,1.76,0.00,0.00,0.00,0.00,0.00,0.00,5.56,0.00,0.00,0.00,0.00,0.00,0.00,0.00,0.00,0.00,0.00,0.00,0.00,0.00,0.00,0.00,0.00,0.00,0.00,0.00,0.00,0.00,0.00,0.00,0.00,0.00,0.00,0.00,0.00,0.00,0.00,0.00,0.00,0.00,0.00,0.00,0.00,0.00,0.00,0.00,0.00,0.00,0.00,0.00,0.00,0.00,10.90,0.00,0.00,0.00,0.90,0.00,0.00,16.46,74.66,17.63,7.71,20.00,1.93,86.000,,,,,
133,G14-A-01,2692.25,Buntsandstein,33.60,23.37,0.00,0.00,0.00,9.68,0.08,0.00,0.00,0.00,0.00,11.57,0.00,0.00,0.00,0.00,0.00,0.00,0.00,0.08,0.55,0.00,0.00,0.00,0.00,0.00,0.00,0.08,0.00,0.00,0.00,0.00,0.00,0.00,0.00,0.00,0.00,0.00,0.00,0.00,0.00,0.00,0.00,0.00,0.00,0.00,0.00,0.00,0.00,0.00,0.08,0.00,0.00,0.00,0.00,0.00,0.00,0.08,0.00,0.00,0.00,0.00,0.00,0.00,0.00,0.00,0.00,0.00,0.00,0.00,0.00,0.00,0.00,0.00,0.00,0.00,0.00,0.00,0.00,0.00,0.00,0.00,0.00,0.00,0.00,0.00,0.00,0.00,0.00,0.00,0.00,0.00,0.00,0.00,0.00,0.00,0.00,0.00,0.00,0.00,0.00,0.00,0.00,21.00,0.00,0.00,0.00,0.30,0.00,0.00,21.08,72.18,12.36,15.45,21.00,3.95,8942.000,,,,,
134,G14-A-01,2696.00,Buntsandstein,35.65,12.32,0.00,0.00,0.00,20.25,0.77,0.00,0.00,0.00,0.00,6.16,0.00,0.00,0.00,0.00,0.00,0.00,0.00,0.23,0.00,0.00,0.00,0.00,0.00,0.08,0.00,0.23,0.00,0.08,0.00,0.00,0.00,0.00,0.00,0.00,0.00,0.00,0.00,0.00,0.00,0.00,0.00,0.00,0.00,0.00,0.23,0.00,0.00,0.00,0.23,0.00,0.00,0.00,0.00,0.00,0.00,1.00,0.00,0.00,0.00,0.00,0.00,0.00,0.00,0.00,0.00,0.00,0.00,0.00,0.00,0.00,0.00,0.00,0.00,0.00,0.00,0.00,0.00,0.00,0.00,0.00,0.00,0.00,0.00,0.00,0.00,0.00,0.00,0.00,0.00,0.00,0.00,0.00,0.00,0.00,0.00,0.00,0.00,0.00,0.00,0.00,0.00,22.90,0.00,0.00,0.00,0.10,0.00,0.00,23.90,63.64,27.89,8.48,26.10,3.54,3504.000,,,,,
135,G14-A-01,2700.00,Buntsandstein,39.98,13.09,0.24,0.00,0.00,14.11,0.78,0.00,0.00,0.00,0.00,7.29,0.00,0.00,0.00,0.00,0.00,0.00,0.00,0.08,0.24,0.00,0.00,0.00,0.08,0.08,0.00,0.08,0.00,0.08,0.00,0.00,0.00,0.00,0.00,0.00,0.00,0.00,0.00,0.00,0.00,0.00,0.00,0.00,0.00,0.00,0.00,0.00,0.00,0.00,0.00,0.00,0.00,0.00,0.00,0.00,0.00,2.59,0.00,0.00,0.00,0.00,0.00,0.00,0.00,0.00,0.00,0.00,0.00,0.00,0.00,0.00,0.08,0.00,0.00,0.00,0.00,0.00,0.00,0.00,0.00,0.00,0.00,0.00,0.00,0.00,0.08,0.00,0.00,0.00,0.00,0.00,0.00,0.00,0.00,0.00,0.00,0.00,0.00,0.00,0.00,0.00,0.00,21.30,0.00,0.00,0.00,0.30,0.00,0.00,24.04,70.01,19.65,10.34,24.00,3.31,2044.000,,,,,
136,G14-A-01,2701.25,Buntsandstein,39.41,13.63,0.00,0.00,0.00,14.93,1.06,0.00,0.00,0.00,0.00,6.53,0.00,0.00,0.00,0.00,0.00,0.00,0.00,0.57,0.57,0.00,0.00,0.00,0.08,0.08,0.00,0.24,0.00,0.24,0.00,0.00,0.00,0.00,0.00,0.00,0.00,0.00,0.00,0.00,0.00,0.00,0.00,0.00,0.00,0.00,2.20,0.00,0.00,0.00,0.24,0.00,0.00,0.00,0.00,0.00,0.00,1.88,0.00,0.00,0.00,0.00,0.00,0.00,0.00,0.00,0.00,0.00,0.00,0.00,0.00,0.00,0.08,0.00,0.00,0.00,0.00,0.00,0.00,0.00,0.00,0.00,0.00,0.00,0.00,0.00,0.08,0.00,0.00,0.00,0.00,0.00,0.00,0.00,0.00,0.00,0.00,0.00,0.00,0.00,0.00,0.00,0.00,18.30,0.00,0.00,0.00,0.10,0.00,0.00,20.34,69.15,20.85,10.00,25.30,3.19,1533.000,,,,,
137,G14-A-01,2703.25,Buntsandstein,33.44,10.87,0.09,0.00,0.00,14.86,0.93,0.00,0.00,0.00,0.00,4.65,0.00,0.00,0.00,0.00,0.00,0.00,0.00,0.00,0.28,0.00,0.00,0.00,0.65,0.28,0.00,0.09,0.00,0.09,0.00,0.00,0.00,0.00,0.00,0.00,0.00,0.00,0.00,0.00,0.00,0.00,0.00,0.00,0.00,0.00,15.14,0.00,0.00,0.00,0.65,0.00,0.00,0.00,0.00,0.00,0.00,10.22,0.00,0.00,0.00,0.00,0.00,0.00,0.00,0.00,0.00,0.00,0.00,0.00,0.00,0.00,0.93,0.00,0.00,0.00,0.00,0.00,0.00,0.00,0.00,0.00,0.00,0.00,0.00,0.00,0.93,0.00,0.00,0.00,0.00,0.00,0.00,0.00,0.00,0.00,0.00,0.00,0.00,0.00,0.00,0.00,0.00,6.50,0.00,0.00,0.00,0.60,0.00,0.00,18.58,68.05,24.25,7.70,16.10,1.97,94.000,,,,,
138,G14-A-01,2705.50,Buntsandstein,44.46,9.35,0.00,0.00,0.00,15.56,0.85,0.00,0.00,0.00,0.00,5.36,0.00,0.00,0.00,0.00,0.00,0.00,0.00,0.26,0.26,0.00,0.00,0.00,0.60,0.09,0.00,0.26,0.00,0.09,0.00,0.00,0.00,0.00,0.00,0.00,0.00,0.00,0.00,0.00,0.00,0.00,0.00,0.00,0.00,0.00,3.15,0.00,0.00,0.00,0.26,0.00,0.00,0.00,0.00,0.00,0.00,2.81,0.00,0.00,0.00,0.00,0.00,0.00,0.00,0.00,0.00,0.00,0.00,0.00,0.00,0.00,0.26,0.00,0.00,0.00,0.00,0.00,0.00,0.00,0.00,0.00,0.00,0.00,0.00,0.00,0.26,0.00,0.00,0.00,0.00,0.00,0.00,0.00,0.00,0.00,0.00,0.00,0.00,0.00,0.00,0.00,0.00,14.70,0.00,0.00,0.00,0.30,0.00,0.00,18.02,70.73,21.56,7.71,23.60,3.48,3000.000,,,,,
139,G14-A-01,2682.00,Buntsandstein,32.20,21.88,0.00,0.00,0.00,14.14,0.83,0.00,0.00,0.00,0.00,9.15,0.00,0.00,0.00,0.00,0.00,0.00,0.00,0.00,0.08,0.00,0.00,0.00,0.00,0.08,0.00,0.25,0.00,0.08,0.00,0.00,0.00,0.00,0.00,0.00,0.00,0.00,0.00,0.00,0.00,0.00,0.00,0.00,0.00,0.00,0.08,0.00,0.00,0.00,0.00,0.00,0.00,0.00,0.00,0.00,0.00,4.74,0.00,0.00,0.00,0.00,0.00,0.00,0.08,0.00,0.00,0.00,0.00,0.00,0.00,0.00,0.00,0.00,0.00,0.00,0.00,0.00,0.00,0.00,0.00,0.00,0.00,0.00,0.00,0.00,0.00,0.00,0.00,0.00,0.00,0.00,0.00,0.00,0.00,0.00,0.00,0.00,0.00,0.00,0.00,0.00,0.00,16.70,0.00,0.00,0.00,0.10,0.00,0.00,21.53,69.08,19.13,11.80,,,,,,,,
140,G14-B-02,2908.77,Buntsandstein,37.24,22.74,0.08,0.00,0.00,2.25,0.08,0.25,0.00,0.00,0.00,2.75,0.00,0.00,0.00,0.00,0.00,0.00,0.00,0.00,0.25,0.00,0.00,0.00,0.00,0.00,0.00,0.25,0.00,0.08,0.00,9.16,0.00,0.00,0.00,0.00,0.00,0.00,0.00,0.00,0.00,0.00,0.00,0.00,0.00,0.00,1.92,0.00,0.00,0.00,1.67,0.00,0.00,0.00,0.00,0.00,0.00,2.58,0.00,0.08,0.00,0.00,0.00,0.00,0.00,0.00,0.00,0.00,0.58,0.25,0.00,0.00,0.08,0.00,0.00,0.00,0.08,0.00,0.00,0.00,0.00,0.00,0.00,0.00,0.00,0.00,0.00,0.00,0.00,0.00,0.00,1.08,0.00,0.00,0.00,0.00,0.00,0.00,0.25,0.00,0.00,0.00,0.00,15.00,0.00,0.00,0.00,1.70,0.00,0.00,18.67,80.18,3.12,16.70,24.70,3.19,1561.075,,,,,
141,G14-B-02,2909.28,Buntsandstein,37.53,13.23,0.63,0.00,0.00,8.73,1.53,0.09,0.00,0.00,0.00,2.97,0.00,0.00,0.00,0.00,0.00,0.00,0.00,0.00,0.90,0.00,0.00,0.00,0.63,0.63,0.00,0.09,0.00,0.09,0.00,3.33,0.00,0.00,0.00,0.00,0.00,0.00,0.00,0.00,0.00,0.00,0.00,0.00,0.00,0.00,6.03,0.00,0.00,0.00,1.53,0.00,0.00,0.00,0.00,0.00,0.00,8.64,0.00,0.63,0.00,0.00,0.00,0.00,0.00,0.00,0.00,0.00,0.27,0.09,0.00,0.00,0.63,0.00,0.00,0.00,0.63,0.00,0.00,0.00,0.00,0.00,0.00,0.00,0.00,0.00,0.00,0.00,0.00,0.00,0.00,1.80,0.00,0.00,0.00,0.00,0.00,0.00,0.00,0.00,0.00,0.00,0.00,9.40,0.00,0.00,0.00,0.60,0.00,0.00,20.29,73.63,14.88,11.49,19.30,2.14,139.212,,,,,
142,G14-B-02,2909.50,Buntsandstein,34.07,11.01,0.09,0.00,0.00,10.40,1.73,0.61,0.00,0.00,0.00,1.73,0.00,0.00,0.00,0.00,0.00,0.00,0.00,0.26,0.26,0.00,0.00,0.00,0.26,0.09,0.00,0.26,0.00,0.09,0.00,3.47,0.00,0.00,0.00,0.00,0.00,0.00,0.00,0.00,0.00,0.00,0.00,0.00,0.00,0.00,6.07,0.00,0.00,0.00,2.34,0.00,0.00,0.00,0.00,0.00,0.00,11.27,0.00,0.87,0.00,0.00,0.00,0.00,0.00,0.00,0.00,0.00,0.09,0.09,0.00,0.00,0.26,0.00,0.00,0.00,0.09,0.00,0.00,0.00,0.00,0.00,0.00,0.00,0.00,0.00,0.00,0.00,0.00,0.00,0.00,1.73,0.00,0.00,0.00,0.00,0.00,0.00,0.00,0.00,0.00,0.00,0.00,13.00,0.00,0.00,0.00,0.30,0.00,0.00,25.66,70.84,19.07,10.08,19.00,1.61,40.389,,,,,
143,G14-B-02,2910.27,Buntsandstein,33.50,12.12,0.08,0.00,0.00,8.16,0.55,1.35,0.00,0.00,0.00,3.41,0.00,0.00,0.00,0.00,0.00,0.00,0.00,0.08,0.08,0.00,0.00,0.00,0.24,0.24,0.00,0.24,0.00,0.24,0.00,2.93,0.00,0.00,0.00,0.00,0.00,0.00,0.00,0.00,0.00,0.00,0.00,0.00,0.00,0.00,1.58,0.00,0.00,0.00,0.55,0.00,0.00,0.00,0.00,0.00,0.00,13.15,0.00,0.24,0.00,0.00,0.00,0.00,0.00,0.00,0.00,0.00,0.08,0.24,0.00,0.00,0.08,0.00,0.00,0.00,0.08,0.00,0.00,0.00,0.00,0.00,0.00,0.00,0.00,0.00,0.00,0.00,0.00,0.00,0.00,0.08,0.24,0.00,0.00,0.00,0.00,0.00,0.08,0.00,0.00,0.00,0.00,19.20,0.00,0.00,0.00,1.60,0.00,0.00,33.06,73.28,13.99,12.72,22.60,2.38,237.881,,,,,
144,G14-B-02,2913.26,Buntsandstein,19.46,3.60,0.00,0.00,0.00,3.21,0.10,0.00,0.00,0.00,0.00,0.10,0.00,0.00,0.00,0.00,0.00,0.00,0.00,0.00,0.29,0.00,0.00,0.00,8.76,3.60,0.68,0.29,0.00,0.29,0.00,0.00,0.00,0.00,0.00,0.00,0.00,0.00,0.00,0.00,0.00,0.00,0.00,0.00,0.00,0.00,25.01,0.00,0.00,0.00,0.10,0.00,0.00,0.00,0.00,0.00,0.00,24.62,0.00,0.10,0.00,0.00,0.00,0.00,0.00,0.00,0.00,0.00,0.00,0.00,0.00,0.00,1.95,0.00,0.00,0.00,1.95,0.00,0.00,0.00,0.00,0.00,0.00,0.00,0.00,0.00,0.00,0.00,0.00,0.00,0.00,3.60,0.00,0.00,0.00,0.00,0.00,0.00,0.00,0.00,0.00,0.00,0.00,2.60,0.00,0.00,0.00,0.10,0.00,0.00,31.21,86.18,12.36,1.45,18.30,-0.12,0.766,,,,,
145,G14-B-02,2916.00,Buntsandstein,23.13,5.05,0.10,0.00,0.00,4.09,1.62,0.29,0.00,0.00,0.00,0.29,0.00,0.00,0.00,0.00,0.00,0.00,0.00,0.00,0.10,0.00,0.00,0.00,2.19,0.29,0.10,0.29,0.00,0.29,0.00,1.24,0.00,0.00,0.00,0.00,0.00,0.00,0.00,0.00,0.00,0.00,0.00,0.00,0.00,0.00,30.75,0.00,0.00,0.00,1.62,0.00,0.00,0.00,0.00,0.00,0.00,20.66,0.00,0.67,0.00,0.00,0.00,0.00,0.00,0.00,0.00,0.00,0.29,0.10,0.00,0.00,0.10,0.00,0.00,0.00,0.95,0.00,0.00,0.00,0.00,0.00,0.00,0.00,0.00,0.00,0.00,0.00,0.00,0.00,0.00,1.24,0.00,0.00,0.00,0.00,0.00,0.00,0.10,0.00,0.00,0.00,0.00,4.50,0.00,0.00,0.00,0.30,0.00,0.00,27.25,78.51,15.92,5.57,14.20,1.16,14.347,,,,,
146,G14-B-02,2916.77,Buntsandstein,13.82,4.70,0.09,0.00,0.00,2.16,1.88,0.28,0.00,0.00,0.00,1.22,0.00,0.00,0.00,0.00,0.00,0.00,0.00,0.09,0.28,0.00,0.00,0.00,2.54,0.28,0.09,0.09,0.00,0.28,0.00,0.28,0.00,0.00,0.00,0.00,0.00,0.00,0.00,0.00,0.00,0.00,0.00,0.00,0.00,0.00,52.36,0.00,0.00,0.00,0.28,0.00,0.00,0.00,0.00,0.00,0.00,11.00,0.00,0.28,0.00,0.00,0.00,0.00,0.00,0.00,0.00,0.00,0.09,0.00,0.00,0.00,0.09,0.00,0.00,0.00,0.66,0.00,0.00,0.00,0.00,0.00,0.00,0.00,0.00,0.00,0.00,0.00,0.00,0.00,0.00,1.60,0.09,0.00,0.00,0.00,0.00,0.00,0.00,0.00,0.00,0.00,0.00,5.70,0.00,0.00,0.00,0.30,0.00,0.00,17.83,74.62,16.29,9.09,14.90,-0.73,0.185,,,,,
147,G14-B-02,2918.77,Buntsandstein,36.76,14.06,0.09,0.00,0.00,7.63,1.84,2.11,0.00,0.00,0.00,3.95,0.00,0.00,0.00,0.00,0.00,0.00,0.00,0.28,0.09,0.00,0.00,0.00,0.09,0.00,0.00,0.09,0.00,0.09,0.00,1.19,0.00,0.00,0.00,0.00,0.00,0.00,0.00,0.00,0.00,0.00,0.00,0.00,0.00,0.00,0.64,0.00,0.00,0.00,0.28,0.00,0.00,0.00,0.00,0.00,0.00,18.38,0.00,0.09,0.00,0.00,0.00,0.00,0.00,0.00,0.00,0.00,0.92,0.09,0.00,0.00,0.28,0.00,0.00,0.00,0.28,0.00,0.09,0.00,0.00,0.00,0.00,0.00,0.00,0.00,0.00,0.00,0.00,0.00,0.00,3.03,0.00,0.00,0.00,0.00,0.00,0.00,0.09,0.00,0.00,0.00,0.00,8.00,0.00,0.00,0.00,0.10,0.00,0.00,28.13,74.73,13.92,11.35,15.50,1.43,26.624,,,,,
148,G14-B-02,2919.25,Buntsandstein,19.42,4.86,0.10,0.00,0.00,2.62,0.29,54.38,0.00,0.00,0.00,1.65,0.00,0.00,0.00,0.00,0.00,0.00,0.00,0.29,0.10,0.00,0.00,0.00,0.10,0.10,0.00,0.10,0.00,0.00,0.00,0.97,0.00,0.00,0.00,0.00,0.00,0.00,0.00,0.00,0.00,0.00,0.00,0.00,0.00,0.00,6.12,0.00,0.00,0.00,0.29,0.00,0.00,0.00,0.00,0.00,0.00,4.86,0.00,0.10,0.00,0.00,0.00,0.00,0.00,0.00,0.00,0.00,0.10,0.00,0.00,0.00,0.10,0.00,0.00,0.00,0.10,0.00,0.00,0.00,0.00,0.00,0.00,0.00,0.00,0.00,0.00,0.00,0.00,0.00,0.00,1.26,0.00,0.00,0.00,0.00,0.00,0.00,0.10,0.00,0.00,0.00,0.00,2.30,0.00,0.00,0.00,0.60,0.00,0.00,7.54,28.67,3.44,67.89,18.00,0.85,7.101,,,,,
149,G14-B-02,2919.54,Buntsandstein,33.77,11.07,0.28,0.00,0.00,10.41,1.89,0.09,0.00,0.00,0.00,3.12,0.00,0.00,0.00,0.00,0.00,0.00,0.00,0.00,0.09,0.00,0.00,0.00,0.28,0.28,0.00,0.66,0.00,0.09,0.00,0.66,0.00,0.00,0.00,0.00,0.00,0.00,0.00,0.00,0.00,0.00,0.00,0.00,0.00,0.00,5.39,0.00,0.00,0.00,0.28,0.00,0.00,0.00,0.00,0.00,0.00,23.08,0.00,0.95,0.00,0.00,0.00,0.00,0.00,0.00,0.00,0.00,0.66,0.09,0.00,0.00,0.09,0.00,0.00,0.00,0.28,0.00,0.09,0.00,0.00,0.00,0.00,0.00,0.00,0.00,0.00,0.00,0.00,0.00,0.00,1.61,0.09,0.00,0.00,0.00,0.00,0.00,0.09,0.00,0.00,0.00,0.00,5.10,0.00,0.00,0.00,0.30,0.00,0.00,30.36,73.04,20.03,6.93,16.20,0.86,7.191,,,,,
150,G14-B-02,2924.00,Buntsandstein,35.40,17.84,0.66,0.00,0.00,4.98,1.22,9.39,0.00,0.00,0.00,1.60,0.00,0.00,0.00,0.00,0.00,0.00,0.00,0.00,0.09,0.00,0.00,0.00,0.66,0.28,0.00,0.28,0.00,0.09,0.00,0.28,0.00,0.00,0.00,0.00,0.00,0.00,0.00,0.00,0.00,0.00,0.00,0.00,0.00,0.00,2.16,0.00,0.00,0.00,0.09,0.00,0.00,0.00,0.00,0.00,0.00,12.49,0.00,1.22,0.00,0.00,0.00,0.00,0.00,0.00,0.00,0.00,4.41,0.28,0.00,0.00,0.09,0.00,0.00,0.00,0.28,0.00,0.09,0.00,0.00,0.00,0.00,0.00,0.00,0.00,0.00,0.00,0.00,0.00,0.00,0.28,0.00,0.00,0.00,0.00,0.00,0.00,0.09,0.00,0.00,0.00,0.00,6.00,0.00,0.00,0.00,0.10,0.00,0.00,24.87,74.51,8.67,16.82,15.00,1.28,18.905,,,,,
151,G14-B-02,2925.00,Buntsandstein,16.42,10.72,0.00,0.00,0.00,3.13,0.95,0.09,0.00,0.00,0.00,4.08,0.00,0.00,0.00,0.00,0.00,0.00,0.00,0.28,0.00,0.00,0.00,0.00,1.90,0.66,0.28,0.09,0.00,0.09,0.00,0.00,0.00,0.00,0.00,0.00,0.00,0.00,0.00,0.00,0.00,0.00,0.00,0.00,0.00,0.00,42.04,0.00,0.00,0.00,0.28,0.00,0.00,0.00,0.00,0.00,0.00,8.64,0.00,0.66,0.00,0.00,0.00,0.00,0.00,0.00,0.00,0.00,1.23,0.00,0.00,0.00,0.66,0.00,0.00,0.00,0.09,0.00,0.00,0.00,0.00,0.00,0.00,0.00,0.00,0.00,0.00,0.00,0.00,0.00,0.00,2.85,0.00,0.00,0.00,0.00,0.00,0.00,0.00,0.00,0.00,0.00,0.00,4.80,0.00,0.00,0.00,0.30,0.00,0.00,16.09,76.06,11.44,12.50,16.70,0.06,1.136,,,,,
152,G14-B-02,2926.75,Buntsandstein,35.73,17.45,0.25,0.00,0.00,10.80,0.58,0.00,0.00,0.00,0.00,3.91,0.00,0.00,0.00,0.00,0.00,0.00,0.00,0.25,0.08,0.00,0.00,0.00,0.08,0.08,0.00,0.58,0.00,0.08,0.00,0.00,0.00,0.00,0.00,0.00,0.00,0.00,0.00,0.00,0.00,0.00,0.00,0.00,0.00,0.00,1.41,0.00,0.00,0.00,0.08,0.00,0.00,0.00,0.00,0.00,0.00,7.73,0.00,0.58,0.00,0.00,0.00,0.00,0.00,0.00,0.00,0.00,3.32,0.25,0.00,0.00,0.25,0.00,0.00,0.00,0.08,0.00,0.08,0.00,0.00,0.00,0.00,0.00,0.00,0.00,0.00,0.00,0.00,0.00,0.00,0.08,0.00,0.00,0.00,0.00,0.00,0.00,0.08,0.00,0.00,0.00,0.00,16.60,0.00,0.00,0.00,0.30,0.00,0.00,28.90,77.02,16.49,6.50,22.60,2.34,218.733,,,,,
153,G14-B-02,2935.50,Buntsandstein,18.73,6.90,0.30,0.00,0.00,6.21,0.99,0.00,0.00,0.00,0.00,2.66,0.00,0.00,0.00,0.00,0.00,0.00,0.00,0.10,0.10,0.00,0.00,0.00,4.93,0.10,0.10,0.69,0.00,0.10,0.00,0.10,0.00,0.00,0.00,0.00,0.00,0.00,0.00,0.00,0.00,0.00,0.00,0.00,0.00,0.00,43.38,0.00,0.00,0.00,0.30,0.00,0.00,0.00,0.00,0.00,0.00,10.25,0.00,0.10,0.00,0.00,0.00,0.00,0.00,0.00,0.00,0.00,0.69,0.10,0.00,0.00,0.10,0.00,0.00,0.00,0.30,0.00,0.00,0.00,0.00,0.00,0.00,0.00,0.00,0.00,0.00,0.00,0.00,0.00,0.00,2.27,0.10,0.00,0.00,0.00,0.00,0.00,0.10,0.00,0.00,0.00,0.00,1.30,0.00,0.00,0.00,0.10,0.00,0.00,12.84,71.04,19.95,9.02,13.50,0.16,1.442,,,,,
154,G14-B-02,2937.54,Buntsandstein,8.11,1.66,0.29,0.00,0.00,1.95,1.27,0.10,0.00,0.00,0.00,0.98,0.00,0.00,0.00,0.00,0.00,0.00,0.00,0.00,0.10,0.00,0.00,0.00,2.25,0.98,0.10,0.10,0.00,0.10,0.00,0.00,0.00,0.00,0.00,0.00,0.00,0.00,0.00,0.00,0.00,0.00,0.00,0.00,0.00,0.00,70.64,0.00,0.00,0.00,0.10,0.00,0.00,0.00,0.00,0.00,0.00,4.89,0.00,0.10,0.00,0.00,0.00,0.00,0.00,0.00,0.00,0.00,0.29,0.00,0.00,0.00,0.98,0.00,0.00,0.00,0.10,0.00,0.00,0.00,0.00,0.00,0.00,0.00,0.00,0.00,0.00,0.00,0.00,0.00,0.00,3.22,0.10,0.00,0.00,0.00,0.00,0.00,0.00,0.00,0.00,0.00,0.00,1.30,0.00,0.00,0.00,1.00,0.00,0.00,7.65,67.57,22.30,10.14,13.80,-0.32,0.475,,,,,
155,G14-B-02,2941.00,Buntsandstein,19.37,4.62,0.69,0.00,0.00,3.93,0.29,17.01,0.00,0.00,0.00,2.26,0.00,0.00,0.00,0.00,0.00,0.00,0.00,0.69,0.29,0.00,0.00,0.00,1.67,0.29,0.10,0.29,0.00,0.29,0.00,0.69,0.00,0.00,0.00,0.00,0.00,0.00,0.00,0.00,0.00,0.00,0.00,0.00,0.00,0.00,30.77,0.00,0.00,0.00,0.10,0.00,0.00,0.00,0.00,0.00,0.00,8.55,0.00,0.10,0.00,0.00,0.00,0.00,0.00,0.00,0.00,0.00,0.29,0.00,0.00,0.00,0.29,0.00,0.00,0.00,0.29,0.00,0.00,0.00,0.00,0.00,0.00,0.00,0.00,0.00,0.00,0.00,0.00,0.00,0.00,5.60,0.00,0.00,0.00,0.00,0.00,0.00,0.00,0.00,0.00,0.00,0.00,1.60,0.00,0.00,0.00,0.10,0.00,0.00,11.14,48.13,8.48,43.39,13.60,-0.83,0.147,,,,,
156,G14-B-02,2945.50,Buntsandstein,32.72,15.09,0.09,0.00,0.00,7.54,0.94,0.94,0.00,0.00,0.00,4.72,0.00,0.00,0.00,0.00,0.00,0.00,0.00,0.09,0.09,0.00,0.00,0.00,1.89,0.94,0.09,0.09,0.00,0.09,0.00,0.09,0.00,0.00,0.00,0.00,0.00,0.00,0.00,0.00,0.00,0.00,0.00,0.00,0.00,0.00,20.09,0.00,0.00,0.00,0.09,0.00,0.00,0.00,0.00,0.00,0.00,6.41,0.00,0.09,0.00,0.00,0.00,0.00,0.00,0.00,0.00,0.00,0.09,0.09,0.00,0.00,0.09,0.00,0.00,0.00,0.28,0.00,0.00,0.00,0.00,0.00,0.00,0.00,0.00,0.00,0.00,0.00,0.00,0.00,0.00,2.55,0.00,0.00,0.00,0.00,0.00,0.00,0.28,0.00,0.00,0.00,0.00,5.10,0.00,0.00,0.00,0.60,0.00,0.00,12.17,76.70,13.62,9.68,14.80,0.35,2.215,,,,,
157,G14-B-02,2946.00,Buntsandstein,34.41,8.39,0.10,0.00,0.00,12.53,2.22,2.60,0.00,0.00,0.00,3.18,0.00,0.00,0.00,0.00,0.00,0.00,0.00,0.67,0.96,0.00,0.00,0.00,0.96,0.29,0.00,0.29,0.00,0.10,0.00,0.00,0.00,0.00,0.00,0.00,0.00,0.00,0.00,0.00,0.00,0.00,0.00,0.00,0.00,0.00,18.99,0.00,0.00,0.00,0.10,0.00,0.00,0.00,0.00,0.00,0.00,6.46,0.00,0.10,0.00,0.00,0.00,0.00,0.00,0.00,0.00,0.00,0.10,0.96,0.00,0.00,0.29,0.00,0.00,0.00,0.29,0.00,0.00,0.00,0.00,0.00,0.00,0.00,0.00,0.00,0.00,0.00,0.00,0.00,0.00,2.89,0.00,0.00,0.00,0.00,0.00,0.00,0.00,0.00,0.00,0.00,0.00,3.50,0.00,0.00,0.00,0.10,0.00,0.00,11.69,65.78,22.67,11.56,12.60,0.38,2.372,,,,,
158,G14-B-02,2959.25,Buntsandstein,25.95,5.48,0.10,0.00,0.00,4.81,2.59,3.84,0.00,0.00,0.00,3.56,0.00,0.00,0.00,0.00,0.00,0.00,0.00,0.67,1.25,0.00,0.00,0.00,2.88,1.92,0.29,0.29,0.00,0.67,0.00,0.00,0.00,0.00,0.00,0.00,0.00,0.00,0.00,0.00,0.00,0.00,0.00,0.00,0.00,0.00,29.79,0.00,0.00,0.00,0.10,0.00,0.00,0.00,0.00,0.00,0.00,9.03,0.00,0.10,0.00,0.00,0.00,0.00,0.00,0.00,0.00,0.00,0.29,0.29,0.00,0.00,0.67,0.00,0.00,0.00,0.10,0.00,0.00,0.00,0.00,0.00,0.00,0.00,0.00,0.00,0.00,0.00,0.00,0.00,0.00,1.92,0.00,0.00,0.00,0.00,0.00,0.00,0.00,0.00,0.00,0.00,0.00,3.80,0.00,0.00,0.00,0.10,0.00,0.00,14.27,65.14,15.34,19.52,14.80,-0.19,0.647,,,,,
159,G14-B-02,2962.11,Buntsandstein,33.74,15.52,0.08,0.00,0.00,8.42,2.45,3.02,0.00,0.00,0.00,5.72,0.00,0.00,0.00,0.00,0.00,0.00,0.00,0.25,0.08,0.00,0.00,0.00,0.08,0.08,0.00,0.08,0.00,0.25,0.00,0.08,0.00,0.00,0.00,0.00,0.00,0.00,0.00,0.00,0.00,0.00,0.00,0.00,0.00,0.00,1.39,0.00,0.00,0.00,0.00,0.00,0.00,0.00,0.00,0.00,0.00,5.96,0.00,0.25,0.00,0.00,0.00,0.00,0.00,0.00,0.00,0.00,4.09,0.00,0.00,0.00,0.08,0.00,0.00,0.00,0.08,0.00,0.08,0.00,0.00,0.00,0.00,0.00,0.00,0.00,0.00,0.00,0.00,0.00,0.00,0.25,0.00,0.00,0.00,0.00,0.00,0.00,0.25,0.00,0.00,0.00,0.00,16.90,0.00,0.00,0.00,1.40,0.00,0.00,27.44,71.02,15.67,13.31,23.00,2.50,315.683,,,,,
160,G16-06,2890.70,Jurassic,17.00,5.67,0.00,0.00,0.00,0.00,2.67,0.00,0.00,0.00,0.00,0.00,0.00,0.33,0.00,0.00,0.00,0.00,0.00,0.00,0.00,0.00,0.00,0.00,0.00,0.00,0.00,0.67,0.00,0.00,0.00,0.00,0.00,0.00,0.00,0.00,0.00,0.00,0.00,20.67,0.00,0.00,0.00,0.00,0.00,0.00,12.33,0.00,0.00,0.00,0.00,0.00,0.00,0.00,0.00,0.00,0.00,0.70,0.00,39.33,0.00,0.00,0.00,0.00,0.00,0.00,0.00,0.00,0.00,0.00,0.00,0.00,0.00,0.00,0.00,0.00,0.33,0.00,0.00,0.00,0.00,0.00,0.00,0.00,0.00,0.00,0.00,0.00,0.00,0.00,0.00,0.00,0.00,0.00,0.00,0.00,0.00,0.00,0.33,0.00,0.00,0.00,0.00,0.00,0.00,0.00,0.00,0.00,0.00,0.00,40.37,88.31,10.39,1.31,9.20,-1.70,0.020,,,,,
161,G16-06,2891.80,Jurassic,10.67,1.33,0.00,0.00,13.00,0.00,0.67,0.00,1.67,0.00,26.33,0.00,0.00,0.00,0.33,0.00,0.00,0.00,0.00,0.00,0.33,0.00,0.00,0.00,0.00,0.00,0.00,0.00,0.00,0.00,0.00,0.00,0.00,0.00,0.00,0.00,0.00,10.67,0.00,0.33,0.00,0.00,0.00,0.00,0.00,0.00,23.00,0.00,0.00,0.00,0.00,0.00,0.00,0.00,0.00,0.00,0.00,1.00,0.00,10.00,0.00,0.00,0.00,0.00,0.00,0.00,0.00,0.00,0.00,0.00,0.00,0.00,0.00,0.00,0.00,0.00,0.67,0.00,0.00,0.00,0.00,0.00,0.00,0.00,0.00,0.00,0.00,0.00,0.00,0.00,0.00,0.00,0.00,0.00,0.00,0.00,0.00,0.00,0.00,0.00,0.00,0.00,0.00,0.00,0.00,0.00,0.00,0.00,0.00,0.00,11.67,38.46,1.03,60.51,5.80,,,,,,,
162,G16-06,2901.25,Jurassic,26.00,5.33,0.33,9.67,17.00,0.00,0.00,0.00,1.00,0.00,0.00,0.00,0.00,0.00,0.67,0.00,0.00,0.00,0.00,0.00,0.00,0.00,0.00,0.00,0.00,0.00,0.00,0.00,0.00,0.00,0.00,0.00,0.00,0.00,0.00,0.00,0.00,0.00,0.00,0.00,0.00,0.00,0.00,0.00,0.00,0.00,0.00,0.00,0.00,0.00,0.00,0.00,0.00,0.00,20.00,0.00,0.00,0.00,0.00,0.00,0.00,0.00,0.00,0.00,0.00,0.00,0.00,0.00,0.00,0.00,0.00,0.00,0.00,0.00,0.00,0.00,0.00,0.00,0.00,0.00,0.00,0.00,0.00,0.00,0.00,0.00,0.00,0.00,0.00,0.00,0.00,0.00,0.00,0.00,0.00,0.00,0.00,0.00,20.00,0.00,0.00,0.00,0.00,0.00,0.00,0.00,0.00,0.00,0.00,0.00,0.00,96.67,0.00,3.33,7.20,-1.40,0.040,,,,,
163,G16-06,2902.50,Jurassic,0.00,2.67,0.33,6.00,63.33,0.00,0.00,0.00,0.00,0.00,0.00,0.00,0.00,0.00,0.00,0.00,0.00,0.00,0.00,0.00,1.00,0.00,0.00,0.00,0.00,0.00,0.00,0.00,0.00,0.00,0.00,0.00,0.00,0.00,0.00,0.00,0.00,0.00,0.00,0.00,0.00,0.00,0.00,0.00,0.00,0.00,0.00,0.00,0.00,0.00,0.00,0.00,0.00,0.00,0.67,0.00,0.00,0.00,0.00,0.00,0.00,0.00,0.00,0.00,3.00,0.00,0.33,0.00,8.00,0.00,0.00,0.00,0.00,0.00,0.00,0.00,0.00,0.00,0.00,0.00,0.00,0.00,0.00,0.00,0.00,0.00,0.00,0.00,0.00,0.00,0.00,0.00,0.00,0.00,0.00,0.00,0.00,0.00,0.00,0.00,4.67,0.00,0.00,6.67,0.00,0.00,3.00,0.33,0.00,0.00,21.00,98.18,0.00,1.82,10.10,1.32,20.910,,,,,
164,G16-06,2932.00,Jurassic,27.33,3.00,0.00,10.00,5.00,0.00,0.00,0.00,0.00,0.00,0.00,0.00,0.00,0.00,0.00,0.00,0.00,0.00,0.00,0.00,0.00,0.00,0.00,0.00,0.00,0.00,0.00,0.00,0.00,0.00,0.00,0.00,14.33,0.00,0.00,0.00,0.00,0.00,0.00,0.00,0.00,0.00,0.00,0.00,0.00,0.00,38.33,0.00,0.00,0.00,0.00,0.00,0.00,0.00,0.00,0.00,0.00,0.00,0.00,1.67,0.00,0.00,0.00,0.00,0.00,0.00,0.00,0.00,0.00,0.00,0.00,0.00,0.00,0.00,0.00,0.00,0.33,0.00,0.00,0.00,0.00,0.00,0.00,0.00,0.00,0.00,0.00,0.00,0.00,0.00,0.00,0.00,0.00,0.00,0.00,0.00,0.00,0.00,0.00,0.00,0.00,0.00,0.00,0.00,0.00,0.00,0.00,0.00,0.00,0.00,2.00,100.00,0.00,0.00,10.80,,,,,,,
165,G16-06,2936.00,Jurassic,30.33,12.00,0.00,9.67,25.33,0.00,0.00,0.00,0.00,0.00,0.00,0.00,0.00,0.00,0.00,0.00,0.00,0.00,0.00,0.00,0.00,0.00,0.00,0.00,0.00,0.00,0.00,0.00,0.00,0.00,0.00,0.00,1.67,0.00,0.00,0.00,0.00,0.00,0.00,0.00,0.00,0.00,0.00,0.00,0.00,0.00,0.00,0.00,0.00,0.00,0.00,0.00,0.00,0.00,2.67,0.00,0.00,0.00,0.00,0.00,0.00,0.00,0.00,0.00,1.33,0.00,0.00,0.00,8.00,0.00,0.00,0.00,0.00,0.00,0.00,0.00,2.33,0.00,0.00,0.00,0.00,0.00,0.00,0.00,0.00,0.00,0.00,0.00,0.00,0.00,0.00,0.00,0.00,0.00,0.00,0.00,0.00,0.00,4.00,0.00,0.00,0.00,0.00,2.33,0.00,0.00,0.00,0.33,0.00,0.00,14.00,100.00,0.00,0.00,11.80,0.45,2.790,,,,,
166,G16-06,2941.70,Jurassic,23.67,3.00,0.00,2.00,0.00,0.00,0.00,0.00,2.00,0.00,0.00,0.00,0.00,0.00,0.33,0.00,0.00,0.00,0.00,0.00,0.00,0.00,0.00,0.00,0.00,0.00,0.00,0.00,0.00,0.00,0.00,0.00,1.67,0.00,0.00,0.00,0.00,28.67,0.00,0.00,0.00,0.00,0.00,0.00,0.00,0.00,0.00,0.00,0.00,0.00,0.00,0.00,0.00,27.33,10.33,0.00,0.00,0.00,0.00,0.67,0.00,0.00,0.00,0.00,0.00,0.00,0.00,0.00,0.00,0.00,0.00,0.00,0.00,0.00,0.00,0.00,0.33,0.00,0.00,0.00,0.00,0.00,0.00,0.00,0.00,0.00,0.00,0.00,0.00,0.00,0.00,0.00,0.00,0.00,0.00,0.00,0.00,0.00,0.00,0.00,0.00,0.00,0.00,0.00,0.00,0.00,0.00,0.00,0.00,0.00,1.00,48.04,0.00,51.95,10.80,-1.22,0.060,,,,,
167,G16-06,2943.38,Jurassic,12.33,1.00,0.00,0.33,8.33,0.00,0.33,0.00,7.00,0.00,37.33,0.00,0.00,0.00,0.00,0.00,0.00,0.00,0.00,0.00,0.00,0.00,0.00,0.00,0.00,0.00,0.00,4.67,0.00,0.00,0.00,0.00,4.67,0.00,0.00,0.00,0.00,5.33,0.00,0.00,0.00,0.00,0.00,0.00,0.00,0.00,0.00,0.00,0.00,0.00,0.00,0.00,0.00,13.00,0.00,0.00,0.00,2.00,0.00,0.67,0.00,0.00,0.00,0.00,0.00,0.00,0.00,0.00,0.00,0.00,0.00,0.00,0.00,0.00,0.00,0.00,1.67,0.00,0.00,0.00,0.00,0.00,0.00,0.00,0.67,0.00,0.00,0.00,0.00,0.00,0.00,0.00,0.00,0.00,0.00,0.00,0.00,0.00,0.00,0.00,0.00,0.00,0.00,0.00,0.00,0.00,0.00,0.67,0.00,0.00,5.00,30.56,0.46,68.98,9.20,-0.08,0.840,,,,,
168,G16-06,2926.35,Jurassic,0.00,0.00,0.00,0.00,0.00,0.00,0.00,0.00,0.00,0.00,0.00,0.00,0.00,0.00,0.00,0.00,0.00,0.00,0.00,0.00,0.00,0.00,0.00,0.00,0.00,0.00,0.00,0.00,0.00,0.00,0.00,0.00,0.00,0.00,0.00,0.00,0.00,0.00,0.00,0.00,66.00,0.00,0.00,0.00,0.00,0.00,0.00,0.00,0.00,0.00,0.00,0.00,0.00,0.00,21.00,0.00,0.00,0.00,0.00,0.00,0.00,0.00,0.00,0.00,0.00,0.00,0.00,0.00,0.00,0.00,0.00,0.00,0.00,0.00,0.00,1.00,12.00,0.00,0.00,0.00,0.00,0.00,0.00,0.00,0.00,0.00,0.00,0.00,0.00,0.00,0.00,0.00,0.00,0.00,0.00,0.00,0.00,0.00,0.00,0.00,0.00,0.00,0.00,0.00,0.00,0.00,0.00,0.00,0.00,0.00,13.00,,,,,,,,,,,
169,G16-A-01,2474.25,Jurassic,19.00,8.00,0.00,6.30,5.70,0.00,0.00,0.00,3.70,1.00,2.00,0.00,0.00,0.00,0.00,0.00,0.00,0.00,0.00,0.00,0.00,0.00,0.00,0.00,0.00,0.00,0.00,0.00,0.00,0.00,0.00,0.00,0.00,0.00,0.00,0.00,0.00,4.00,0.00,0.00,0.00,0.00,0.00,0.00,0.00,0.00,1.00,0.00,0.00,0.00,0.00,0.00,0.00,17.70,5.70,0.00,0.00,8.70,0.00,14.00,0.00,0.00,0.00,0.00,0.00,0.00,0.00,0.00,0.00,0.00,0.00,0.00,0.00,0.00,0.00,0.00,0.00,0.00,0.00,0.00,0.00,0.00,0.00,0.00,0.00,0.00,0.00,0.00,0.00,0.00,0.00,0.00,0.00,0.00,0.00,0.00,0.00,0.00,2.70,0.00,0.00,0.00,0.00,0.00,0.00,0.00,0.00,0.30,0.30,0.00,22.70,78.47,0.00,21.53,8.10,-1.70,0.020,,,,,
170,G16-A-01,2477.75,Jurassic,6.00,5.70,0.00,25.70,30.70,0.00,0.00,0.00,0.00,0.70,3.00,2.70,0.00,0.00,0.00,0.00,0.00,0.00,0.00,0.00,0.00,0.00,0.00,0.00,0.00,0.00,0.00,0.00,0.00,0.00,0.00,0.00,0.00,0.00,0.00,0.00,0.00,4.00,0.00,0.00,0.00,0.00,0.00,0.00,0.00,0.00,0.30,0.00,0.00,0.00,0.00,0.00,0.00,4.30,0.30,0.00,0.00,0.70,0.00,3.00,2.00,0.00,0.00,0.00,0.00,0.00,0.00,0.00,0.00,0.00,0.00,0.00,0.00,0.00,0.00,0.00,0.00,0.00,2.00,0.00,0.00,0.00,0.00,0.00,0.00,0.00,0.00,0.00,0.00,0.00,0.00,0.00,0.00,0.00,0.00,0.00,0.00,0.00,4.00,0.00,0.00,0.00,0.00,4.00,0.00,0.00,0.00,0.70,0.30,0.00,11.70,86.75,0.00,13.25,11.30,0.21,1.630,,,,,
171,G16-A-01,2478.50,Jurassic,7.30,3.00,0.00,23.30,44.00,0.00,0.00,0.00,0.70,0.00,0.70,2.00,0.00,0.00,0.00,0.00,0.00,0.00,0.00,0.00,0.00,0.00,0.00,0.00,0.00,0.00,0.00,0.00,0.00,0.00,0.00,0.00,0.00,0.00,0.00,0.00,0.00,0.70,0.00,0.00,0.00,0.00,0.00,0.00,0.00,0.00,1.70,0.00,0.00,0.00,0.00,0.00,0.00,0.00,4.70,0.00,0.00,0.00,0.00,0.00,0.00,0.00,0.00,0.00,0.00,0.00,0.00,0.00,0.00,0.00,0.00,0.00,0.00,0.00,0.00,0.00,0.00,0.00,0.00,0.00,0.00,0.00,0.00,0.00,0.00,0.00,0.00,0.00,0.00,0.00,0.00,0.00,0.00,0.00,0.00,0.00,0.00,0.00,1.30,0.00,0.00,0.00,0.00,7.00,0.00,0.00,1.00,2.70,0.00,0.00,8.00,94.98,0.00,5.02,14.50,2.29,196.000,,,,,
172,G16-A-01,2481.00,Jurassic,17.70,4.00,0.00,1.00,0.70,0.30,0.70,0.00,4.00,0.00,0.00,0.00,0.00,0.00,0.00,0.00,0.00,0.00,0.00,0.00,0.00,0.00,0.00,0.00,0.00,0.00,0.00,0.00,0.00,0.00,0.00,0.00,0.00,0.00,0.00,0.00,0.00,1.00,0.00,0.00,0.00,0.00,0.00,0.00,0.00,0.00,2.30,0.00,0.00,0.00,0.00,0.00,0.00,47.00,7.00,0.00,0.00,8.30,0.00,4.00,0.00,0.00,0.00,0.00,0.00,0.00,0.00,0.00,0.00,0.00,0.00,0.00,0.30,0.00,0.00,0.00,0.70,0.00,0.00,0.00,0.00,0.00,0.00,0.00,0.00,0.00,0.00,0.00,0.00,0.00,0.00,0.00,0.00,0.00,0.00,0.00,0.00,0.00,0.00,0.00,0.00,0.00,0.00,0.70,0.00,0.00,0.00,0.00,0.30,0.00,14.00,79.59,3.40,17.01,9.10,0.47,2.970,,,,,
173,G16-A-01,2483.75,Jurassic,3.70,3.30,0.00,18.30,48.70,0.00,0.00,0.00,0.70,0.30,0.00,4.70,0.00,0.00,0.00,0.00,0.00,0.00,0.00,0.00,0.00,0.00,0.00,0.00,0.00,0.00,0.00,0.00,0.00,0.00,0.00,0.00,0.00,0.00,0.00,0.00,0.00,0.00,0.00,0.00,0.00,0.00,0.00,0.00,0.00,0.00,1.70,0.00,0.00,0.00,0.00,0.00,0.00,0.00,1.70,0.00,0.00,0.00,0.00,0.00,0.00,0.00,0.00,0.00,0.00,0.00,0.00,0.00,0.30,0.00,0.00,0.00,0.00,0.00,0.00,0.00,0.00,0.00,0.70,0.00,0.00,0.00,0.00,0.00,0.00,0.00,0.00,0.00,0.00,0.00,0.00,0.00,0.00,0.00,0.00,0.00,0.00,0.00,1.30,0.00,0.00,0.00,0.00,10.30,0.00,0.00,1.70,2.70,0.00,0.00,13.00,92.85,0.00,7.15,19.40,2.66,461.000,,,,,
174,G16-A-01,2485.50,Jurassic,7.70,4.00,0.00,22.00,41.00,0.00,0.00,0.00,1.00,0.00,0.00,5.30,0.00,0.00,0.00,0.00,0.00,0.00,0.00,0.00,0.00,0.00,0.00,0.00,0.00,0.00,0.00,0.00,0.00,0.00,0.00,0.00,0.00,0.00,0.00,0.00,0.00,0.00,0.00,0.00,0.00,0.00,0.00,0.00,0.00,0.00,0.70,0.00,0.00,0.00,0.00,0.00,0.00,0.00,1.00,0.00,0.00,0.00,0.00,1.00,0.00,0.00,0.00,0.00,0.00,0.00,0.00,0.00,0.30,0.00,0.00,0.00,0.00,0.00,0.00,0.00,0.00,0.00,1.30,0.00,0.00,0.00,0.00,0.00,0.00,0.00,0.00,0.00,0.00,0.00,0.00,0.00,0.00,0.00,0.00,0.00,0.00,0.00,2.00,0.00,0.00,0.00,0.00,9.70,0.00,0.00,0.30,2.70,0.00,0.00,12.60,92.22,0.00,7.78,18.90,2.66,460.000,,,,,
175,G16-A-01,2489.50,Jurassic,23.30,8.70,0.00,23.30,21.70,0.00,0.30,0.00,0.30,0.00,1.00,0.70,0.00,0.00,0.00,0.00,0.00,0.00,0.00,0.00,0.00,0.00,0.00,0.00,0.00,0.00,0.00,0.00,0.00,0.00,0.00,0.00,1.70,0.00,0.00,0.00,0.00,0.00,0.00,0.00,0.00,0.00,0.00,0.00,0.00,0.00,2.70,0.00,0.00,0.00,0.00,0.00,0.00,0.00,3.30,0.00,0.00,0.00,0.00,0.30,0.30,0.00,0.00,0.00,0.00,0.00,0.00,0.00,0.00,0.00,0.00,0.00,0.00,0.00,0.00,0.00,1.30,0.00,1.00,0.00,0.00,0.00,0.00,0.00,0.00,0.00,0.00,0.00,0.00,0.00,0.00,0.00,0.00,0.00,0.00,0.00,0.00,0.00,2.30,0.00,0.00,0.00,0.00,6.30,0.00,0.00,0.70,0.70,0.00,0.00,9.90,97.10,0.38,2.52,17.30,2.15,140.000,,,,,
176,G16-A-01,2490.75,Jurassic,2.30,1.70,0.00,23.70,45.00,0.00,0.00,0.00,0.00,0.00,0.00,1.70,0.00,0.00,0.00,0.00,0.00,0.00,0.00,0.00,0.00,0.00,0.00,0.00,0.00,0.00,0.00,0.00,0.00,0.00,0.00,0.00,0.00,0.00,0.00,0.00,0.00,0.00,0.00,0.00,0.00,0.00,0.00,0.00,0.00,0.00,1.70,0.00,0.00,0.00,0.00,0.00,0.00,0.00,0.00,0.00,0.00,0.00,0.00,0.10,0.00,0.00,0.00,0.00,1.00,0.00,0.00,0.00,1.00,0.00,0.00,0.00,0.00,0.00,0.00,0.00,0.70,0.00,1.00,0.00,0.00,0.00,0.00,0.00,0.00,0.00,0.00,0.00,0.00,0.00,0.00,0.00,0.00,0.00,0.00,0.00,0.00,0.00,0.30,0.00,0.00,0.00,0.00,17.30,0.00,0.00,2.30,0.30,0.00,0.00,23.40,97.72,0.00,2.28,19.90,3.60,3977.000,,,,,
177,G16-A-01,2491.44,Jurassic,0.30,28.30,0.00,5.30,0.00,0.00,0.00,0.00,0.00,0.00,0.00,0.10,0.00,0.00,0.00,0.00,0.00,0.00,0.00,0.00,0.00,0.00,0.00,0.00,0.00,0.00,0.00,0.00,0.00,0.00,0.00,0.00,0.00,0.00,1.30,0.00,0.00,47.00,0.00,0.00,0.00,0.00,0.00,0.00,0.00,0.00,4.00,0.00,0.00,0.00,0.00,0.00,0.00,0.00,0.00,0.00,0.00,0.00,0.00,6.30,0.00,0.00,0.00,0.00,0.00,0.00,0.00,0.00,0.00,0.00,0.00,0.00,0.00,0.00,0.00,0.00,2.30,0.00,0.00,0.00,0.00,0.00,0.00,0.00,0.00,0.00,0.00,0.00,0.00,0.00,0.00,0.00,0.00,0.00,0.00,0.00,0.00,0.00,0.30,0.00,0.00,0.00,0.00,2.30,0.00,0.00,0.00,0.30,2.00,0.00,10.90,41.85,0.00,58.15,2.30,,,,,,,
178,G16-A-01,2492.24,Jurassic,12.70,1.30,0.00,1.30,1.30,0.00,0.00,0.00,1.30,0.00,1.00,0.00,0.00,0.00,0.00,0.00,0.00,0.00,0.00,0.00,0.00,0.00,0.00,0.30,0.00,0.00,0.00,0.00,0.00,0.00,0.00,0.00,1.30,0.00,0.00,0.00,0.00,12.70,0.00,0.00,0.00,0.00,0.00,0.00,0.00,0.00,9.30,0.00,0.00,0.00,0.00,0.00,0.00,47.00,0.00,0.00,0.00,0.30,0.00,1.00,0.00,0.00,0.00,0.00,0.00,0.00,0.00,0.00,4.70,0.00,0.00,0.00,0.70,0.00,0.00,0.00,2.70,0.00,0.30,0.00,0.00,0.00,0.00,0.00,0.00,0.00,0.00,0.00,0.00,0.00,0.00,0.00,0.00,0.00,0.00,0.00,0.00,0.00,0.00,0.00,0.00,0.00,0.00,0.00,0.00,0.00,0.00,0.00,0.70,0.00,9.70,52.53,0.00,47.47,5.00,-2.00,0.010,,,,,
179,G16-A-01,2505.00,Jurassic,5.30,4.00,0.00,29.30,38.70,0.00,0.30,0.00,0.00,0.30,1.00,1.70,0.00,0.00,0.00,0.00,0.00,0.00,0.00,0.00,0.00,0.00,0.00,0.00,0.00,0.00,0.00,0.00,0.00,0.00,0.00,0.00,0.00,0.00,0.00,0.00,0.00,0.00,0.00,0.00,0.00,0.00,0.00,0.00,0.00,0.00,0.70,0.00,0.00,0.00,0.00,0.00,0.00,0.00,0.00,0.00,0.00,0.00,0.00,0.00,0.00,0.00,0.00,0.00,0.00,0.00,0.00,0.00,0.10,0.00,0.00,0.00,0.00,0.00,0.00,0.00,0.30,0.00,1.00,0.00,0.00,0.00,0.00,0.00,0.00,0.00,0.00,0.00,0.00,0.00,0.00,0.00,0.00,0.00,0.00,0.00,0.00,0.00,1.70,0.00,0.00,0.00,0.00,11.70,0.00,0.00,2.30,1.70,0.00,0.00,15.40,95.91,0.37,3.72,20.50,2.43,269.000,,,,,
180,G16-A-01,2515.00,Jurassic,30.30,9.30,0.00,9.30,11.00,0.30,0.70,0.00,0.00,0.00,0.30,1.30,0.00,0.00,0.00,0.00,0.00,0.00,0.00,0.00,0.00,0.00,0.00,0.00,0.00,0.00,0.00,0.00,0.00,0.00,0.00,0.00,16.70,0.00,0.00,0.00,0.00,0.00,0.00,0.00,0.00,0.00,0.00,0.00,0.00,0.00,11.00,0.00,0.00,0.00,0.00,0.00,0.00,0.00,2.70,0.00,0.00,0.00,0.00,0.00,0.00,0.00,0.00,0.00,0.00,0.00,0.00,0.00,0.00,0.00,0.00,0.00,0.00,0.00,0.00,0.00,0.30,0.00,1.70,0.00,0.00,0.00,0.00,0.00,0.00,0.00,0.00,0.00,0.00,0.00,0.00,0.00,0.00,0.00,0.00,0.00,0.00,0.00,1.30,0.00,0.00,0.00,0.00,2.70,0.00,0.00,0.70,0.30,0.00,0.00,5.40,95.84,1.60,2.56,10.30,-0.57,0.270,,,,,
181,G16-A-01,2517.50,Jurassic,10.30,3.00,0.00,13.70,43.30,0.00,0.00,0.00,0.00,0.00,0.00,0.00,0.00,0.00,0.00,0.00,0.00,0.00,0.00,0.00,0.00,0.00,0.00,0.00,0.00,0.00,0.00,0.00,0.00,0.00,0.00,0.00,7.00,0.00,0.00,0.00,0.00,0.30,0.00,0.00,0.00,0.00,0.00,0.00,0.00,0.00,3.30,0.00,0.00,0.00,0.00,0.00,0.00,0.00,1.30,0.00,0.00,0.10,0.00,5.70,0.00,0.00,0.00,0.00,0.00,0.00,0.00,0.00,0.00,0.00,0.00,0.00,0.00,0.00,0.00,0.00,2.70,0.00,2.30,0.00,0.00,0.00,0.00,0.00,0.00,0.00,0.00,0.00,0.00,0.00,0.00,0.00,0.00,0.00,0.00,0.00,0.00,0.00,2.70,0.00,0.00,0.00,0.00,3.30,0.00,0.00,0.00,1.00,0.00,0.00,14.10,99.58,0.00,0.42,8.40,-0.15,0.710,,,,,
182,G16-A-01-S1,2547.00,Jurassic,33.00,8.70,0.00,6.30,9.00,0.00,0.70,0.00,0.70,0.00,0.30,0.00,0.00,0.00,0.00,0.00,0.00,0.00,0.00,0.00,0.00,0.00,0.00,0.00,0.00,0.00,0.00,0.00,0.00,0.00,0.00,0.00,16.00,0.00,0.00,0.00,0.00,0.00,0.00,0.00,0.00,0.00,0.00,0.00,0.00,0.00,5.00,0.00,0.00,0.00,0.00,0.00,0.00,0.00,1.00,0.00,0.00,0.00,0.00,7.30,0.00,0.00,0.00,0.00,0.00,0.00,0.00,0.00,0.00,0.00,0.00,0.00,0.00,0.00,0.00,0.00,3.30,0.00,2.30,0.00,0.00,0.00,0.00,0.00,0.00,0.00,0.00,0.00,0.00,0.00,0.00,0.00,0.00,0.00,0.00,0.00,0.00,0.00,2.70,0.00,0.00,0.00,0.00,3.00,0.00,0.00,0.00,0.70,0.00,0.00,15.90,97.10,1.19,1.70,10.00,-0.35,0.450,,,,,
183,G16-A-01-S1,2571.00,Jurassic,0.30,0.30,0.00,0.00,0.00,0.00,0.00,0.00,0.30,0.00,0.00,0.00,0.00,0.00,0.00,0.00,0.00,0.00,0.00,0.00,0.00,0.00,0.00,0.00,0.00,0.00,0.00,0.00,0.00,0.00,0.00,0.00,0.00,0.00,0.00,0.00,0.00,35.00,0.00,0.00,0.00,0.00,0.00,0.00,0.00,0.00,9.30,0.00,0.00,0.00,0.00,0.00,0.00,45.30,2.30,0.00,0.00,0.00,0.00,0.00,0.00,0.00,0.00,0.00,0.00,0.00,0.00,0.00,0.30,0.00,0.00,0.00,0.00,0.00,0.00,0.00,1.70,0.00,0.00,0.00,0.00,0.00,0.00,0.00,0.00,0.00,0.00,0.00,0.00,0.00,0.00,0.00,0.00,0.00,0.00,0.00,0.00,0.00,1.00,0.00,0.00,0.00,0.00,0.00,0.00,0.00,0.00,1.70,2.30,0.00,2.00,1.67,0.00,98.33,7.30,-2.00,0.010,,,,,
184,G16-A-01-S1,2573.50,Jurassic,4.00,0.00,0.00,0.70,0.00,0.00,0.30,0.00,0.00,0.00,0.00,0.00,0.00,0.00,0.00,0.00,0.00,0.00,0.00,0.00,0.00,0.00,0.00,0.00,0.00,0.00,0.00,0.00,0.00,0.00,0.00,0.00,0.00,0.00,0.00,0.00,0.00,15.00,0.00,0.00,0.00,0.00,0.00,0.00,0.00,0.00,5.30,0.00,0.00,0.00,0.00,0.00,0.00,72.70,0.00,0.00,0.00,0.00,0.00,0.00,0.00,0.00,0.00,0.00,0.30,0.00,0.00,0.00,0.00,0.00,0.00,0.00,0.00,0.00,0.00,0.00,1.30,0.00,0.00,0.00,0.00,0.00,0.00,0.00,0.00,0.00,0.00,0.00,0.00,0.00,0.00,0.00,0.00,0.00,0.00,0.00,0.00,0.00,0.00,0.00,0.00,0.00,0.00,0.00,0.00,0.00,0.00,0.00,0.30,0.00,1.60,23.50,1.50,75.00,8.90,,,,,,,
185,G16-A-01-S1,2580.00,Jurassic,1.30,0.00,0.00,1.00,0.30,0.00,0.00,0.00,3.30,0.00,0.00,0.00,0.00,0.00,0.00,0.00,0.00,0.00,0.00,0.00,0.00,0.00,0.00,0.00,0.00,0.00,0.00,0.00,0.00,0.00,0.00,0.00,0.70,0.00,0.00,0.00,0.00,7.70,0.00,0.00,0.00,0.00,0.00,0.00,0.00,0.00,28.70,0.00,0.00,0.00,0.00,0.00,0.00,55.00,0.70,0.00,0.00,0.00,0.00,0.00,0.00,0.00,0.00,0.00,0.00,0.00,0.00,0.00,0.00,0.00,0.00,0.00,0.00,0.00,0.00,0.00,1.30,0.00,0.00,0.00,0.00,0.00,0.00,0.00,0.00,0.00,0.00,0.00,0.00,0.00,0.00,0.00,0.00,0.00,0.00,0.00,0.00,0.00,0.00,0.00,0.00,0.00,0.00,0.00,0.00,0.00,0.00,0.00,0.00,0.00,1.30,19.12,0.00,80.88,7.80,,,,,,,
186,G16-A-01-S1,2598.00,Jurassic,5.00,0.30,0.00,2.70,0.30,0.00,0.00,0.00,0.00,0.00,0.00,0.00,0.00,0.00,0.00,0.00,0.00,0.00,0.00,0.00,0.00,0.00,0.00,0.00,0.00,0.00,0.00,0.00,0.00,0.00,0.00,0.00,0.70,0.00,0.00,0.00,0.00,42.00,4.30,0.00,0.00,0.00,0.00,0.00,0.00,0.00,28.70,0.00,0.00,0.00,0.00,0.00,0.00,15.30,0.00,0.00,0.00,0.10,0.00,0.10,0.00,0.00,0.00,0.00,0.00,0.00,0.00,0.00,0.30,0.00,0.00,0.00,0.00,0.00,0.00,0.00,0.30,0.00,0.00,0.00,0.00,0.00,0.00,0.00,0.00,0.00,0.00,0.00,0.00,0.00,0.00,0.00,0.00,0.00,0.00,0.00,0.00,0.00,0.00,0.00,0.00,0.00,0.00,0.00,0.00,0.00,0.00,0.00,0.00,0.00,0.80,15.20,0.00,84.80,5.10,-0.85,0.140,,,,,
187,G16-A-01-S1,2492.00,Jurassic,14.70,0.00,0.00,0.00,0.00,0.00,0.00,0.00,0.00,0.00,0.00,0.00,0.00,0.00,0.00,0.00,0.00,0.00,0.00,0.00,0.00,0.00,0.00,0.00,0.00,0.00,0.00,0.00,0.00,0.00,0.00,0.00,0.00,0.00,0.00,0.00,0.00,0.00,0.00,0.00,0.00,0.00,0.00,0.00,0.00,0.00,49.00,0.00,0.00,0.00,0.00,0.00,0.00,31.00,0.00,0.00,0.00,2.70,0.00,1.70,0.00,0.00,0.00,0.00,0.00,0.00,0.00,0.00,0.00,0.00,0.00,0.00,0.00,0.00,0.00,0.00,1.00,0.00,0.00,0.00,0.00,0.00,0.00,0.00,0.00,0.00,0.00,0.00,0.00,0.00,0.00,0.00,0.00,0.00,0.00,0.00,0.00,0.00,0.00,0.00,0.00,0.00,0.00,0.00,0.00,0.00,0.00,0.00,0.00,0.00,5.40,100.00,0.00,0.00,6.40,,,,,,,
188,G16-A-01-S1,2497.00,Jurassic,4.30,0.00,0.00,0.00,0.00,0.00,0.00,0.00,0.00,0.00,0.00,0.00,0.00,0.00,0.00,0.00,0.00,0.00,0.00,0.00,0.00,0.00,0.00,0.00,0.00,0.00,0.00,0.00,0.00,0.00,0.00,0.00,0.00,0.00,0.00,0.00,0.00,0.00,0.00,0.00,0.00,0.00,0.00,0.00,0.00,0.00,11.70,0.00,0.00,0.00,0.00,0.00,0.00,81.00,0.00,0.00,0.00,0.00,0.00,2.30,0.00,0.00,0.00,0.00,0.00,0.00,0.00,0.00,0.00,0.00,0.00,0.00,0.00,0.00,0.00,0.00,0.00,0.00,0.00,0.00,0.00,0.00,0.00,0.00,0.00,0.00,0.00,0.00,0.00,0.00,0.00,0.00,0.00,0.00,0.00,0.00,0.00,0.00,0.00,0.00,0.00,0.00,0.00,0.00,0.00,0.00,0.00,0.00,0.70,0.00,2.30,100.00,0.00,0.00,8.10,-1.70,0.020,,,,,
189,G16-A-01-S1,2502.00,Jurassic,25.30,8.30,0.00,9.00,7.70,0.00,0.00,0.00,0.30,0.00,0.00,0.70,0.00,0.00,0.00,0.00,0.00,0.00,0.00,0.00,0.00,0.00,0.00,0.00,0.00,0.00,0.00,0.00,0.00,0.00,0.00,0.00,0.00,0.00,0.00,0.00,0.00,2.00,0.00,0.00,0.00,0.00,0.00,0.00,0.00,0.00,3.00,0.00,0.00,0.00,0.00,0.00,0.00,2.00,0.00,0.00,0.00,13.70,0.00,17.00,0.70,0.00,0.00,0.00,0.00,0.00,0.00,0.00,0.00,0.00,0.00,0.00,0.30,0.00,0.00,0.00,0.00,0.00,3.00,0.00,0.00,0.00,0.00,0.00,0.00,0.00,0.00,0.00,0.00,0.00,0.00,0.00,0.00,0.00,0.00,0.00,0.00,0.00,4.00,0.00,0.00,0.00,0.00,2.70,0.00,0.00,0.30,0.00,0.00,0.00,37.70,94.37,0.00,5.63,11.10,-0.48,0.330,,,,,
190,G17-A-01,2786.10,Buntsandstein,39.18,10.38,0.87,0.00,0.00,10.12,6.92,0.00,0.00,0.00,0.00,2.60,0.00,0.00,0.00,0.00,0.00,0.00,0.00,0.87,0.00,0.00,0.00,0.00,0.09,0.09,0.00,0.00,0.00,0.00,0.00,0.00,0.00,0.00,0.00,0.00,0.00,0.00,0.00,0.00,0.00,0.00,0.00,0.00,0.00,0.00,0.61,0.00,0.00,0.09,0.09,0.00,0.00,0.00,0.00,0.00,0.00,1.73,0.00,0.00,0.00,0.00,0.00,0.00,2.60,0.00,0.00,0.00,4.58,3.46,0.00,0.00,0.00,0.00,0.00,0.00,0.09,0.00,0.00,2.60,0.00,0.00,0.00,0.00,0.00,0.00,0.00,0.00,0.00,0.00,0.00,0.00,0.00,0.00,0.00,0.00,0.00,0.00,0.00,0.00,0.00,0.00,0.00,8.10,0.00,0.00,0.00,5.40,0.00,0.00,20.56,69.88,24.02,6.10,15.00,2.03,107.000,,,,,
191,G17-A-01,2796.00,Buntsandstein,35.89,5.20,0.61,0.00,0.00,11.01,7.54,0.00,0.00,0.00,0.00,1.73,0.00,0.00,0.00,0.00,0.00,0.00,0.00,0.26,0.00,0.00,0.00,0.00,0.00,0.00,0.00,0.09,0.00,0.00,0.00,0.00,0.00,0.00,0.00,0.00,0.00,0.00,0.00,0.00,0.00,0.00,0.00,0.00,0.00,0.00,3.90,0.00,0.00,0.26,0.09,0.00,0.00,0.00,0.00,0.00,0.00,6.07,0.00,0.00,0.00,0.00,0.00,0.00,8.32,0.00,0.00,0.00,1.99,1.73,0.00,0.00,0.26,0.00,0.00,0.00,0.00,0.00,0.00,1.47,0.00,0.00,0.00,0.00,0.00,0.00,0.00,0.00,0.00,0.00,0.00,0.35,0.00,0.00,0.00,0.00,0.00,0.00,0.00,0.00,0.00,0.00,0.00,11.60,0.00,0.00,0.00,1.70,0.00,0.00,29.98,66.02,29.81,4.18,14.20,1.49,31.000,,,,,
192,G17-A-01,2860.00,Buntsandstein,26.73,3.18,0.29,0.00,0.00,10.62,3.18,0.00,0.00,0.00,0.00,0.00,0.00,0.00,0.00,0.00,0.00,0.00,0.00,0.00,0.00,0.00,0.00,0.00,0.00,0.00,0.00,0.00,0.00,0.00,0.00,3.18,0.00,0.00,0.00,0.00,0.00,0.00,0.00,0.00,0.00,0.00,0.00,0.00,0.00,0.00,3.18,0.00,0.00,0.00,0.00,0.00,0.00,0.00,0.00,0.00,0.00,14.48,0.00,0.00,0.00,0.00,0.00,0.00,1.93,0.00,0.00,0.00,0.97,0.10,0.00,0.00,1.25,0.00,0.00,0.00,0.68,0.00,0.00,0.00,0.00,0.00,0.00,0.00,0.00,0.00,0.00,0.00,0.00,0.00,0.00,22.87,0.00,0.00,0.00,0.00,3.86,0.00,0.00,0.00,0.00,0.00,0.00,0.30,0.00,0.00,0.00,3.20,0.00,0.00,19.70,63.39,29.24,7.36,8.40,-1.52,0.030,,,,,
193,G17-A-01,2883.10,Buntsandstein,24.40,0.00,0.69,0.00,0.00,9.45,2.95,3.25,0.00,0.00,0.00,0.00,0.00,0.00,0.00,0.00,0.00,0.00,0.00,0.00,0.00,0.00,0.00,0.00,2.66,1.28,0.00,0.00,0.00,0.00,0.00,0.69,0.00,0.00,0.00,0.00,0.00,0.00,0.00,0.00,0.00,0.00,0.00,0.00,0.00,0.00,16.53,0.00,0.00,0.00,0.00,0.00,0.00,0.00,0.00,0.00,0.00,13.19,0.00,0.00,0.00,0.00,0.00,0.00,1.97,0.00,0.00,0.00,0.98,0.30,0.00,0.00,1.67,0.00,0.00,0.00,1.97,0.00,0.00,0.00,0.00,0.00,0.00,0.00,0.00,0.00,0.00,0.00,0.00,0.00,0.00,15.74,0.00,0.00,0.00,0.00,0.98,0.00,0.00,0.00,0.00,0.00,0.00,0.30,0.00,0.00,0.00,1.30,0.00,0.00,20.37,58.91,29.93,11.16,4.70,-2.00,0.010,,,,,
194,G17-A-01,2800.60,Buntsandstein,34.76,0.99,0.00,0.00,0.00,4.97,3.77,3.67,0.00,0.00,0.00,1.29,0.00,0.00,0.00,0.00,0.00,0.00,0.00,0.00,0.00,0.00,0.00,0.00,0.10,0.00,0.00,0.00,0.00,0.00,0.00,0.70,0.00,0.00,0.00,0.00,0.00,0.00,0.00,0.00,0.00,0.00,0.00,0.00,0.00,0.00,0.70,0.00,0.00,0.00,0.00,0.00,0.00,0.00,0.00,0.00,0.00,3.28,0.00,0.00,0.00,0.00,0.00,0.00,17.87,0.00,0.00,0.00,4.57,1.29,0.00,0.00,0.30,0.00,0.00,0.00,0.99,0.00,0.00,0.00,0.00,0.00,0.00,0.00,0.00,0.00,0.00,0.00,0.00,0.00,0.00,15.59,0.00,0.00,0.00,0.00,5.26,0.00,0.00,0.00,0.00,0.00,0.00,0.00,0.00,0.00,0.00,0.70,0.00,0.00,28.30,71.29,17.43,11.29,2.80,-2.05,0.009,,,,,
195,G17-A-01,2782.00,Buntsandstein,30.69,19.28,1.02,0.00,0.00,10.23,7.63,0.24,0.00,0.00,0.00,2.91,0.00,0.00,0.00,0.00,0.00,0.00,0.00,0.08,0.00,0.00,0.00,0.00,0.00,0.00,0.00,0.24,0.00,0.00,0.00,0.00,0.00,0.00,0.00,0.00,0.00,0.00,0.00,0.00,0.00,0.00,0.00,0.00,0.00,0.00,0.00,0.00,0.00,0.08,0.00,0.00,0.00,0.00,0.00,0.00,0.00,0.55,0.00,0.00,0.00,0.00,0.00,0.00,0.00,0.00,0.00,0.00,1.02,3.70,0.00,0.00,0.00,0.00,0.00,0.00,0.31,0.00,0.00,0.79,0.00,0.00,0.00,0.00,0.00,0.00,0.00,0.00,0.00,0.00,0.00,0.00,0.00,0.00,0.00,0.00,0.08,0.00,0.00,0.00,0.00,0.00,0.00,17.90,0.00,0.00,0.00,3.40,0.00,0.00,23.49,69.32,24.78,5.90,22.90,3.70,5051.000,,,,,
196,G17-A-01,2783.00,Buntsandstein,39.12,9.15,0.57,0.00,0.00,9.72,2.43,0.00,0.00,0.00,0.00,1.38,0.00,0.00,0.00,0.00,0.00,0.00,0.00,0.57,0.00,0.00,0.00,0.00,0.57,0.08,0.00,0.08,0.00,0.00,0.00,0.00,0.00,0.00,0.00,0.00,0.00,0.00,0.00,0.00,0.00,0.00,0.00,0.00,0.00,0.00,2.43,0.00,0.00,0.08,0.08,0.00,0.00,0.00,0.00,0.00,0.00,1.62,0.00,0.00,0.00,0.00,0.00,0.00,2.19,0.00,0.00,0.00,1.86,2.27,0.00,0.00,0.00,0.00,0.00,0.00,0.08,0.00,0.00,2.43,0.00,0.00,0.00,0.00,0.00,0.00,0.00,0.00,0.00,0.00,0.00,0.00,0.00,0.00,0.00,0.00,6.48,0.00,0.00,0.00,0.00,0.00,0.00,12.20,0.00,0.00,0.00,6.80,0.00,0.00,20.22,76.71,19.31,3.99,19.70,3.60,4020.000,,,,,
197,G17-A-01,2785.10,Buntsandstein,38.06,11.41,0.57,0.00,0.00,11.17,6.28,0.00,0.00,0.00,0.00,2.45,0.00,0.00,0.00,0.00,0.00,0.00,0.00,0.65,0.00,0.00,0.00,0.00,0.57,0.00,0.00,0.00,0.00,0.00,0.00,0.00,0.00,0.00,0.00,0.00,0.00,0.00,0.00,0.00,0.00,0.00,0.00,0.00,0.00,0.00,1.06,0.00,0.00,0.24,0.08,0.00,0.00,0.00,0.00,0.00,0.00,2.20,0.00,0.00,0.00,0.00,0.00,0.00,1.06,0.00,0.00,0.00,1.63,2.04,0.00,0.00,0.00,0.00,0.00,0.00,0.08,0.00,0.00,2.12,0.00,0.00,0.00,0.00,0.00,0.00,0.00,0.00,0.00,0.00,0.00,0.00,0.00,0.00,0.00,0.00,0.00,0.00,0.00,0.00,0.00,0.00,0.00,13.90,0.00,0.00,0.00,4.60,0.00,0.00,20.91,70.09,24.71,5.20,18.40,2.05,111.000,,,,,
198,G17-A-01,2786.69,Buntsandstein,39.58,7.26,0.84,0.00,0.00,9.77,6.68,0.00,0.00,0.00,0.00,1.17,0.00,0.00,0.00,0.00,0.00,0.00,0.00,0.67,0.00,0.00,0.00,0.00,0.25,0.00,0.00,0.25,0.00,0.00,0.00,0.00,0.00,0.00,0.00,0.00,0.00,0.00,0.00,0.00,0.00,0.00,0.00,0.00,0.00,0.00,2.51,0.00,0.00,0.50,0.08,0.00,0.00,0.00,0.00,0.00,0.00,6.43,0.00,0.00,0.00,0.00,0.00,0.00,0.84,0.00,0.00,0.00,2.25,1.67,0.00,0.00,0.00,0.00,0.00,0.00,0.25,0.00,0.00,2.76,0.00,0.00,0.00,0.00,0.00,0.00,0.00,0.00,0.00,0.00,0.00,0.00,0.00,0.00,0.00,0.00,0.00,0.00,0.00,0.00,0.00,0.00,0.00,12.30,0.00,0.00,0.00,4.20,0.00,0.00,23.74,71.01,24.94,4.05,16.30,1.52,33.000,,,,,
199,G17-A-01,2788.50,Buntsandstein,37.32,1.45,0.60,0.00,0.00,9.14,4.01,0.00,0.00,0.00,0.00,0.26,0.00,0.00,0.00,0.00,0.00,0.00,0.00,0.00,0.00,0.00,0.00,0.00,0.85,0.26,0.00,0.09,0.00,0.00,0.00,0.00,0.00,0.00,0.00,0.00,0.00,0.00,0.00,0.00,0.00,0.00,0.00,0.00,0.00,0.00,11.10,0.00,0.00,0.00,0.00,0.00,0.00,0.00,0.00,0.00,0.00,7.43,0.00,0.00,0.00,0.00,0.00,0.00,0.85,0.00,0.00,0.00,3.16,1.71,0.00,0.00,1.37,0.00,0.00,0.00,0.60,0.00,0.00,3.16,0.00,0.00,0.00,0.00,0.00,0.00,0.00,0.00,0.00,0.00,0.00,0.68,0.00,0.00,0.00,0.00,0.00,0.00,0.00,0.00,0.00,0.00,0.00,10.00,0.00,0.00,0.00,4.60,0.00,0.00,25.12,73.46,24.92,1.62,14.70,0.45,2.800,,,,,
200,G17-A-01,2790.50,Buntsandstein,35.11,1.41,10.79,0.00,0.00,12.28,7.06,0.00,0.00,0.00,0.00,2.49,0.00,0.00,0.00,0.00,0.00,0.00,0.00,0.00,0.00,0.00,0.00,0.00,0.58,0.00,0.00,0.25,0.00,0.00,0.00,0.00,0.00,0.00,0.00,0.00,0.00,0.00,0.00,0.00,0.00,0.00,0.00,0.00,0.00,0.00,2.74,0.00,0.00,0.08,0.08,0.00,0.00,0.00,0.00,0.00,0.00,2.49,0.00,0.00,0.00,0.00,0.00,0.00,4.73,0.00,0.00,0.00,1.08,1.41,0.00,0.00,0.00,0.00,0.00,0.00,0.08,0.00,0.00,1.91,0.00,0.00,0.00,0.00,0.00,0.00,0.00,0.00,0.00,0.00,0.00,0.25,0.00,0.00,0.00,0.00,0.00,0.00,0.00,0.00,0.00,0.00,0.00,13.50,0.00,0.00,0.00,3.50,0.00,0.00,23.29,52.82,27.97,19.21,17.70,1.64,44.000,,,,,
201,G17-A-01,2792.10,Buntsandstein,13.92,2.74,0.34,0.00,0.00,4.00,2.50,0.00,0.00,0.00,0.00,0.44,0.00,0.00,0.00,0.00,0.00,0.00,0.00,0.00,0.00,0.00,0.00,0.00,0.10,0.00,0.00,0.03,0.00,0.10,0.00,0.00,0.00,0.00,0.00,0.00,0.00,0.00,0.00,0.00,0.00,0.00,0.00,0.00,0.00,0.00,1.27,0.00,0.00,0.03,0.03,0.00,0.00,0.00,0.00,0.00,0.00,5.37,0.00,0.00,0.00,0.00,0.00,0.00,1.37,0.00,0.00,0.00,0.68,0.44,0.00,0.00,0.00,0.00,0.00,0.00,0.03,0.00,0.03,0.44,0.00,0.00,0.00,0.00,0.00,0.00,0.00,0.00,0.00,0.00,0.00,0.44,0.00,0.00,0.00,0.00,0.03,0.00,0.00,0.00,0.00,0.00,0.00,8.80,0.00,0.00,0.00,57.00,0.00,0.00,16.73,69.57,27.14,3.29,16.20,1.18,15.300,,,,,
202,G17-A-01,2793.80,Buntsandstein,28.88,16.01,0.88,0.00,0.00,12.51,7.00,0.26,0.00,0.00,0.00,3.50,0.00,0.00,0.00,0.00,0.00,0.00,0.00,0.61,0.00,0.00,0.00,0.00,0.09,0.00,0.00,0.26,0.00,0.00,0.00,0.00,0.00,0.00,0.00,0.00,0.00,0.00,0.00,0.00,0.00,0.00,0.00,0.00,0.00,0.00,0.26,0.00,0.00,0.09,0.00,0.00,0.00,0.00,0.00,0.00,0.00,7.88,0.00,0.00,0.00,0.00,0.00,0.00,2.36,0.00,0.00,0.00,2.63,2.01,0.00,0.00,1.75,0.00,0.00,0.00,0.88,0.00,0.00,0.88,0.00,0.00,0.00,0.00,0.00,0.00,0.00,0.00,0.00,0.00,0.00,0.61,0.00,0.00,0.00,0.00,0.00,0.00,0.00,0.00,0.00,0.00,0.00,8.00,0.00,0.00,0.00,4.50,0.00,0.00,25.50,64.45,28.02,7.54,13.00,1.40,25.000,,,,,
203,G17-A-02,2932.25,Buntsandstein,50.13,4.96,2.36,0.00,0.00,3.94,2.36,0.00,0.00,0.00,0.00,0.79,0.00,0.00,0.00,0.00,0.00,0.00,0.00,0.00,0.24,0.00,0.00,0.00,0.24,0.00,0.00,0.08,0.00,0.08,0.00,0.00,0.00,0.00,0.00,0.00,0.00,0.00,0.00,0.00,0.00,0.00,0.00,0.00,0.00,0.00,1.02,0.00,0.00,0.00,0.55,0.00,0.00,0.00,0.00,0.00,0.00,9.44,0.00,0.00,0.00,0.00,0.00,0.00,0.00,0.00,0.00,0.00,0.79,0.55,0.00,0.00,1.02,0.00,0.00,0.00,1.02,0.00,0.55,0.55,0.00,0.00,0.00,0.00,0.00,0.00,0.00,0.00,0.00,0.00,0.00,1.81,0.00,0.00,0.00,0.00,0.00,0.00,0.00,0.00,0.00,0.00,0.00,12.10,0.00,0.00,0.00,9.20,0.00,0.00,25.48,85.05,9.72,5.22,22.50,2.26,183.000,,,,,
204,G17-A-02,2938.03,Buntsandstein,53.13,3.56,0.62,0.00,0.00,2.94,2.67,0.00,0.00,0.00,0.00,0.62,0.00,0.00,0.00,0.00,0.00,0.00,0.00,0.00,0.09,0.00,0.00,0.00,0.27,0.62,0.00,0.09,0.00,0.09,0.00,0.00,0.00,0.00,0.00,0.00,0.00,0.00,0.00,0.00,0.00,0.00,0.00,0.00,0.00,0.00,0.27,0.00,0.00,0.00,0.00,0.00,0.00,0.00,0.00,0.00,0.00,5.07,0.00,0.00,0.00,0.00,0.00,0.00,0.00,0.00,0.00,0.00,0.62,0.09,0.00,0.00,0.62,0.00,0.00,0.00,0.62,0.00,0.27,0.27,0.00,0.00,0.00,0.00,0.00,0.00,0.00,0.00,0.00,0.00,0.00,17.80,0.00,0.00,0.00,0.00,0.00,0.00,0.00,0.00,0.00,0.00,0.00,8.60,0.00,0.00,0.00,2.40,0.00,0.00,15.90,89.09,8.81,2.10,12.30,1.30,20.000,,,,,
205,G17-A-02,2938.49,Buntsandstein,38.02,13.45,0.07,0.00,0.00,1.91,4.46,0.00,0.00,0.00,0.00,6.37,0.00,0.00,0.00,0.00,0.00,0.00,0.00,0.00,1.91,0.00,0.00,0.00,0.07,0.00,0.00,0.00,0.00,0.00,0.00,0.00,0.00,0.00,0.00,0.00,0.00,0.00,0.00,0.00,0.00,0.00,0.00,0.00,0.00,0.00,0.00,0.00,0.00,0.00,0.00,0.00,0.00,0.00,0.00,0.00,0.00,0.50,0.00,0.00,0.00,0.00,0.00,0.00,0.50,0.00,0.00,0.00,1.91,0.07,0.00,0.00,0.50,0.00,0.00,0.00,0.50,0.00,0.71,0.71,0.00,0.00,0.00,0.00,0.00,0.00,0.00,0.00,0.00,0.00,0.00,0.71,0.00,0.00,0.00,0.00,0.00,0.00,0.00,0.00,0.00,0.00,0.00,27.10,0.00,0.00,0.00,2.10,0.00,0.00,31.77,77.75,9.63,12.62,24.80,4.08,12120.000,,,,,
206,G17-A-02,2947.75,Buntsandstein,40.04,6.82,0.85,0.00,0.00,1.96,5.96,0.00,0.00,0.00,0.00,1.96,0.00,0.00,0.00,0.00,0.00,0.00,0.00,0.00,0.09,0.00,0.00,0.00,0.60,0.26,0.00,0.09,0.00,0.09,0.00,0.00,0.00,0.00,0.00,0.00,0.00,0.00,0.00,0.00,0.00,0.00,0.00,0.00,0.00,0.00,3.66,0.00,0.00,0.00,0.09,0.00,0.00,0.00,0.00,0.00,0.00,5.96,0.00,0.00,0.00,0.00,0.00,0.00,0.00,0.00,0.00,0.00,2.81,0.60,0.00,0.00,1.70,0.00,0.00,0.00,1.70,0.00,0.60,0.60,0.00,0.00,0.00,0.00,0.00,0.00,0.00,0.00,0.00,0.00,0.00,11.33,0.00,0.00,0.00,0.00,0.00,0.00,0.00,0.00,0.00,0.00,0.00,8.80,0.00,0.00,0.00,6.00,0.00,0.00,22.18,81.24,13.74,5.02,17.40,1.69,49.000,,,,,
207,G17-A-02,2497.75,Buntsandstein,39.85,7.31,0.08,0.00,0.00,2.12,7.31,0.00,0.00,0.00,0.00,0.79,0.00,0.00,0.00,0.00,0.00,0.00,0.00,0.00,0.00,0.00,0.00,0.00,0.79,0.55,0.00,0.08,0.00,0.08,0.00,0.00,0.00,0.00,0.00,0.00,0.00,0.00,0.00,0.00,0.00,0.00,0.00,0.00,0.00,0.00,2.36,0.00,0.00,0.00,0.08,0.00,0.00,0.00,0.00,0.00,0.00,5.27,0.00,0.00,0.00,0.00,0.00,0.00,0.00,0.00,0.00,0.00,1.02,1.57,0.00,0.00,2.36,0.00,0.00,0.00,2.36,0.00,0.79,0.79,0.00,0.00,0.00,0.00,0.00,0.00,0.00,0.00,0.00,0.00,0.00,6.52,0.00,0.00,0.00,0.00,0.00,0.00,0.00,0.00,0.00,0.00,0.00,16.20,0.00,0.00,0.00,5.20,0.00,0.00,29.56,82.08,16.42,1.50,21.30,2.14,137.000,,,,,
208,K12-16,3928.07,Rotliegend,47.38,7.50,0.00,0.00,0.00,0.00,0.00,0.00,0.00,0.00,0.69,1.68,0.00,0.00,0.00,0.00,0.00,0.00,0.00,2.57,0.30,0.00,0.00,0.00,0.00,0.00,0.00,0.00,0.00,0.00,0.00,0.00,0.00,0.00,0.00,0.00,0.00,0.00,0.00,0.00,0.00,0.00,0.00,0.00,0.00,0.00,28.92,0.00,0.00,0.00,0.00,0.00,0.00,0.00,0.00,0.00,0.00,4.94,0.00,3.26,0.00,0.00,0.00,0.00,0.00,0.00,0.00,0.00,0.59,0.00,0.00,0.00,0.00,0.00,0.00,0.00,0.00,0.00,0.00,0.00,0.00,0.00,0.00,0.00,0.59,0.00,0.00,0.00,0.00,0.00,0.00,0.00,0.00,0.00,0.00,0.00,0.00,0.00,0.00,0.00,0.00,0.30,0.00,1.00,0.00,0.00,0.00,0.30,0.00,0.00,10.38,91.30,0.00,8.70,3.10,0.21,1.640,,,,,
209,K12-16,3935.75,Rotliegend,45.97,10.87,0.00,0.00,0.00,0.00,0.00,0.00,0.00,0.00,0.27,2.65,0.00,0.00,0.00,0.00,0.00,0.00,0.00,7.07,1.41,0.00,0.00,0.00,0.00,0.00,0.00,0.00,0.00,0.00,0.00,0.00,0.00,0.00,0.00,0.00,0.00,0.00,0.00,0.00,0.00,0.00,0.00,0.00,0.00,0.00,0.53,0.00,0.88,0.00,3.54,0.00,0.00,0.00,0.00,0.00,0.00,1.77,0.00,2.03,0.00,3.27,0.00,0.00,0.00,0.00,0.00,0.00,0.53,0.00,0.00,0.00,0.00,0.00,0.00,0.00,0.00,0.00,0.00,0.00,0.00,0.27,0.00,0.00,6.19,0.00,0.00,0.00,0.00,0.00,0.00,0.00,0.00,0.53,0.00,0.00,0.00,0.00,0.27,0.00,0.00,0.35,0.00,11.00,0.00,0.00,0.00,0.60,0.00,0.00,24.79,83.29,0.00,16.71,17.60,1.08,11.951,,,,,
210,K12-16,3939.51,Rotliegend,46.21,15.24,0.00,0.00,0.00,0.00,0.29,0.00,0.00,0.00,0.98,2.25,0.00,0.00,0.00,0.00,0.00,0.00,0.00,5.18,0.98,0.00,0.00,0.00,0.00,0.00,0.00,0.00,0.00,0.00,0.00,0.00,0.00,0.00,0.00,0.00,0.00,0.00,0.00,0.00,0.00,0.00,0.00,0.00,0.00,0.00,2.64,0.00,0.29,0.00,2.25,0.00,0.00,0.00,0.00,0.00,0.00,3.91,0.00,2.25,0.00,1.66,0.00,0.00,0.00,0.00,0.00,0.00,9.09,0.00,0.00,0.00,0.29,0.00,0.00,0.00,0.00,0.00,0.00,0.00,0.00,0.29,0.00,0.00,2.93,0.00,0.00,0.00,0.00,0.00,0.00,0.00,0.00,0.00,0.00,0.00,0.00,0.00,0.68,0.00,0.00,0.59,0.00,2.00,0.00,0.00,0.00,0.30,0.00,0.00,22.13,86.40,0.41,13.19,12.50,-0.16,0.698,,,,,
211,K12-16,3943.50,Rotliegend,39.15,15.31,0.00,0.00,0.00,0.00,0.00,0.00,0.00,0.00,0.26,1.74,0.00,0.00,0.00,0.00,0.00,0.00,0.00,3.48,0.00,0.00,0.00,0.00,0.00,0.00,0.00,0.00,0.00,0.00,0.00,0.00,0.00,0.00,0.00,0.00,0.00,0.00,0.00,0.00,0.00,0.00,0.00,0.00,0.00,0.00,0.26,0.00,0.26,0.00,0.00,0.00,0.00,0.00,0.00,0.00,0.00,2.26,0.00,1.48,0.00,8.96,0.00,0.00,0.61,0.00,0.00,0.00,4.00,0.00,0.00,0.00,0.00,0.00,0.00,0.00,0.00,0.00,0.00,0.00,0.00,0.52,0.00,0.00,7.22,0.00,0.00,0.00,0.00,0.00,0.00,0.00,0.00,0.87,0.00,0.00,0.00,0.00,0.61,0.00,0.00,0.00,0.00,12.70,0.00,0.00,0.00,0.30,0.00,0.00,37.23,90.86,0.00,9.14,17.30,2.00,100.157,,,,,
212,K12-16,3947.25,Rotliegend,45.08,12.14,0.00,0.00,0.00,0.00,0.00,0.00,0.00,0.00,0.00,1.39,0.00,0.00,0.00,0.00,0.00,0.00,0.00,4.60,1.13,0.00,0.00,0.00,0.00,0.00,0.00,0.00,0.00,0.00,0.00,0.00,0.00,0.00,0.00,0.00,0.00,0.00,0.00,0.00,0.00,0.00,0.00,0.00,0.00,0.00,2.25,0.00,0.87,0.00,0.87,0.00,0.00,0.00,0.00,0.00,0.00,2.86,0.00,5.20,0.00,1.73,0.00,0.00,0.00,0.00,0.00,0.00,2.25,0.00,0.00,0.00,0.00,0.00,0.00,0.00,0.00,0.00,0.00,0.00,0.00,0.00,0.00,0.00,4.86,0.00,0.00,0.00,0.00,0.00,0.00,0.00,0.00,0.26,0.00,0.00,0.00,0.00,0.00,0.35,0.00,0.87,0.00,13.00,0.00,0.00,0.00,0.30,0.00,0.00,29.91,88.95,0.00,11.05,13.50,0.15,1.398,,,,,
213,K12-16,4029.76,Rotliegend,39.30,16.00,0.00,0.00,0.00,0.00,0.00,0.00,0.00,0.00,1.12,1.12,0.00,0.00,0.00,0.00,0.00,0.00,0.00,4.04,0.00,0.00,0.00,0.00,0.00,0.00,0.00,0.00,0.00,0.00,0.00,0.00,0.00,0.00,0.00,0.00,0.00,0.00,0.00,0.00,0.00,0.00,0.00,0.00,0.00,0.00,0.52,0.00,0.00,0.00,0.00,0.00,0.00,0.00,0.00,0.00,0.00,0.00,0.00,0.00,0.00,0.00,0.00,0.00,10.58,0.00,0.00,0.00,7.40,0.00,0.00,0.00,0.26,0.00,0.00,0.00,0.00,0.00,0.52,0.00,0.00,0.26,0.00,0.00,3.44,0.00,0.00,0.00,0.00,0.00,0.00,0.00,0.00,0.00,0.00,0.00,0.00,0.00,0.86,0.00,0.00,0.60,0.00,13.30,0.00,0.00,0.00,0.70,0.00,0.00,35.49,89.80,0.00,10.20,20.70,3.00,1011.170,,,,,
214,K12-16,4032.22,Rotliegend,48.06,16.91,0.00,0.00,0.00,0.00,0.00,0.00,0.00,0.00,0.27,3.20,0.00,0.00,0.00,0.00,0.00,0.00,0.00,2.67,0.00,0.00,0.00,0.00,0.00,0.00,0.00,0.00,0.00,0.00,0.00,0.00,0.00,0.00,0.00,0.00,0.00,0.00,0.00,0.00,0.00,0.00,0.00,0.00,0.00,0.00,0.89,0.00,0.00,0.00,0.00,0.00,0.00,0.00,0.00,0.00,0.00,0.00,0.00,0.00,0.00,0.00,0.00,0.00,3.56,0.00,0.00,0.00,3.20,0.00,0.00,0.00,0.00,0.00,0.00,0.00,0.00,4.98,0.89,0.00,0.00,0.53,0.00,0.00,2.67,0.00,0.00,0.00,0.00,0.00,0.00,0.00,0.00,0.00,0.00,0.00,0.00,0.00,0.89,0.00,0.00,0.27,0.00,8.70,0.00,0.00,0.00,2.30,0.00,0.00,24.01,91.36,0.00,8.64,16.60,2.04,110.137,,,,,
215,K12-16,4033.75,Rotliegend,41.03,13.73,0.00,0.00,0.00,0.23,0.00,0.00,0.00,0.00,1.01,0.78,0.00,0.00,0.00,0.00,0.00,0.00,0.00,4.13,0.00,0.00,0.00,0.00,0.00,0.00,0.00,0.00,0.00,0.00,0.00,0.00,0.00,0.00,0.00,0.00,0.00,0.00,0.00,0.00,0.00,0.00,0.00,0.00,0.00,0.00,1.01,0.00,0.23,0.00,0.00,0.00,0.00,0.00,0.00,0.00,0.00,0.00,0.00,0.00,0.00,0.00,0.00,0.00,4.13,0.00,0.00,0.00,4.91,0.00,0.00,0.00,0.00,0.00,0.00,0.00,0.23,0.00,0.78,0.00,0.00,0.47,0.00,0.00,5.07,0.00,0.00,0.00,0.00,0.00,0.00,0.00,0.00,0.00,0.00,0.00,0.00,0.00,0.47,0.00,0.00,0.00,0.00,21.40,0.00,0.00,0.00,0.60,0.00,0.00,36.53,89.88,0.38,9.73,22.10,3.04,1099.730,,,,,
216,K12-16,4041.50,Rotliegend,50.19,17.41,0.00,0.00,0.00,0.00,0.00,0.00,0.00,0.00,2.22,0.68,0.00,0.00,0.00,0.00,0.00,0.00,0.00,3.48,0.00,0.00,0.00,0.00,0.00,0.00,0.00,0.29,0.00,0.00,0.00,0.00,0.00,0.00,0.00,0.00,0.00,0.00,0.00,0.00,0.00,0.00,0.00,0.00,0.00,0.00,0.97,0.00,0.29,0.00,0.29,0.00,0.00,0.00,0.00,0.00,0.00,3.87,0.00,4.84,0.00,0.00,0.00,0.00,0.00,0.00,0.00,0.00,7.06,0.00,0.00,0.00,0.00,0.00,0.00,0.00,0.00,0.00,0.00,0.00,0.00,0.58,0.00,0.00,1.93,0.00,0.00,0.00,0.00,0.00,0.00,0.29,0.00,0.68,0.00,0.00,0.00,0.00,0.29,0.00,0.00,1.35,0.00,3.30,0.00,0.00,0.00,0.00,0.00,0.00,21.00,91.37,0.00,8.63,7.10,-0.66,0.220,,,,,
217,K12-16,4046.75,Rotliegend,53.46,13.17,0.00,0.00,0.00,0.00,0.00,0.00,0.00,0.00,0.99,1.98,0.00,0.00,0.00,0.00,0.00,0.00,0.00,3.47,0.00,0.00,0.00,0.00,0.00,0.00,0.00,0.30,0.00,0.00,0.00,0.00,0.00,0.00,0.00,0.00,0.00,0.00,0.00,0.00,0.00,0.00,0.00,0.00,0.00,0.00,1.29,0.00,0.00,0.00,0.00,0.00,0.00,0.00,0.00,0.00,0.00,0.99,0.00,10.59,0.00,0.00,0.00,0.00,0.00,0.00,0.00,0.00,2.28,0.00,0.00,0.00,0.00,0.00,0.00,0.00,0.00,0.00,0.99,0.00,0.00,2.28,0.00,0.00,2.67,0.00,0.00,0.00,0.00,0.00,0.00,0.30,0.00,0.99,0.00,0.00,0.00,0.00,0.00,2.97,0.00,0.30,0.00,1.00,0.00,0.00,0.00,0.00,0.00,0.00,18.52,91.19,0.00,8.81,11.10,-0.55,0.282,,,,,
218,K18-07-S1,3757.47,Rotliegend,61.00,0.00,0.00,0.00,0.00,0.00,0.00,0.00,4.50,0.00,0.00,0.00,0.00,0.00,0.00,0.00,0.00,0.00,4.00,0.00,3.00,0.00,0.00,0.00,0.00,0.00,0.00,0.00,0.00,0.00,0.00,0.00,0.00,0.00,0.00,0.00,0.00,2.50,0.00,0.00,0.00,0.00,0.00,0.00,0.00,0.00,0.00,0.00,0.00,0.00,0.00,0.00,0.00,0.00,0.00,0.00,0.00,0.50,0.00,0.00,0.00,0.00,0.00,0.00,0.50,0.00,0.00,0.00,0.50,0.00,0.00,0.00,0.00,0.00,0.00,0.00,0.00,0.00,0.00,0.00,2.00,1.50,0.00,0.00,2.00,0.00,0.00,0.00,0.00,0.00,0.00,0.50,0.00,0.00,0.00,0.00,0.00,0.00,0.00,0.50,0.00,7.50,0.00,9.00,0.00,0.00,0.00,1.00,0.00,0.00,14.50,81.33,5.33,13.33,16.20,1.21,16.100,,,,,
219,K18-07-S1,3787.79,Rotliegend,72.50,0.00,0.00,0.00,0.00,0.00,0.00,0.00,5.50,0.00,0.00,0.00,0.00,0.00,0.00,0.00,0.00,0.00,1.50,0.00,1.50,0.00,0.00,0.00,0.00,0.00,0.00,0.00,0.00,0.00,0.00,0.00,0.00,0.00,0.00,0.00,0.00,6.00,0.00,0.00,0.00,0.00,0.00,0.00,0.00,0.00,1.00,0.00,0.00,0.00,0.00,0.00,0.00,0.00,0.00,0.00,0.00,2.50,0.00,0.00,0.00,0.00,0.00,0.00,1.50,0.00,0.00,0.00,1.50,0.00,0.00,0.00,0.00,0.00,0.00,0.00,0.00,0.00,0.00,0.00,0.50,1.00,0.00,0.00,0.50,0.00,0.00,0.00,0.00,0.00,0.00,1.00,0.00,0.00,0.00,0.00,0.50,0.00,0.00,0.50,0.00,1.00,0.00,2.50,0.00,0.00,0.00,0.00,0.00,0.00,9.00,83.33,1.72,14.94,7.70,-0.23,0.590,,,,,
220,K18-07-S1,3758.03,Rotliegend,66.50,0.00,0.00,0.00,0.00,0.00,0.00,0.00,3.00,0.00,0.00,0.00,0.00,0.00,0.00,0.00,0.00,0.00,3.00,0.00,2.00,0.00,0.00,0.00,0.00,0.00,0.00,0.00,0.00,0.00,0.00,0.00,0.00,0.00,0.00,0.00,0.00,2.00,0.50,0.00,0.00,0.00,0.00,0.00,0.00,0.00,0.00,0.00,0.00,0.00,0.00,0.00,0.00,0.00,0.00,0.00,0.00,1.50,0.00,0.00,0.00,0.00,0.00,0.00,0.50,0.00,0.00,0.00,0.50,0.00,0.00,0.00,0.00,0.00,0.00,0.00,0.00,0.00,0.00,0.00,0.50,0.50,0.00,0.00,1.50,0.00,0.00,0.00,0.00,0.00,0.00,0.50,0.00,0.00,0.00,0.00,1.50,0.00,0.00,2.50,0.00,8.00,0.00,5.00,0.00,0.00,0.00,1.00,0.00,0.00,9.50,86.36,3.90,9.74,15.00,1.37,23.200,,,,,
221,K18-07-S1,3792.21,Rotliegend,68.00,0.00,0.00,0.00,0.00,0.00,0.00,0.00,7.50,0.00,0.00,0.00,0.00,0.00,0.00,0.00,0.00,0.00,1.00,0.00,0.00,0.00,0.00,0.00,0.00,0.00,0.00,0.00,0.00,0.00,0.00,0.00,0.00,0.00,0.00,0.00,0.00,3.50,1.50,0.00,0.00,0.00,0.00,0.00,0.00,0.00,0.00,0.00,0.00,0.00,0.00,0.00,0.00,0.00,0.00,0.00,0.00,8.00,0.00,0.00,0.00,0.00,0.00,0.00,3.00,0.00,0.00,0.00,1.50,0.00,0.00,0.00,0.00,0.00,0.00,0.00,0.00,0.00,0.00,0.00,1.00,3.00,0.00,0.00,0.00,0.00,0.00,0.00,0.00,0.00,0.00,0.00,0.00,0.00,0.00,0.00,0.00,0.00,0.00,0.00,0.00,0.50,0.00,1.50,0.00,0.00,0.00,0.00,0.00,0.00,15.00,83.44,1.23,15.34,5.10,-1.30,0.050,,,,,
222,K18-07-S1,3915.96,Rotliegend,65.50,0.00,0.00,0.00,0.00,0.00,0.00,0.00,4.50,0.00,0.00,0.00,0.00,0.00,0.00,0.00,0.00,0.00,1.00,0.00,1.00,0.00,0.00,0.00,0.00,0.00,0.00,0.00,0.00,0.00,0.00,0.00,0.00,0.00,0.00,0.00,0.00,6.50,1.50,0.00,0.00,0.00,0.00,0.00,0.00,0.00,0.00,0.00,0.00,0.00,0.00,0.00,0.00,0.00,0.00,0.00,0.00,2.50,0.00,0.00,0.00,0.00,0.00,0.00,2.00,0.00,0.00,0.00,0.50,0.00,0.00,0.00,0.00,0.00,0.00,0.00,0.00,0.00,0.00,0.00,1.50,1.00,0.00,0.00,0.50,0.00,0.00,0.00,0.00,0.00,0.00,1.50,0.00,0.00,0.00,0.00,1.50,0.00,0.00,0.50,0.00,4.00,0.00,6.00,0.00,0.00,0.00,0.00,0.00,0.00,13.00,81.88,1.25,16.88,10.80,-0.48,0.330,,,,,
223,K18-07-S1,3916.43,Rotliegend,66.00,0.00,0.00,0.00,0.00,0.00,0.00,0.00,4.00,0.00,0.00,0.00,0.00,0.00,0.00,0.00,0.00,0.00,1.00,0.00,2.00,0.00,0.00,0.00,0.00,0.00,0.00,0.00,0.00,0.00,0.00,0.00,0.00,0.00,0.00,0.00,0.00,4.50,0.00,0.00,0.00,0.00,0.00,0.00,0.00,0.00,0.00,0.00,0.00,0.00,0.00,0.00,0.00,0.00,0.00,0.00,0.00,2.00,0.00,0.00,0.00,0.00,0.00,0.00,1.00,0.00,0.00,0.00,0.00,0.00,0.00,0.00,0.00,0.00,0.00,0.00,0.00,0.00,0.00,0.00,1.00,1.50,0.00,0.00,2.00,0.00,0.00,0.00,0.00,0.00,0.00,0.50,0.00,0.00,0.00,0.00,0.00,0.00,0.00,0.50,0.00,3.00,0.00,11.50,0.00,0.00,0.00,0.00,0.00,0.00,17.50,85.16,1.29,13.55,13.80,0.00,1.000,,,,,
224,K18-07-S1,3934.29,Rotliegend,62.50,0.00,0.00,0.00,0.00,0.00,0.00,0.00,14.50,0.00,0.00,0.00,0.00,0.00,0.00,0.00,0.00,0.00,1.50,0.00,0.50,0.00,0.00,0.00,0.00,0.00,0.00,0.00,0.00,0.00,0.00,0.00,0.00,0.00,0.00,0.00,0.00,1.00,0.00,0.00,0.00,0.00,0.00,0.00,0.00,0.00,13.50,0.00,0.00,0.00,0.00,0.00,0.00,0.00,0.00,0.00,0.00,1.50,0.00,0.00,0.00,0.00,0.00,0.00,0.00,0.00,0.00,0.00,1.50,0.00,0.00,0.00,0.00,0.00,0.00,0.00,0.00,0.00,0.00,0.00,0.00,2.50,0.00,0.00,0.50,0.00,0.00,0.00,0.00,0.00,0.00,0.00,0.00,0.00,0.00,0.00,0.00,0.00,0.00,0.00,0.00,0.50,0.00,0.00,0.00,0.00,0.00,0.00,0.00,0.00,3.50,78.13,1.88,20.00,5.50,-1.52,0.030,,,,,
225,K18-07-S1,3761.97,Rotliegend,58.00,0.00,0.00,0.00,0.00,0.00,0.00,0.00,7.50,0.00,0.00,0.00,0.00,0.00,0.00,0.00,0.00,0.00,0.50,0.00,3.50,0.00,0.00,0.00,0.00,0.00,0.00,0.00,0.00,0.00,0.00,0.00,0.00,0.00,0.00,0.00,0.00,2.50,0.00,0.00,0.00,0.00,0.00,0.00,0.00,0.00,0.50,0.00,0.00,0.00,0.00,0.00,0.00,0.00,0.50,0.00,0.00,4.50,0.00,0.00,0.00,0.00,0.00,0.00,0.00,0.00,0.00,0.00,2.00,0.00,0.00,0.00,0.00,0.00,0.00,0.00,0.00,0.00,0.00,0.00,8.00,4.00,0.00,0.00,1.00,0.00,0.00,0.00,0.00,0.00,0.00,0.50,0.00,0.00,0.00,0.00,0.00,0.00,0.00,0.50,0.00,5.50,0.00,1.50,0.00,0.00,0.00,0.50,0.00,0.00,17.00,80.56,0.69,18.75,10.10,-1.10,0.080,,,,,
226,K18-07-S1,3949.92,Rotliegend,53.50,0.00,0.00,0.00,0.00,0.00,0.00,0.00,5.00,0.00,0.00,0.00,0.00,0.00,0.00,0.00,0.00,0.00,3.00,0.00,1.00,0.00,0.00,0.00,0.00,0.00,0.00,0.00,0.00,0.00,0.00,0.00,0.00,0.00,0.00,0.00,0.00,16.00,0.00,0.00,0.00,0.00,0.00,0.00,0.00,0.00,0.00,0.00,0.00,0.00,0.00,0.00,0.00,0.00,0.00,0.00,0.00,12.50,0.00,0.00,0.00,0.00,0.00,0.00,0.00,0.00,0.00,0.00,0.50,0.00,0.00,0.00,0.00,0.00,0.00,0.00,0.00,0.00,0.00,0.00,1.00,1.00,0.00,0.00,1.00,0.00,0.00,0.00,0.00,0.00,0.00,2.00,0.00,0.00,0.00,0.00,0.00,0.00,0.00,0.50,0.00,0.50,0.00,4.00,0.00,0.00,0.00,0.50,0.00,0.00,19.00,68.15,3.82,28.03,8.10,-0.77,0.170,,,,,
227,K18-07-S1,3950.96,Rotliegend,53.50,0.00,0.00,0.00,0.00,0.00,0.00,0.00,5.00,0.00,0.00,0.00,0.00,0.00,0.00,0.00,0.00,0.00,2.00,0.00,0.50,0.00,0.00,0.00,0.00,0.00,0.00,0.00,0.00,0.00,0.00,0.00,0.00,0.00,0.00,0.00,0.00,16.00,0.00,0.00,0.00,0.00,0.00,0.00,0.00,0.00,0.50,0.00,0.00,0.00,0.00,0.00,0.00,0.00,0.00,0.00,0.00,21.00,0.00,0.00,0.00,0.00,0.00,0.00,0.00,0.00,0.00,0.00,0.00,0.00,0.00,0.00,0.00,0.00,0.00,0.00,0.00,0.00,0.00,0.00,0.00,1.00,0.00,0.00,0.00,0.00,0.00,0.00,0.00,0.00,0.00,1.50,0.00,0.00,0.00,0.00,0.00,0.00,0.00,0.00,0.00,0.00,0.00,0.50,0.00,0.00,0.00,0.00,0.00,0.00,21.50,69.48,2.60,27.92,2.70,-1.52,0.030,,,,,
228,K18-07-S1,3953.96,Rotliegend,63.50,0.00,0.00,0.00,0.00,0.00,0.00,0.00,3.00,0.00,0.00,0.00,0.00,0.00,0.00,0.00,0.00,0.00,1.00,0.00,1.00,0.00,0.00,0.00,0.00,0.00,0.00,0.00,0.00,0.00,0.00,0.00,0.00,0.00,0.00,0.00,0.00,6.50,0.00,0.00,0.00,0.00,0.00,0.00,0.00,0.00,0.00,0.00,0.00,0.00,0.00,0.00,0.00,0.00,0.00,0.00,0.00,7.00,0.00,0.00,0.00,0.00,0.00,0.00,1.50,0.00,0.00,0.00,4.00,0.00,0.00,0.00,0.00,0.00,0.00,0.00,0.00,0.00,0.00,0.00,3.00,0.50,0.00,0.00,0.00,0.00,0.00,0.00,0.00,0.00,0.00,0.50,0.00,0.00,0.00,0.00,0.50,0.00,0.00,0.00,0.00,1.00,0.00,6.50,0.00,0.00,0.00,1.00,0.00,0.00,22.00,84.67,1.33,14.00,8.70,0.31,2.030,,,,,
229,K18-07-S1,3762.80,Rotliegend,61.50,0.00,0.00,0.00,0.00,0.00,0.00,0.00,4.00,0.00,0.00,0.00,0.00,0.00,0.00,0.00,0.00,0.00,1.50,0.00,1.00,0.00,0.00,0.00,0.00,0.00,0.00,0.00,0.00,0.00,0.00,0.00,0.00,0.00,0.00,0.00,0.00,4.50,1.00,0.00,0.00,0.00,0.00,0.00,0.00,0.00,1.50,0.00,0.00,0.00,0.00,0.00,0.00,0.00,0.50,0.00,0.00,4.00,0.00,0.00,0.00,0.00,0.00,0.00,0.50,0.00,0.00,0.00,0.50,0.00,0.00,0.00,0.00,0.00,0.00,0.00,0.00,0.00,0.00,0.00,1.00,1.50,0.00,0.00,2.00,0.00,0.00,0.00,0.00,0.00,0.00,2.00,0.00,0.00,0.00,0.00,0.00,0.00,0.00,3.00,0.00,7.00,0.00,4.50,0.00,0.00,0.00,1.00,0.00,0.00,12.50,83.67,2.04,14.29,12.40,-0.11,0.780,,,,,
230,K18-07-S1,3960.21,Rotliegend,68.50,0.00,0.00,0.00,0.00,0.00,0.00,0.00,4.00,0.00,0.00,0.00,0.00,0.00,0.00,0.00,0.00,0.00,3.00,0.00,1.50,0.00,0.00,0.00,0.00,0.00,0.00,0.00,0.00,0.00,0.00,0.00,0.00,0.00,0.00,0.00,0.00,3.00,0.00,0.00,0.00,0.00,0.00,0.00,0.00,0.00,0.00,0.00,0.00,0.00,0.00,0.00,0.00,0.00,0.00,0.00,0.00,1.50,0.00,0.00,0.00,0.00,0.00,0.00,0.50,0.00,0.00,0.00,5.00,0.00,0.00,0.00,0.00,0.00,0.00,0.00,0.00,0.00,0.00,0.00,6.00,0.50,0.00,0.00,0.00,0.00,0.00,0.00,0.00,0.00,0.00,1.50,0.00,0.00,0.00,0.00,0.50,0.00,0.00,2.00,0.00,0.00,0.00,3.50,0.00,0.00,0.00,0.50,0.00,0.00,16.50,85.63,3.75,10.63,11.00,-0.43,0.370,,,,,
231,K18-07-S1,3963.22,Rotliegend,72.50,0.00,0.00,0.00,0.00,0.00,0.00,0.00,6.00,0.00,0.00,0.00,0.00,0.00,0.00,0.00,0.00,0.00,2.50,0.00,0.50,0.00,0.00,0.00,0.00,0.00,0.00,0.00,0.00,0.00,0.00,0.00,0.00,0.00,0.00,0.00,0.00,4.50,0.00,0.00,0.00,0.00,0.00,0.00,0.00,0.00,1.00,0.00,0.00,0.00,0.00,0.00,0.00,0.00,1.00,0.00,0.00,4.50,0.00,0.00,0.00,0.00,0.00,0.00,0.00,0.00,0.00,0.00,2.50,0.00,0.00,0.00,0.00,0.00,0.00,0.00,0.00,0.00,0.00,0.00,3.50,0.00,0.00,0.00,0.00,0.00,0.00,0.00,0.00,0.00,0.00,1.50,0.00,0.00,0.00,0.00,0.00,0.00,0.00,0.50,0.00,0.00,0.00,1.50,0.00,0.00,0.00,0.50,0.00,0.00,12.00,84.30,2.91,12.79,8.70,-0.92,0.120,,,,,
232,K18-07-S1,3769.72,Rotliegend,66.00,0.00,0.00,0.00,0.00,0.00,0.00,0.00,2.00,0.00,0.00,0.00,0.00,0.00,0.00,0.00,0.00,0.00,1.50,0.00,2.50,0.00,0.00,0.00,0.00,0.00,0.00,0.00,0.00,0.00,0.00,0.00,0.00,0.00,0.00,0.00,0.00,4.50,0.50,0.00,0.00,0.00,0.00,0.00,0.00,0.00,0.00,0.00,0.00,0.00,0.00,0.00,0.00,0.00,0.00,0.00,0.00,6.00,0.00,0.00,0.00,0.00,0.00,0.00,0.50,0.00,0.00,0.00,7.50,0.00,0.00,0.00,0.00,0.00,0.00,0.00,0.00,0.00,0.00,0.00,1.00,1.50,0.00,0.00,0.00,0.00,0.00,0.00,0.00,0.00,0.00,0.00,0.00,0.00,0.00,0.00,0.00,0.00,0.00,1.00,0.00,0.00,0.00,5.00,0.00,0.00,0.00,0.50,0.00,0.00,20.00,85.71,1.95,12.34,9.80,0.57,3.740,,,,,
233,K18-07-S1,3770.79,Rotliegend,56.00,0.00,0.00,0.00,0.00,0.00,0.00,0.00,6.00,0.00,0.00,0.00,0.00,0.00,0.00,0.00,0.00,0.00,2.50,0.00,0.50,0.00,0.00,0.00,0.00,0.00,0.00,0.00,0.00,0.00,0.00,0.00,0.00,0.00,0.00,0.00,0.00,5.50,1.00,0.00,0.00,0.00,0.00,0.00,0.00,0.00,1.00,0.00,0.00,0.00,0.00,0.00,0.00,0.00,0.00,0.00,0.00,5.50,0.00,0.00,0.00,0.00,0.00,0.00,0.00,0.00,0.00,0.00,2.50,0.00,0.00,0.00,0.00,0.00,0.00,0.00,0.00,0.00,0.00,0.00,1.50,3.50,0.00,0.00,1.00,0.00,0.00,0.00,0.00,0.00,0.00,0.50,0.00,0.00,0.00,0.00,0.00,0.00,0.00,0.50,0.00,5.00,0.00,6.50,0.00,0.00,0.00,1.50,0.00,0.00,17.00,78.32,3.50,18.18,12.10,0.41,2.590,,,,,
234,K18-07-S1,3774.11,Rotliegend,65.00,0.00,0.00,0.00,0.00,0.00,0.00,0.00,3.00,0.00,0.00,0.00,0.00,0.00,0.00,0.00,0.00,0.00,3.00,0.00,1.50,0.00,0.00,0.00,0.00,0.00,0.00,0.00,0.00,0.00,0.00,0.00,0.00,0.00,0.00,0.00,0.00,4.50,0.00,0.00,0.00,0.00,0.00,0.00,0.00,0.00,0.00,0.00,0.00,0.00,0.00,0.00,0.00,0.00,0.50,0.00,0.00,4.00,0.00,0.00,0.00,0.00,0.00,0.00,1.00,0.00,0.00,0.00,0.50,0.00,0.00,0.00,0.00,0.00,0.00,0.00,0.00,0.00,0.00,0.00,0.50,2.50,0.00,0.00,2.50,0.00,0.00,0.00,0.00,0.00,0.00,1.00,0.00,0.00,0.00,0.00,0.00,0.00,0.00,0.50,0.00,3.50,0.00,7.50,0.00,0.00,0.00,0.50,0.00,0.00,16.00,84.42,3.90,11.69,12.80,1.43,27.100,,,,,
235,K18-07-S1,3774.82,Rotliegend,65.00,0.00,0.00,0.00,0.00,0.00,0.00,0.00,4.00,0.00,0.00,0.00,0.00,0.00,0.00,0.00,0.00,0.00,3.50,0.00,1.00,0.00,0.00,0.00,0.00,0.00,0.00,0.00,0.00,0.00,0.00,0.00,0.00,0.00,0.00,0.00,0.00,5.00,0.50,0.00,0.00,0.00,0.00,0.00,0.00,0.00,0.50,0.00,0.00,0.00,0.00,0.00,0.00,0.00,0.00,0.00,0.00,5.00,0.00,0.00,0.00,0.00,0.00,0.00,0.50,0.00,0.00,0.00,0.00,0.00,0.00,0.00,0.00,0.00,0.00,0.00,0.00,0.00,0.00,0.00,2.50,1.00,0.00,0.00,2.50,0.00,0.00,0.00,0.00,0.00,0.00,1.50,0.00,0.00,0.00,0.00,0.50,0.00,0.00,0.00,0.00,4.00,0.00,4.50,0.00,0.00,0.00,0.00,0.00,0.00,15.00,82.28,4.43,13.29,12.70,1.20,16.000,,,,,
236,K18-07-S1,3775.21,Rotliegend,61.00,0.00,0.00,0.00,0.00,0.00,0.00,0.00,3.00,0.00,0.00,0.00,0.00,0.00,0.00,0.00,0.00,0.00,2.50,0.00,0.50,0.00,0.00,0.00,0.00,0.00,0.00,0.00,0.00,0.00,0.00,0.00,0.00,0.00,0.00,0.00,0.00,4.50,0.00,0.00,0.00,0.00,0.00,0.00,0.00,0.00,0.50,0.00,0.00,0.00,0.00,0.00,0.00,0.00,1.00,0.00,0.00,3.00,0.00,0.00,0.00,0.00,0.00,0.00,2.00,0.00,0.00,0.00,0.50,0.00,0.00,0.00,0.00,0.00,0.00,0.00,0.00,0.00,0.00,0.00,2.00,1.50,0.00,0.00,1.50,0.00,0.00,0.00,0.00,0.00,0.00,0.50,0.00,0.00,0.00,0.00,0.50,0.00,0.00,0.50,0.00,4.00,0.00,10.50,0.00,0.00,0.00,2.00,0.00,0.00,19.50,85.31,3.50,11.19,11.90,1.18,15.200,,,,,
237,K18-08,3990.75,Rotliegend,70.00,0.00,0.00,0.00,0.00,0.00,0.00,0.00,1.50,0.00,0.00,0.00,0.00,0.00,0.00,0.00,0.00,0.00,1.00,0.00,0.00,0.00,0.00,0.00,0.00,0.00,0.00,0.00,0.00,0.00,0.00,0.00,0.00,0.00,0.00,0.00,0.00,7.50,0.00,0.00,0.00,0.00,0.00,0.00,0.00,0.00,0.00,0.00,0.00,0.00,0.00,0.00,0.00,0.00,0.00,0.00,0.00,1.50,0.00,0.00,0.00,0.00,0.00,0.00,0.00,0.00,0.00,0.00,3.50,0.00,0.00,0.00,0.00,0.00,0.00,0.00,0.00,0.00,0.00,0.00,0.00,0.00,0.00,0.00,0.50,0.00,0.00,0.00,0.00,0.00,0.00,0.50,0.00,0.00,0.00,0.00,0.50,0.00,0.00,0.00,0.00,8.00,0.00,4.50,0.00,0.00,0.00,1.50,0.00,0.00,10.00,87.50,1.25,11.25,8.50,-0.72,0.190,,,,,
238,K18-08,3959.97,Rotliegend,72.50,0.00,0.00,0.00,0.00,0.00,0.00,0.00,3.50,0.00,0.00,0.00,0.00,0.00,0.00,0.00,0.00,0.00,1.50,0.00,1.00,0.00,0.00,0.00,0.00,0.00,0.00,0.00,0.00,0.00,0.00,0.00,0.00,0.00,0.00,0.00,0.00,2.00,0.00,0.00,0.00,0.00,0.00,0.00,0.00,0.00,0.50,0.00,0.00,0.00,0.00,0.00,0.00,0.00,0.50,0.00,0.00,2.50,0.00,0.00,0.00,0.00,0.00,0.00,1.00,0.00,0.00,0.00,1.00,0.00,0.00,0.00,0.00,0.00,0.00,0.00,0.00,0.00,0.00,0.00,1.00,2.00,0.00,0.00,1.50,0.00,0.00,0.00,0.00,0.00,0.00,0.50,0.00,0.00,0.00,0.00,0.00,0.00,0.00,1.00,0.00,2.50,0.00,5.50,0.00,0.00,0.00,1.00,0.00,0.00,12.50,90.06,1.86,8.07,13.20,0.01,1.030,,,,,
239,K18-08,3970.04,Rotliegend,67.50,0.00,0.00,0.00,0.00,0.00,0.00,0.00,2.50,0.00,0.00,0.00,0.00,0.00,0.00,0.00,0.00,0.00,2.00,0.00,0.00,0.00,0.00,0.00,0.00,0.00,0.00,0.00,0.00,0.00,0.00,0.00,0.00,0.00,0.00,0.00,0.00,6.50,0.50,0.00,0.00,0.00,0.00,0.00,0.00,0.00,1.00,0.00,0.00,0.00,0.00,0.00,0.00,0.00,0.50,0.00,0.00,6.00,0.00,0.00,0.00,0.00,0.00,0.00,0.50,0.00,0.00,0.00,1.00,0.00,0.00,0.00,0.00,0.00,0.00,0.00,0.00,0.00,0.00,0.00,4.00,1.50,0.00,0.00,1.50,0.00,0.00,0.00,0.00,0.00,0.00,0.00,0.00,0.00,0.00,0.00,0.00,0.00,0.00,0.00,0.00,1.00,0.00,4.50,0.00,0.00,0.00,0.00,0.00,0.00,17.50,85.44,2.53,12.03,9.30,-1.00,0.100,,,,,
240,K18-08,3826.54,Rotliegend,55.50,0.00,0.00,0.00,0.00,0.00,0.00,0.00,3.00,0.00,0.00,0.00,0.00,0.00,0.00,0.00,0.00,0.00,4.00,0.00,0.50,0.00,0.00,0.00,0.00,0.00,0.00,0.00,0.00,0.00,0.00,0.00,0.00,0.00,0.00,0.00,0.00,5.50,1.50,0.00,0.00,0.00,0.00,0.00,0.00,0.00,0.00,0.00,0.00,0.00,0.00,0.00,0.00,0.00,0.50,0.00,0.00,7.00,0.00,0.00,0.00,0.00,0.00,0.00,2.00,0.00,0.00,0.00,1.00,0.00,0.00,0.00,0.00,0.00,0.00,0.00,0.00,0.00,0.00,0.00,0.00,2.50,0.00,0.00,2.00,0.00,0.00,0.00,0.00,0.00,0.00,0.50,0.00,0.00,0.00,0.00,0.50,0.00,0.00,1.00,0.00,4.50,0.00,9.50,0.00,0.00,0.00,0.00,0.00,0.00,21.50,79.29,5.71,15.00,13.40,1.15,14.100,,,,,
241,K18-08,3821.15,Rotliegend,59.50,0.00,0.00,0.00,0.00,0.00,0.00,0.00,4.50,0.00,0.00,0.00,0.00,0.00,0.00,0.00,0.00,0.00,2.50,0.00,0.00,0.00,0.00,0.00,0.00,0.00,0.00,0.00,0.00,0.00,0.00,0.00,0.00,0.00,0.00,0.00,0.00,15.00,0.00,0.00,0.00,0.00,0.00,0.00,0.00,0.00,0.50,0.00,0.00,0.00,0.00,0.00,0.00,0.00,0.00,0.00,0.00,7.50,0.00,0.00,0.00,0.00,0.00,0.00,0.00,0.00,0.00,0.00,1.00,0.00,0.00,0.00,0.00,0.00,0.00,0.00,0.00,0.00,0.00,0.00,0.00,0.50,0.00,0.00,3.50,0.00,0.00,0.00,0.00,0.00,0.00,1.50,0.00,0.00,0.00,0.00,0.00,0.00,0.00,0.00,0.00,2.00,0.00,3.50,0.00,0.00,0.00,0.00,0.00,0.00,15.50,73.01,3.07,23.93,11.70,0.80,6.280,,,,,
242,K18-08,3995.96,Rotliegend,71.50,0.00,0.00,0.00,0.00,0.00,0.00,0.00,4.00,0.00,0.00,0.00,0.00,0.00,0.00,0.00,0.00,0.00,2.00,0.00,0.00,0.00,0.00,0.00,0.00,0.00,0.00,0.00,0.00,0.00,0.00,0.00,0.00,0.00,0.00,0.00,0.00,3.50,0.00,0.00,0.00,0.00,0.00,0.00,0.00,0.00,0.00,0.00,0.00,0.00,0.00,0.00,0.00,0.00,2.00,0.00,0.00,3.50,0.00,0.00,0.00,0.00,0.00,0.00,0.00,0.00,0.00,0.00,1.00,0.00,0.00,0.00,0.00,0.00,0.00,0.00,0.00,0.00,0.00,0.00,1.50,2.00,0.00,0.00,1.00,0.00,0.00,0.00,0.00,0.00,0.00,0.50,0.00,0.00,0.00,0.00,0.00,0.00,0.00,1.00,0.00,2.50,0.00,5.50,0.00,0.00,0.00,1.00,0.00,0.00,12.50,88.27,2.47,9.26,10.40,-0.33,0.470,,,,,
243,K18-08,4001.97,Rotliegend,61.00,0.00,0.00,0.00,0.00,0.00,0.00,0.00,7.50,0.00,0.00,0.00,0.00,0.00,0.00,0.00,0.00,0.00,5.50,0.00,0.50,0.00,0.00,0.00,0.00,0.00,0.00,0.00,0.00,0.00,0.00,0.00,0.00,0.00,0.00,0.00,0.00,5.00,0.00,0.00,0.00,0.00,0.00,0.00,0.00,0.00,2.50,0.00,0.00,0.00,0.00,0.00,0.00,0.00,2.00,0.00,0.00,3.50,0.00,0.00,0.00,0.00,0.00,0.00,0.50,0.00,0.00,0.00,0.50,0.00,0.00,0.00,0.00,0.00,0.00,0.00,0.00,0.00,0.00,0.00,1.50,2.50,0.00,0.00,1.50,0.00,0.00,0.00,0.00,0.00,0.00,0.50,0.00,0.00,0.00,0.00,0.00,0.00,0.00,0.50,0.00,3.50,0.00,4.00,0.00,0.00,0.00,0.00,0.00,0.00,11.50,76.73,6.92,16.35,10.50,-0.48,0.330,,,,,
244,K18-08,3831.04,Rotliegend,58.00,0.00,0.00,0.00,0.00,0.00,0.00,0.00,5.50,0.00,0.00,0.00,0.00,0.00,0.00,0.00,0.00,0.00,3.50,0.00,0.00,0.00,0.00,0.00,0.00,0.00,0.00,0.00,0.00,0.00,0.00,0.00,0.00,0.00,0.00,0.00,0.00,7.50,1.50,0.00,0.00,0.00,0.00,0.00,0.00,0.00,0.50,0.00,0.00,0.00,0.00,0.00,0.00,0.00,1.00,0.00,0.00,4.50,0.00,0.00,0.00,0.00,0.00,0.00,0.00,0.00,0.00,0.00,1.00,0.00,0.00,0.00,0.00,0.00,0.00,0.00,0.00,0.00,0.00,0.00,1.50,5.50,0.00,0.00,2.00,0.00,0.00,0.00,0.00,0.00,0.00,0.00,0.00,0.00,0.00,0.00,0.50,0.00,0.00,0.00,0.00,7.00,0.00,1.00,0.00,0.00,0.00,0.50,0.00,0.00,10.00,76.32,4.61,19.08,8.70,-0.49,0.320,,,,,
245,K18-08,3822.53,Rotliegend,63.00,0.00,0.00,0.00,0.00,0.00,0.00,0.00,8.00,0.00,0.00,0.00,0.00,0.00,0.00,0.00,0.00,0.00,3.50,0.00,2.00,0.00,0.00,0.00,0.00,0.00,0.00,0.00,0.00,0.00,0.00,0.00,0.00,0.00,0.00,0.00,0.00,4.50,0.00,0.00,0.00,0.00,0.00,0.00,0.00,0.00,0.00,0.00,0.00,0.00,0.00,0.00,0.00,0.00,2.00,0.00,0.00,6.50,0.00,0.00,0.00,0.00,0.00,0.00,0.00,0.00,0.00,0.00,1.00,0.00,0.00,0.00,0.00,0.00,0.00,0.00,0.00,0.00,0.00,0.00,0.00,2.00,0.00,0.00,2.00,0.00,0.00,0.00,0.00,0.00,0.00,0.50,0.00,0.00,0.00,0.00,0.00,0.00,0.00,0.00,0.00,2.00,0.00,5.50,0.00,0.00,0.00,0.00,0.00,0.00,15.00,77.78,4.32,17.90,10.90,0.64,4.320,,,,,
246,K18-09,4035.01,Upper Carboniferous,46.70,8.70,0.70,0.00,0.00,0.00,0.00,4.00,0.00,0.00,0.00,0.00,0.00,0.00,0.00,0.00,0.00,0.00,0.00,0.00,0.70,5.00,2.30,0.30,0.00,0.00,0.00,0.00,0.00,0.00,0.00,0.00,0.00,0.00,0.00,0.00,0.00,0.00,0.00,0.00,0.00,0.00,0.00,0.00,0.00,0.00,0.00,0.00,0.00,0.00,0.00,0.00,0.00,0.00,0.00,0.00,0.00,0.00,0.00,0.00,0.00,0.00,0.00,0.00,0.30,0.00,0.00,0.00,14.00,0.00,0.00,0.00,1.00,0.00,0.00,0.00,0.00,0.00,0.00,0.00,0.00,0.00,0.00,0.00,0.00,0.00,0.00,0.00,0.00,0.00,0.00,0.00,4.70,3.70,0.00,0.00,0.00,0.00,0.00,0.00,0.00,8.00,0.00,0.00,0.00,0.00,0.00,0.00,0.00,0.00,15.30,81.35,0.00,18.65,8.34,,,,,,,
247,K18-09,4034.03,Upper Carboniferous,39.30,3.30,1.00,0.00,0.00,0.00,0.00,0.30,0.00,0.00,0.00,0.00,0.00,0.00,0.00,0.00,0.00,0.00,0.00,0.00,1.60,13.00,3.70,1.70,0.00,0.00,0.00,0.00,0.00,0.00,0.00,0.00,0.00,0.00,0.00,0.00,0.00,0.00,0.00,0.00,0.00,0.00,0.00,0.00,0.00,0.00,0.00,0.00,0.00,0.00,0.00,0.00,0.00,0.00,0.00,0.00,0.00,0.00,0.00,1.00,0.00,1.30,0.00,0.00,0.00,0.00,0.00,0.00,15.70,0.00,0.00,0.00,0.00,0.00,0.00,0.00,0.00,0.00,0.00,0.00,0.00,0.00,0.00,0.00,0.70,0.00,0.00,0.00,2.00,0.00,0.00,0.00,3.30,4.00,0.00,0.00,0.00,0.00,0.00,1.70,0.00,6.00,0.00,0.00,0.00,0.00,0.00,0.30,0.00,0.00,18.70,68.49,0.00,31.51,5.20,-1.15,0.070,,,,,
248,K18-09,3710.03,Upper Carboniferous,43.40,10.70,1.00,0.00,0.00,0.00,0.00,0.00,0.00,0.00,0.00,0.00,0.00,0.00,0.00,0.00,0.00,0.00,0.00,0.00,1.30,3.30,2.30,0.00,0.00,0.00,0.00,0.30,1.30,0.00,0.00,0.00,0.00,0.00,0.00,0.00,0.00,0.00,0.00,0.00,0.00,0.00,0.00,0.00,0.00,0.00,0.00,0.00,0.00,0.00,0.00,0.00,0.00,0.00,0.00,0.00,0.00,0.00,0.00,0.30,0.00,0.30,0.00,0.00,0.00,0.00,0.00,0.00,13.70,0.00,0.00,0.00,0.00,0.00,0.00,0.00,0.00,0.00,0.00,0.00,0.00,0.00,0.00,0.00,0.30,0.00,0.00,0.00,0.00,0.00,0.00,0.00,3.30,4.70,0.00,0.00,0.00,0.00,0.00,2.30,0.00,8.00,0.00,0.30,0.00,0.00,0.00,3.00,0.00,0.00,14.90,87.26,0.00,12.74,10.78,,,,,,,
249,K18-09,4032.48,Upper Carboniferous,28.70,5.30,0.70,0.00,0.00,0.00,0.00,7.00,0.00,0.00,0.00,0.00,0.00,0.00,0.00,0.00,0.00,0.00,0.00,0.00,1.70,0.70,0.00,0.30,0.00,0.00,0.00,0.00,0.00,0.00,0.00,0.00,0.00,0.00,0.00,0.00,0.00,0.00,0.00,0.00,0.00,0.00,0.00,0.00,0.00,0.00,1.00,0.00,0.00,0.00,0.00,0.00,0.00,0.00,0.00,0.00,0.00,0.00,0.00,6.70,0.00,1.30,0.00,0.00,0.00,0.00,0.00,0.00,7.70,0.00,0.00,0.00,0.00,0.00,0.00,0.00,0.00,0.00,0.00,0.00,0.00,0.00,0.00,0.00,0.30,0.00,0.00,0.00,0.00,0.00,0.00,0.00,35.30,2.00,0.00,0.00,0.00,0.00,0.00,0.00,0.00,1.30,0.00,0.00,0.00,0.00,0.00,0.00,0.00,0.00,16.00,77.10,0.00,22.90,2.75,-1.51,0.031,,,,,
250,K18-09,3709.02,Upper Carboniferous,38.33,22.00,0.30,0.00,0.00,0.00,0.00,0.30,0.00,0.00,0.00,0.00,0.00,0.00,0.00,0.00,0.00,0.00,0.00,0.00,3.60,2.30,2.30,0.70,0.00,0.00,0.00,0.00,2.30,0.00,0.00,0.00,0.00,0.00,0.00,0.00,0.00,0.00,0.00,0.00,0.00,0.00,0.00,0.00,0.00,0.00,0.00,0.00,0.00,0.00,0.00,0.00,0.00,0.00,0.00,0.00,0.00,0.00,0.00,1.00,0.00,0.00,0.00,0.00,0.00,0.00,0.00,0.00,14.00,0.00,0.00,0.00,0.00,0.00,0.00,0.00,0.00,0.00,0.00,0.00,0.00,0.00,0.00,0.00,0.70,0.00,0.00,0.00,2.00,0.00,0.00,0.00,1.00,0.30,0.00,0.00,0.00,0.00,0.00,0.00,0.00,8.00,0.00,0.30,0.30,0.00,0.00,0.30,0.00,0.00,16.30,87.27,0.00,12.73,8.40,,,,,,,
251,K18-09,3707.01,Upper Carboniferous,38.00,14.30,0.30,0.00,0.00,0.00,0.00,2.00,0.00,0.00,0.00,0.00,0.00,0.00,0.00,0.00,0.00,0.00,0.00,0.00,2.60,2.70,1.70,0.00,0.00,0.00,0.00,0.30,3.30,0.00,0.00,0.00,0.00,0.00,0.00,0.00,0.00,0.00,0.00,0.00,0.00,0.00,0.00,0.00,0.00,0.00,1.00,0.00,0.00,0.00,0.00,0.00,0.00,0.00,0.00,0.00,0.00,0.00,0.00,1.70,0.00,1.00,0.00,0.00,0.00,0.00,0.00,0.00,12.00,0.00,0.00,0.00,0.00,0.00,0.00,0.00,0.00,0.00,0.00,0.00,0.00,0.00,0.00,0.00,2.00,0.00,0.00,0.00,0.00,0.00,0.00,0.00,3.00,0.70,0.00,0.00,0.30,0.00,0.00,1.30,0.00,8.30,0.00,1.70,0.00,0.00,0.00,1.70,0.00,0.00,18.40,84.90,0.00,15.10,10.60,,,,,,,
252,K18-09,3705.01,Upper Carboniferous,27.10,9.70,2.30,0.00,0.00,0.00,0.00,1.00,0.00,0.00,0.00,0.00,0.00,0.00,0.00,0.00,0.00,0.00,0.00,0.00,5.30,13.00,0.00,7.00,0.00,0.00,0.00,0.30,22.70,0.00,0.00,0.00,0.00,0.00,0.00,0.00,0.00,0.00,0.00,0.00,0.00,0.00,0.00,0.00,0.00,0.00,1.00,0.00,0.00,0.00,0.00,0.00,0.00,0.00,0.00,0.00,0.00,0.00,0.00,0.00,0.00,0.00,0.00,0.00,0.00,0.00,0.00,0.00,4.00,0.00,0.00,0.00,0.30,0.00,0.00,0.00,0.00,0.00,0.00,0.00,0.00,0.30,0.00,0.00,0.30,0.00,0.00,0.00,0.00,0.00,0.00,0.00,0.00,0.00,0.00,0.00,0.30,0.00,0.00,0.00,0.00,5.30,0.00,0.00,0.00,0.00,0.00,0.00,0.00,0.00,4.60,63.01,0.00,36.99,5.58,,,,,,,
253,K18-09,3702.00,Upper Carboniferous,33.30,18.00,0.00,0.00,0.00,0.00,0.00,0.70,0.00,0.00,0.00,0.00,0.00,0.00,0.00,0.00,0.00,0.00,0.00,0.00,5.60,4.70,2.30,1.30,0.00,0.00,0.00,0.00,2.30,0.00,0.00,0.00,0.00,0.00,0.00,0.00,0.00,0.00,0.00,0.00,0.00,0.00,0.00,0.00,0.00,0.00,1.70,0.00,0.00,0.00,0.00,0.00,0.00,0.00,0.00,0.00,0.00,0.00,0.00,1.30,0.00,0.00,0.00,0.00,0.00,0.00,0.00,0.00,11.00,0.00,0.00,0.00,0.00,0.00,0.00,0.00,0.00,0.00,0.00,0.00,0.00,0.00,0.00,0.00,1.30,0.00,0.00,0.00,0.00,0.00,0.00,0.00,4.70,1.70,0.00,0.00,0.00,0.00,0.00,1.30,0.00,6.70,0.00,0.70,0.00,0.00,0.00,1.30,0.00,0.00,14.30,79.41,0.00,20.59,8.40,,,,,,,
254,K18-09,4056.41,Upper Carboniferous,45.30,5.70,1.00,0.00,0.00,0.00,0.00,2.30,0.00,0.00,0.00,0.00,0.00,0.00,0.00,0.00,0.00,0.00,0.00,0.00,3.00,13.00,2.70,1.30,0.00,0.00,0.00,1.00,0.00,0.00,0.00,0.00,0.00,0.00,0.00,0.00,0.00,0.00,0.00,0.00,0.00,0.00,0.30,0.00,0.00,0.00,0.70,0.00,0.00,0.00,0.00,0.00,0.00,0.00,0.00,0.00,0.00,0.00,0.00,0.30,0.00,0.30,0.00,0.00,0.00,0.00,0.00,0.00,8.70,0.00,0.00,0.00,1.00,0.00,0.00,0.00,0.00,0.00,0.00,0.00,0.00,0.00,0.00,0.00,0.00,0.00,0.00,0.00,0.00,0.00,0.00,0.00,6.00,4.00,0.00,0.00,0.00,0.00,0.00,0.00,0.00,3.30,0.00,0.00,0.00,0.00,0.00,0.00,0.00,0.00,10.30,69.86,0.00,30.14,4.50,-1.10,0.080,,,,,
255,K18-09,3700.00,Upper Carboniferous,32.46,12.00,2.30,0.00,0.00,0.00,0.00,3.30,0.00,0.00,0.00,0.00,0.00,0.00,0.00,0.00,0.00,0.00,0.00,0.00,5.00,7.70,5.30,1.00,0.00,0.00,0.00,0.30,0.30,0.00,0.00,0.00,0.00,0.00,0.00,0.00,0.00,0.00,0.00,0.00,0.00,0.00,0.00,0.00,0.00,0.00,0.70,0.00,0.00,0.00,0.00,0.00,0.00,0.00,0.00,0.00,0.00,0.00,0.00,0.70,0.00,0.30,0.00,0.00,0.00,0.00,0.00,0.00,14.30,0.00,0.00,0.00,0.00,0.00,0.00,0.00,0.00,0.00,0.00,0.00,0.00,0.00,0.00,0.00,1.30,0.00,0.00,0.00,0.67,0.00,0.00,0.00,3.00,2.00,0.00,0.00,0.00,0.00,0.00,0.30,0.00,5.30,0.00,0.30,0.70,0.00,0.00,0.70,0.00,0.00,17.60,65.32,0.00,34.68,10.60,,,,,,,
256,K18-09,3696.00,Upper Carboniferous,36.40,7.00,1.30,0.00,0.00,0.00,0.00,0.00,0.00,0.00,0.00,0.00,0.00,0.00,0.00,0.00,0.00,0.00,0.00,0.00,3.30,8.30,3.30,0.00,0.00,0.00,0.00,0.00,5.40,0.00,0.00,0.00,0.00,0.00,0.00,0.00,0.00,0.00,0.00,0.00,0.00,0.00,0.00,0.00,0.00,0.00,1.00,0.00,0.00,0.00,0.00,0.00,0.00,0.00,0.00,0.00,0.00,0.00,0.00,1.30,0.00,0.30,0.00,0.00,0.00,0.00,0.00,0.00,11.30,0.00,0.00,0.00,0.30,0.00,0.00,0.00,0.00,0.00,0.00,0.00,0.00,0.00,0.00,0.00,0.70,0.00,0.00,0.00,0.00,0.00,0.00,0.00,7.70,4.70,0.00,0.00,0.00,0.00,0.00,1.30,0.00,5.00,0.00,0.00,0.00,0.00,0.00,1.30,0.00,0.00,13.90,72.82,0.00,27.18,5.58,,,,,,,
257,K18-09,4055.41,Upper Carboniferous,33.70,8.70,1.30,0.00,0.00,0.00,0.00,1.30,0.00,0.00,0.00,0.00,0.00,0.00,0.00,0.00,0.00,0.00,0.00,0.00,6.30,10.30,4.00,0.30,0.00,0.00,0.00,0.00,0.00,0.00,0.00,0.00,0.00,0.00,0.00,0.00,0.00,0.00,0.00,0.00,0.00,0.00,0.70,0.00,0.00,0.00,1.00,0.00,0.00,0.00,0.00,0.00,0.00,0.00,0.00,0.00,0.00,0.00,0.00,0.00,0.00,0.30,0.00,0.00,0.00,0.00,0.00,0.00,16.00,0.00,0.00,0.00,0.70,0.00,0.00,0.00,0.00,0.00,0.00,0.00,0.00,0.00,0.00,0.00,0.00,0.00,0.00,0.00,0.00,0.00,0.00,0.00,4.30,6.70,0.00,0.00,0.00,0.00,0.00,0.30,0.00,3.70,0.00,0.30,0.00,0.00,0.00,0.00,0.00,0.00,17.30,64.63,0.00,35.37,4.53,-1.07,0.085,,,,,
258,K18-09,4052.52,Upper Carboniferous,32.70,6.70,1.00,0.00,0.00,0.00,0.00,2.30,0.00,0.00,0.00,0.00,0.00,0.00,0.00,0.00,0.00,0.00,0.00,0.00,4.30,9.70,1.70,2.30,0.00,0.00,0.00,0.00,0.00,0.00,0.00,0.00,0.00,0.00,0.00,0.00,0.00,0.00,0.00,0.00,0.00,0.00,0.00,0.00,0.00,0.00,0.00,0.00,0.00,0.00,0.00,0.00,0.00,0.00,0.00,0.00,0.00,0.00,0.00,1.70,0.00,0.70,0.00,0.00,0.30,0.00,0.00,0.00,18.00,0.00,0.00,0.00,0.00,0.00,0.00,0.00,0.00,0.00,0.00,0.00,0.00,0.00,0.00,0.00,0.70,0.00,0.00,0.00,0.00,0.00,0.00,0.00,5.30,5.30,0.00,0.00,0.00,0.00,0.00,0.00,0.00,7.00,0.00,0.30,0.00,0.00,0.00,0.00,0.00,0.00,21.70,67.47,0.00,32.53,4.40,-1.30,0.050,,,,,
259,K18-09,3718.02,Upper Carboniferous,38.70,15.30,0.00,0.00,0.00,0.00,0.00,0.00,0.00,0.00,0.00,0.00,0.00,0.00,0.00,0.00,0.00,0.00,0.00,0.00,3.60,6.00,4.00,0.70,0.00,0.00,0.00,0.00,2.00,0.00,0.00,0.00,0.00,0.00,0.00,0.00,0.00,0.00,0.00,0.00,0.00,0.00,0.00,0.00,0.00,0.00,1.00,0.00,0.00,0.00,0.00,0.00,0.00,0.00,0.00,0.00,0.00,0.00,0.00,1.70,0.00,1.00,0.00,0.00,0.00,0.00,0.00,0.00,12.70,0.00,0.00,0.00,0.00,0.00,0.00,0.00,0.00,0.00,0.00,0.00,0.00,0.00,0.00,0.00,1.30,0.00,0.00,0.00,0.00,0.00,0.00,0.00,0.70,2.30,0.00,0.00,0.00,0.00,0.00,2.00,0.00,5.00,0.00,0.00,0.00,0.00,0.00,2.00,0.00,0.00,16.70,79.88,0.00,20.12,9.37,,,,,,,
260,K18-09,4049.99,Upper Carboniferous,38.30,8.70,1.00,0.00,0.00,0.00,0.00,1.30,0.00,0.00,0.00,0.00,0.00,0.00,0.00,0.00,0.00,0.00,0.00,0.00,4.30,10.00,2.30,2.00,0.00,0.00,0.00,0.00,0.00,0.00,0.00,0.00,0.00,0.00,0.00,0.00,0.00,0.00,0.00,0.00,0.00,0.00,0.00,0.00,0.00,0.00,0.30,0.00,0.00,0.00,0.00,0.00,0.00,0.00,0.00,0.00,0.00,0.00,0.00,1.00,0.00,1.70,0.00,0.00,0.00,0.00,0.00,0.00,13.70,0.00,0.00,0.00,0.30,0.00,0.00,0.00,0.00,0.00,0.00,0.00,0.00,0.30,0.00,0.00,0.30,0.00,0.00,0.00,0.00,0.00,0.00,0.00,3.30,6.00,0.00,0.00,0.00,0.00,0.00,0.30,0.00,4.70,0.00,0.00,0.00,0.00,0.00,0.00,0.00,0.00,17.00,71.32,0.00,28.68,3.54,-1.22,0.060,,,,,
261,K18-09,4048.51,Upper Carboniferous,41.10,9.00,1.30,0.00,0.00,0.00,0.00,2.30,0.00,0.00,0.00,0.00,0.00,0.00,0.00,0.00,0.00,0.00,0.00,0.00,2.30,7.30,3.00,1.30,0.00,0.00,0.00,0.00,0.00,0.00,0.00,0.00,0.00,0.00,0.00,0.00,0.00,0.00,0.00,0.00,0.00,0.00,0.00,0.00,0.00,0.00,0.00,0.00,0.00,0.00,0.00,0.00,0.00,0.00,0.00,0.00,0.00,0.00,0.00,0.00,0.00,0.00,0.00,0.00,0.00,0.00,0.00,0.00,12.70,0.00,0.00,0.00,1.30,0.00,0.00,0.00,0.00,0.00,0.00,0.00,0.00,0.00,0.00,0.00,0.30,0.00,0.00,0.00,3.30,0.00,0.00,0.00,0.70,6.30,0.00,0.00,0.00,0.00,0.00,0.70,0.00,6.00,0.00,0.00,0.00,0.00,0.00,1.00,0.00,0.00,14.30,75.57,0.00,24.43,4.80,,,,,,,
262,K18-09,4045.20,Upper Carboniferous,36.00,7.00,1.70,0.00,0.00,0.00,0.00,3.00,0.00,0.00,0.00,0.00,0.00,0.00,0.00,0.00,0.00,0.00,0.00,0.00,4.70,18.70,2.00,0.30,0.00,0.00,0.00,0.00,0.00,0.00,0.00,0.00,0.00,0.00,0.00,0.00,0.00,0.00,0.00,0.00,0.00,0.00,0.00,0.00,0.00,0.00,2.70,0.00,0.00,0.00,0.00,0.00,0.00,0.00,0.00,0.00,0.00,0.00,0.00,0.30,0.00,0.00,0.00,0.00,0.00,0.00,0.00,0.00,10.30,0.00,0.00,0.00,0.30,0.00,0.00,0.00,0.00,0.00,0.00,0.00,0.00,0.00,0.00,0.00,0.00,0.00,0.00,0.00,0.00,0.00,0.00,0.00,3.00,3.30,0.00,0.00,0.00,0.00,0.00,0.00,0.00,6.00,0.00,0.00,0.00,0.00,0.00,0.70,0.00,0.00,10.90,58.82,0.00,41.18,3.00,-1.43,0.037,,,,,
263,K18-09,4041.52,Upper Carboniferous,38.70,7.30,0.30,0.00,0.00,0.00,0.00,5.00,0.00,0.00,0.00,0.00,0.00,0.00,0.00,0.00,0.00,0.00,0.00,0.00,4.30,11.00,4.00,1.00,0.00,0.00,0.00,0.00,0.00,0.00,0.00,0.00,0.00,0.00,0.00,0.00,0.00,0.00,0.00,0.00,0.00,0.00,0.00,0.00,0.00,0.00,0.30,0.00,0.00,0.00,0.00,0.00,0.00,0.00,0.00,0.00,0.00,0.00,0.00,0.00,0.00,0.30,0.00,0.00,0.00,0.00,0.00,0.00,15.00,0.00,0.00,0.00,0.00,0.00,0.00,0.00,0.00,0.00,0.00,0.00,0.00,0.00,0.00,0.00,1.00,0.00,0.00,0.00,0.00,0.00,0.00,0.00,1.70,4.70,0.00,0.00,0.00,0.00,0.00,0.00,0.00,5.30,0.00,0.00,0.00,0.00,0.00,0.00,0.00,0.00,16.30,65.16,0.00,34.84,5.50,-1.15,0.070,,,,,
264,K18-09,3714.01,Upper Carboniferous,38.70,20.70,0.30,0.00,0.00,0.00,0.00,1.30,0.00,0.00,0.00,0.00,0.00,0.00,0.00,0.00,0.00,0.00,0.00,0.00,1.30,3.70,4.70,1.00,0.00,0.00,0.00,0.00,1.00,0.00,0.00,0.00,0.00,0.00,0.00,0.00,0.00,0.00,0.00,0.00,0.00,0.00,0.00,0.00,0.00,0.00,0.30,0.00,0.00,0.00,0.00,0.00,0.00,0.00,0.00,0.00,0.00,0.00,0.00,1.30,0.00,1.00,0.00,0.00,0.00,0.00,0.00,0.00,12.30,0.00,0.00,0.00,0.00,0.00,0.00,0.00,0.00,0.00,0.00,0.00,0.00,0.00,0.00,0.00,1.70,0.00,0.00,0.00,0.00,0.00,0.00,0.00,2.00,1.70,0.00,0.00,0.00,0.00,0.00,0.30,0.00,4.30,0.00,0.70,0.00,0.00,0.00,1.70,0.00,0.00,17.00,84.02,0.00,15.98,10.46,-0.37,0.424,,,,,
265,K18-09,4036.02,Upper Carboniferous,48.40,10.30,1.30,0.00,0.00,0.00,0.00,1.70,0.00,0.00,0.00,0.00,0.00,0.00,0.00,0.00,0.00,0.00,0.00,0.00,1.70,7.30,2.30,0.30,0.00,0.00,0.00,0.00,0.00,0.00,0.00,0.00,0.00,0.00,0.00,0.00,0.00,0.00,0.00,0.00,0.00,0.00,2.30,0.00,0.00,0.00,0.30,0.00,0.00,0.00,0.00,0.00,0.00,0.00,0.00,0.00,0.00,0.00,0.00,0.30,0.00,0.00,0.00,0.00,0.30,0.00,0.00,0.00,8.00,0.00,0.00,0.00,5.00,0.00,0.00,0.00,0.00,0.00,0.00,0.00,0.00,0.00,0.00,0.00,0.00,0.00,0.00,0.00,0.00,0.00,0.00,0.00,1.30,2.00,0.00,0.00,0.00,0.00,0.00,0.00,0.00,6.00,0.00,0.00,0.00,0.00,0.00,1.00,0.00,0.00,13.60,80.41,0.00,19.59,12.10,,,,,,,
266,K18-G-04,3702.00,Rotliegend,64.30,0.00,0.00,0.00,0.00,0.00,0.00,0.00,2.70,0.00,0.00,0.00,0.00,0.00,0.00,0.00,0.00,0.00,7.00,0.00,0.70,0.00,0.00,0.00,0.00,0.00,0.00,0.00,0.00,0.00,0.00,0.00,0.00,0.00,0.00,0.00,0.00,3.30,0.00,0.00,0.00,0.00,0.00,0.00,0.00,0.00,3.30,0.00,0.00,0.00,0.00,0.00,0.00,0.00,0.00,0.00,0.00,7.70,0.00,0.00,0.00,0.00,0.00,0.00,0.70,0.00,0.00,0.00,1.70,0.00,0.00,0.00,0.00,0.00,0.00,0.00,0.00,0.00,0.00,0.00,0.30,1.30,0.00,0.00,1.30,0.00,0.00,0.00,0.00,0.00,0.00,0.00,0.00,0.00,0.00,0.00,0.00,0.00,0.00,0.30,0.00,2.00,0.00,1.70,0.00,0.00,0.00,1.00,0.00,0.00,13.40,82.44,8.97,8.59,9.60,-0.02,0.950,,,,,
267,K18-G-04,3706.27,Rotliegend,51.30,0.00,0.00,0.00,0.00,0.00,0.00,0.00,3.60,0.00,0.00,0.00,0.00,0.00,0.00,0.00,0.00,0.00,6.30,0.00,1.00,0.00,0.00,0.00,0.00,0.00,0.00,0.00,0.00,0.00,0.00,0.00,0.00,0.00,0.00,0.00,0.00,3.00,0.70,0.00,0.00,0.00,0.00,0.00,0.00,0.00,1.30,0.00,0.00,0.00,0.00,0.00,0.00,0.00,1.30,0.00,0.00,9.00,0.00,0.00,0.00,0.00,0.00,0.00,10.70,0.00,0.00,0.00,0.70,0.00,0.00,0.00,0.00,0.00,0.00,0.00,0.00,0.00,0.00,0.00,0.00,0.30,0.00,0.00,2.70,0.00,0.00,0.00,0.00,0.00,0.00,0.00,0.00,0.00,0.00,0.00,0.00,0.00,0.00,0.00,0.00,3.30,0.00,3.00,0.00,0.00,0.00,2.70,0.00,0.00,26.10,77.85,9.56,12.59,9.80,0.45,2.800,,,,,
268,K18-G-04,3703.44,Rotliegend,54.80,0.00,0.00,0.00,0.00,0.00,0.00,0.00,0.90,0.00,0.00,0.00,0.00,0.00,0.00,0.00,0.00,0.00,3.30,0.00,0.30,0.00,0.00,0.00,0.00,0.00,0.00,0.00,0.00,0.00,0.00,0.00,0.00,0.00,0.00,0.00,0.00,3.90,0.30,0.00,0.00,0.00,0.00,0.00,0.00,0.00,0.00,0.00,0.00,0.00,0.00,0.00,0.00,0.00,0.60,0.00,0.00,0.00,0.00,0.00,0.00,0.00,0.00,0.00,12.70,0.00,0.00,0.00,2.70,0.00,0.00,0.00,0.00,0.00,0.00,0.00,0.00,0.00,0.00,0.00,0.30,0.90,0.00,0.00,4.20,0.00,0.00,0.00,0.00,0.00,0.00,0.00,0.00,0.00,0.00,0.00,0.00,0.00,0.00,1.80,0.00,6.00,0.00,3.60,0.60,0.00,0.00,2.70,0.00,0.00,24.10,86.30,5.20,8.50,13.30,1.45,28.000,,,,,
269,K18-G-04,3705.17,Rotliegend,58.40,0.00,0.00,0.00,0.00,0.00,0.00,0.00,3.40,0.00,0.00,0.00,0.00,0.00,0.00,0.00,0.00,0.00,6.30,0.00,0.70,0.00,0.00,0.00,0.00,0.00,0.00,0.00,0.00,0.00,0.00,0.00,0.00,0.00,0.00,0.00,0.00,3.30,0.30,0.00,0.00,0.00,0.00,0.00,0.00,0.00,2.30,0.00,0.00,0.00,0.00,0.00,0.00,0.00,0.00,0.00,0.00,5.60,0.00,0.00,0.00,0.00,0.00,0.00,4.00,0.00,0.00,0.00,5.30,0.00,0.00,0.00,0.00,0.00,0.00,0.00,0.00,0.00,0.00,0.00,0.30,2.00,0.00,0.00,3.00,0.00,0.00,0.00,0.00,0.00,0.00,0.00,0.00,0.00,0.00,0.00,0.00,0.00,0.00,0.10,0.00,2.30,0.00,1.00,0.00,0.00,0.00,1.00,0.00,0.00,19.20,80.66,8.70,10.64,8.40,-0.46,0.350,,,,,
270,K18-G-04,3709.60,Rotliegend,65.40,0.00,0.00,0.00,0.00,0.00,0.00,0.00,2.40,0.00,0.00,0.00,0.00,0.00,0.00,0.00,0.00,0.00,7.00,0.00,0.00,0.00,0.00,0.00,0.00,0.00,0.00,0.00,0.00,0.00,0.00,0.00,0.00,0.00,0.00,0.00,0.00,0.70,0.00,0.00,0.00,0.00,0.00,0.00,0.00,0.00,2.00,0.00,0.00,0.00,0.00,0.00,0.00,0.00,0.70,0.00,0.00,4.30,0.00,0.00,0.00,0.00,0.00,0.00,3.30,0.00,0.00,0.00,4.70,0.00,0.00,0.00,0.00,0.00,0.00,0.00,0.00,0.00,0.00,0.00,1.30,2.00,0.00,0.00,0.30,0.00,0.00,0.00,0.00,0.00,0.00,0.00,0.00,0.00,0.00,0.00,0.00,0.00,0.00,0.70,0.00,2.00,0.00,2.30,0.00,0.00,0.00,1.30,0.00,0.00,16.20,86.62,9.27,4.11,8.10,-0.43,0.370,,,,,
271,K18-G-04,3710.94,Rotliegend,64.30,0.00,0.00,0.00,0.00,0.00,0.00,0.00,4.00,0.00,0.00,0.00,0.00,0.00,0.00,0.00,0.00,0.00,2.70,0.00,1.00,0.00,0.00,0.00,0.00,0.00,0.00,0.00,0.00,0.00,0.00,0.00,0.00,0.00,0.00,0.00,0.00,3.70,0.00,0.00,0.00,0.00,0.00,0.00,0.00,0.00,1.00,0.00,0.00,0.00,0.00,0.00,0.00,0.00,2.30,0.00,0.00,7.00,0.00,0.00,0.00,0.00,0.00,0.00,4.70,0.00,0.00,0.00,5.30,0.00,0.00,0.00,0.00,0.00,0.00,0.00,0.00,0.00,0.00,0.00,0.30,1.70,0.00,0.00,0.70,0.00,0.00,0.00,0.00,0.00,0.00,0.00,0.00,0.00,0.00,0.00,0.00,0.00,0.00,1.00,0.00,0.70,0.00,1.30,0.00,0.00,0.00,0.70,0.00,0.00,19.30,84.94,3.57,11.49,7.10,-0.42,0.380,,,,,
272,K18-G-04,3711.20,Rotliegend,63.90,0.00,0.00,0.00,0.00,0.00,0.00,0.00,2.00,0.00,0.00,0.00,0.00,0.00,0.00,0.00,0.00,0.00,4.70,0.00,0.30,0.00,0.00,0.00,0.00,0.00,0.00,0.00,0.00,0.00,0.00,0.00,0.00,0.00,0.00,0.00,0.00,2.30,0.00,0.00,0.00,0.00,0.00,0.00,0.00,0.00,0.30,0.00,0.00,0.00,0.00,0.00,0.00,0.00,0.30,0.00,0.00,5.60,0.00,0.00,0.00,0.00,0.00,0.00,8.30,0.00,0.00,0.00,2.30,0.00,0.00,0.00,0.00,0.00,0.00,0.00,0.00,0.00,0.00,0.00,0.00,1.00,0.00,0.00,1.30,0.00,0.00,0.00,0.00,0.00,0.00,0.00,0.00,0.00,0.00,0.00,0.00,0.00,0.00,0.70,0.00,1.70,0.00,4.00,0.30,0.00,0.00,1.30,0.00,0.00,21.80,87.30,6.42,6.28,11.30,1.30,19.800,,,,,
273,K18-G-04,3711.96,Rotliegend,51.00,0.00,0.00,0.00,0.00,0.00,0.00,0.00,4.60,0.00,0.00,0.00,0.00,0.00,0.00,0.00,0.00,0.00,4.70,0.00,0.30,0.00,0.00,0.00,0.00,0.00,0.00,0.00,0.00,0.00,0.00,0.00,0.00,0.00,0.00,0.00,0.00,2.70,0.00,0.00,0.00,0.00,0.00,0.00,0.00,0.00,0.70,0.00,0.00,0.00,0.00,0.00,0.00,0.00,1.30,0.00,0.00,10.30,0.00,0.00,0.00,0.00,0.00,0.00,7.00,0.00,0.00,0.00,0.70,0.00,0.00,0.00,0.00,0.00,0.00,0.00,0.00,0.00,0.00,0.00,0.00,1.00,0.00,0.00,3.70,0.00,0.00,0.00,0.00,0.00,0.00,0.00,0.00,0.00,0.00,0.00,0.00,0.00,0.00,0.70,0.00,5.30,0.00,5.30,0.10,0.00,0.00,1.00,0.00,0.00,27.10,80.57,7.42,12.01,14.10,1.32,21.000,,,,,
274,K18-G-04,3715.68,Rotliegend,65.70,0.00,0.00,0.00,0.00,0.00,0.00,0.00,4.30,0.00,0.00,0.00,0.00,0.00,0.00,0.00,0.00,0.00,4.00,0.00,0.70,0.00,0.00,0.00,0.00,0.00,0.00,0.00,0.00,0.00,0.00,0.00,0.00,0.00,0.00,0.00,0.00,3.70,0.00,0.00,0.00,0.00,0.00,0.00,0.00,0.00,2.30,0.00,0.00,0.00,0.00,0.00,0.00,0.00,2.30,0.00,0.00,12.00,0.00,0.00,0.00,0.00,0.00,0.00,0.00,0.00,0.00,0.00,2.00,0.00,0.00,0.00,0.00,0.00,0.00,0.00,0.00,0.00,0.00,0.00,1.30,2.30,0.00,0.00,0.70,0.00,0.00,0.00,0.00,0.00,0.00,0.00,0.00,0.00,0.00,0.00,0.00,0.00,0.00,0.70,0.00,0.00,0.00,0.30,0.00,0.00,0.00,0.00,0.00,0.00,16.30,83.80,5.10,11.10,4.40,-1.05,0.090,,,,,
275,K18-Kotter-14,3135.94,Jurassic,40.00,1.00,0.00,0.00,0.00,0.70,2.70,2.70,0.00,0.00,0.00,0.00,0.00,0.00,0.00,0.00,0.00,0.00,0.00,0.00,0.00,0.00,0.00,2.30,0.00,0.00,0.00,0.00,0.00,0.00,0.00,0.00,5.70,0.00,0.00,0.00,0.00,0.00,0.00,0.00,0.00,0.00,0.00,0.00,0.00,0.00,13.70,0.00,0.00,0.00,0.00,0.00,0.00,0.00,0.00,0.00,0.00,0.00,0.00,29.30,0.00,0.00,0.00,0.00,0.00,0.00,0.00,0.00,0.00,0.00,0.00,0.00,0.00,0.00,0.00,0.00,2.00,0.00,0.00,0.00,0.00,0.00,0.00,0.00,0.00,0.00,0.00,0.00,0.00,0.00,0.00,0.00,0.00,0.00,0.00,0.00,0.00,0.00,0.00,0.00,0.00,0.00,0.00,0.00,0.00,0.00,0.00,0.00,0.00,0.00,31.30,87.05,7.22,5.73,2.40,,,,,,,
276,K18-Kotter-14,3137.81,Jurassic,51.30,20.70,0.00,0.00,0.00,0.00,2.30,1.00,0.00,0.00,0.00,2.70,0.00,0.00,0.00,0.00,0.00,0.00,0.00,0.00,0.00,0.00,0.00,1.30,0.00,0.00,0.00,0.10,0.00,0.00,0.00,0.00,0.30,0.00,0.00,0.00,0.00,0.00,0.00,0.00,0.00,0.00,0.00,0.00,0.00,0.00,16.00,0.00,0.00,0.00,0.00,0.00,0.00,0.00,1.30,0.00,0.00,0.00,0.00,1.00,0.00,0.00,0.00,0.00,0.00,0.00,0.00,0.00,1.70,0.00,0.00,0.00,0.00,0.00,0.00,0.00,0.30,0.00,0.00,0.00,0.00,0.00,0.00,0.00,0.00,0.00,0.00,0.00,0.00,0.00,0.00,0.00,0.00,0.00,0.00,0.00,0.00,0.00,0.00,0.00,0.00,0.00,0.00,0.00,0.00,0.00,0.00,0.00,0.00,0.00,3.00,92.31,2.95,4.74,12.00,-0.96,0.110,,,,,
277,K18-Kotter-14,3138.97,Jurassic,45.70,19.70,0.00,0.00,0.00,0.00,3.30,3.70,0.00,0.00,0.00,0.70,0.00,0.00,0.00,0.00,0.00,0.00,0.00,0.00,0.00,0.00,0.00,0.00,0.00,0.00,0.00,0.00,0.00,0.00,0.00,0.00,0.00,0.00,0.00,0.00,0.00,0.00,0.00,0.00,0.00,0.00,0.00,0.00,0.00,0.00,1.70,0.00,0.00,0.00,0.00,0.00,0.00,0.00,0.00,0.00,0.00,1.00,0.00,0.00,0.00,0.00,0.00,0.00,1.00,0.00,0.00,0.00,14.30,0.00,0.00,0.00,0.00,0.00,0.00,0.00,0.70,0.00,0.00,0.00,0.00,0.00,0.00,0.00,0.00,0.00,0.00,0.00,0.00,0.00,0.00,0.00,0.00,0.00,0.00,0.00,0.00,0.00,1.30,0.00,0.00,3.70,0.00,0.30,0.00,0.00,1.70,1.30,0.00,0.00,19.00,89.47,4.51,6.02,12.90,0.56,3.590,,,,,
278,K18-Kotter-14,3140.00,Jurassic,58.70,15.30,0.00,0.00,0.00,0.00,2.00,0.00,0.00,0.00,0.00,0.00,0.00,0.00,0.00,0.00,0.00,0.00,0.00,0.00,0.00,0.00,0.00,0.00,0.00,0.00,0.00,0.00,0.00,0.00,0.00,0.00,0.00,0.00,0.00,0.00,0.00,0.00,0.00,0.00,0.00,0.00,0.00,0.00,0.00,0.00,3.00,0.00,0.00,0.00,0.00,0.00,0.00,0.00,0.00,0.00,0.00,1.00,0.00,12.00,0.00,0.00,0.00,0.00,1.70,0.00,0.00,0.00,6.00,0.00,0.00,0.00,0.00,0.00,0.00,0.00,0.00,0.00,0.00,0.00,0.00,0.00,0.00,0.00,0.00,0.00,0.00,0.00,0.00,0.00,0.00,0.00,0.00,0.00,0.00,0.00,0.00,0.00,0.00,0.00,0.00,0.00,0.00,0.30,0.00,0.00,0.00,0.00,0.00,0.00,21.00,97.37,2.63,0.00,11.60,0.29,1.950,,,,,
279,K18-Kotter-14,3140.74,Jurassic,50.00,18.70,0.00,0.00,0.00,0.00,2.00,0.30,0.00,0.00,0.00,1.70,0.00,0.00,0.00,0.00,0.00,0.00,0.00,0.00,0.00,0.00,0.00,1.00,0.00,0.00,0.00,1.00,0.00,0.00,0.00,0.00,0.00,0.00,0.00,0.00,0.00,0.00,0.00,0.00,0.00,0.00,0.00,0.00,0.00,0.00,10.00,0.00,0.00,0.00,0.00,0.00,0.00,0.00,1.00,0.00,0.00,2.30,0.00,6.70,0.00,0.00,0.00,0.00,0.30,0.00,0.00,0.00,3.30,0.00,0.00,0.00,0.00,0.00,0.00,0.00,0.00,0.00,0.00,0.00,0.00,0.00,0.00,0.00,0.00,0.00,0.00,0.00,0.00,0.00,0.00,0.00,0.00,0.00,0.00,0.00,0.00,0.00,0.30,0.00,0.00,0.70,0.00,0.00,0.00,0.00,0.30,0.30,0.00,0.00,12.90,94.50,2.75,2.75,12.50,-0.64,0.230,,,,,
280,K18-Kotter-14,3141.32,Jurassic,52.70,18.00,0.00,0.00,0.00,0.00,2.00,1.00,0.00,0.00,0.00,1.00,0.00,0.00,0.00,0.00,0.00,0.00,0.00,0.00,0.00,0.00,0.00,0.30,0.00,0.00,0.00,0.30,0.00,0.00,0.00,0.00,0.70,0.00,0.00,0.00,0.00,0.00,0.00,0.00,0.00,0.00,0.00,0.00,0.00,0.00,0.30,0.00,0.00,0.00,0.00,0.00,0.00,0.00,0.00,0.00,0.00,0.70,0.00,2.70,0.00,0.00,0.00,0.00,8.00,0.00,0.00,0.00,4.30,0.00,0.00,0.00,0.00,0.00,0.00,0.00,0.30,0.00,2.00,0.00,0.00,0.00,0.00,0.00,0.00,0.00,0.00,0.00,0.00,0.00,0.00,0.00,0.00,0.00,0.00,0.00,0.00,0.00,2.70,0.00,0.00,0.70,0.00,0.30,0.00,0.00,1.30,0.70,0.00,0.00,19.60,94.65,2.68,2.68,10.90,0.59,3.900,,,,,
281,K18-Kotter-14,3210.21,Jurassic,45.70,20.30,0.00,0.00,0.00,0.00,2.70,0.30,0.00,0.00,0.00,0.00,0.00,0.00,0.00,0.00,0.00,0.00,0.00,0.00,0.00,0.00,0.00,0.70,0.00,0.00,0.00,0.00,0.00,0.00,0.00,0.00,1.30,0.00,0.00,0.00,0.00,0.00,0.00,0.00,0.00,0.00,0.00,0.00,0.00,0.00,19.00,0.00,0.00,0.00,0.00,0.00,0.00,0.00,0.70,0.00,0.00,0.00,0.00,0.00,0.00,0.00,1.00,0.00,0.00,0.00,0.00,0.00,3.30,0.00,0.00,0.00,0.00,0.00,0.00,0.00,2.30,0.00,0.00,0.00,0.00,0.00,0.00,0.00,0.00,0.00,0.00,0.00,0.00,0.00,0.00,0.00,0.00,0.00,0.00,0.00,0.00,0.00,0.70,0.00,0.00,1.70,0.00,0.00,0.00,0.00,0.00,0.30,0.00,0.00,6.60,95.65,3.91,0.43,8.30,-1.22,0.060,,,,,
282,K18-Kotter-14,3211.02,Jurassic,46.00,25.30,0.00,0.00,0.00,0.00,2.70,0.30,0.00,0.00,0.00,0.70,0.00,0.00,0.00,0.00,0.00,0.00,0.00,0.00,0.00,0.00,0.00,0.00,0.00,0.00,0.00,0.10,0.00,0.00,0.00,0.00,0.00,0.00,0.00,0.00,0.00,0.00,0.00,0.00,0.00,0.00,0.00,0.00,0.00,0.00,1.70,0.00,0.00,0.00,0.00,0.00,0.00,0.00,0.00,0.00,0.00,0.00,0.00,0.00,0.00,0.00,0.00,0.00,0.00,0.00,0.00,0.00,15.00,0.00,0.00,0.00,0.00,0.00,0.00,0.00,0.00,3.00,0.00,0.00,0.00,0.00,0.00,0.00,0.00,0.00,0.00,0.00,0.00,0.00,0.00,0.00,0.00,0.00,0.00,0.00,0.00,0.00,0.70,0.00,0.00,0.70,0.00,2.00,0.00,0.00,1.00,1.00,0.00,0.00,21.00,95.07,3.60,1.33,9.50,0.09,1.220,,,,,
283,K18-Kotter-14,3211.50,Jurassic,43.70,36.70,0.00,0.00,0.00,0.00,2.00,1.30,0.00,0.00,0.00,0.00,0.00,0.00,0.00,0.00,0.00,0.00,0.00,0.00,0.00,0.00,0.00,0.00,0.00,0.00,0.00,0.00,0.00,0.00,0.00,0.00,0.00,0.00,0.00,0.00,0.00,0.00,0.00,0.00,0.00,0.00,0.00,0.00,0.00,0.00,0.30,0.00,0.00,0.00,0.00,0.00,0.00,0.00,0.00,0.00,0.00,0.00,0.00,0.10,0.00,0.00,0.00,0.00,0.00,0.00,0.00,0.00,9.30,0.00,0.00,0.00,0.00,0.00,0.00,0.00,0.30,0.70,0.00,0.00,0.00,0.00,0.00,0.00,0.00,0.00,0.00,0.00,0.00,0.00,0.00,0.00,0.00,0.00,0.00,0.00,0.00,0.00,0.30,0.00,0.00,1.30,0.00,3.70,0.00,0.00,0.30,0.00,0.00,0.00,14.40,96.06,2.39,1.55,9.30,0.96,9.200,,,,,
284,K18-Kotter-14,3217.75,Jurassic,24.30,1.70,0.00,0.00,0.00,0.70,0.00,0.00,0.00,0.00,0.00,0.00,0.00,0.00,0.00,0.00,0.00,0.00,0.00,0.00,0.00,0.00,0.00,0.70,0.00,0.00,0.00,0.00,0.00,0.00,0.00,0.00,0.00,0.00,0.00,0.00,0.00,0.00,0.00,0.00,0.00,0.00,0.00,0.00,0.00,0.00,72.00,0.00,0.00,0.00,0.00,0.00,0.00,0.00,0.00,0.00,0.00,0.00,0.00,0.70,0.00,0.00,0.00,0.00,0.00,0.00,0.00,0.00,0.00,0.00,0.00,0.00,0.00,0.00,0.00,0.00,0.00,0.00,0.00,0.00,0.00,0.00,0.00,0.00,0.00,0.00,0.00,0.00,0.00,0.00,0.00,0.00,0.00,0.00,0.00,0.00,0.00,0.00,0.00,0.00,0.00,0.00,0.00,0.00,0.00,0.00,0.00,0.00,0.00,0.00,0.70,97.38,2.62,0.00,2.40,-2.00,0.010,,,,,
285,K18-Kotter-14,3138.23,Jurassic,45.00,15.70,0.00,0.00,0.00,0.00,4.70,2.30,0.00,0.00,0.00,0.30,0.00,0.00,0.00,0.00,0.00,0.00,0.00,0.00,0.00,0.00,0.00,0.00,0.00,0.00,0.00,0.00,0.00,0.00,0.00,0.00,3.70,0.00,0.00,0.00,0.00,0.00,0.00,0.00,0.00,0.00,0.00,0.00,0.00,0.00,4.70,0.00,0.00,0.00,0.00,0.00,0.00,0.00,0.00,0.00,0.00,0.30,0.00,0.00,0.00,0.00,0.00,0.00,3.30,0.00,0.00,0.00,11.30,0.00,0.00,0.00,0.00,0.00,0.00,0.00,1.30,0.30,0.00,0.00,0.00,0.00,0.00,0.00,0.00,0.00,0.00,0.00,0.00,0.00,0.00,0.00,0.00,0.00,0.00,0.00,0.00,0.00,2.30,0.00,0.00,0.30,0.00,1.30,0.00,0.00,2.00,1.00,0.00,0.00,19.80,89.26,6.91,3.82,11.30,0.29,1.950,,,,,
286,K18-Kotter-14,3138.75,Jurassic,50.00,13.70,0.00,0.00,0.00,0.00,3.70,5.30,0.00,0.00,0.00,1.00,0.00,0.00,0.00,0.00,0.00,0.00,0.00,0.00,0.00,0.00,0.00,0.00,0.00,0.00,0.00,0.00,0.00,0.00,0.00,0.00,0.30,0.00,0.00,0.00,0.00,0.00,0.00,0.00,0.00,0.00,0.00,0.00,0.00,0.00,5.70,0.00,0.00,0.00,0.00,0.00,0.00,0.00,0.00,0.00,0.00,0.30,0.00,0.00,0.00,0.00,0.00,0.00,0.10,0.00,0.00,0.00,13.70,0.00,0.00,0.00,0.00,0.00,0.00,0.00,0.00,0.30,1.30,0.00,0.00,0.00,0.00,0.00,0.00,0.00,0.00,0.00,0.00,0.00,0.00,0.00,0.00,0.00,0.00,0.00,0.00,0.00,2.70,0.00,0.00,0.10,0.00,0.70,0.00,0.00,0.30,1.00,0.00,0.00,16.70,86.43,5.02,8.55,13.90,0.08,1.200,,,,,
287,K18-Kotter-14,3139.27,Jurassic,51.00,20.00,0.00,0.00,0.00,0.00,3.30,1.70,0.00,0.00,0.00,0.00,0.00,0.00,0.00,0.00,0.00,0.00,0.00,0.00,0.00,0.00,0.00,0.00,0.00,0.00,0.00,1.00,0.00,0.00,0.00,0.00,0.00,0.00,0.00,0.00,0.00,0.00,0.00,0.00,0.00,0.00,0.00,0.00,0.00,0.00,2.30,0.00,0.00,0.00,0.00,0.00,0.00,0.00,0.00,0.00,0.00,0.10,0.00,0.10,0.00,0.00,0.00,0.00,0.10,0.00,0.30,0.00,11.30,0.00,0.00,0.00,0.00,0.00,0.00,0.00,0.00,0.00,1.70,0.00,0.00,0.00,0.00,0.00,0.00,0.00,0.00,0.00,0.00,0.00,0.00,0.00,0.00,0.00,0.00,0.00,0.00,0.00,3.00,0.00,0.00,0.30,0.00,2.00,0.00,0.00,1.00,1.00,0.00,0.00,16.60,93.42,4.34,2.24,15.60,0.93,8.510,,,,,
288,K18-Kotter-14,3210.02,Jurassic,41.30,29.00,0.00,0.00,0.00,0.00,2.00,4.70,0.00,0.00,0.00,0.30,0.00,0.00,0.00,0.00,0.00,0.00,0.00,0.00,0.00,0.00,0.00,0.30,0.00,0.00,0.00,0.00,0.00,0.00,0.00,0.00,2.70,0.00,0.00,0.00,0.00,0.00,0.00,0.00,0.00,0.00,0.00,0.00,0.00,0.00,4.00,0.00,0.00,0.00,0.00,0.00,0.00,0.00,0.00,0.00,0.00,0.00,0.00,0.00,0.00,0.00,0.00,0.00,0.00,0.00,0.00,0.00,4.00,0.00,0.00,0.00,0.00,0.00,0.00,0.00,3.30,4.00,0.70,0.00,0.00,0.00,0.00,0.00,0.00,0.00,0.00,0.00,0.00,0.00,0.00,0.00,0.00,0.00,0.00,0.00,0.00,0.00,1.30,0.00,0.00,2.00,0.00,0.00,0.00,0.00,0.00,0.30,0.00,0.00,12.00,90.94,2.59,6.47,8.60,-0.14,0.720,,,,,
289,K18-Kotter-14,3211.22,Jurassic,41.00,35.30,0.00,0.00,0.00,0.00,2.00,0.00,0.00,0.00,0.00,0.00,0.00,0.00,0.00,0.00,0.00,0.00,0.00,0.00,0.00,0.00,0.00,0.00,0.00,0.00,0.00,0.00,0.00,0.00,0.00,0.00,0.00,0.00,0.00,0.00,0.00,0.00,0.00,0.00,0.00,0.00,0.00,0.00,0.00,0.00,0.00,0.00,0.00,0.00,0.00,0.00,0.00,0.00,0.00,0.00,0.00,0.00,0.00,0.00,0.00,0.00,0.30,0.00,0.70,0.00,0.30,0.00,10.70,0.00,0.00,0.00,0.00,0.00,0.00,0.00,3.00,2.00,0.00,0.00,0.00,0.00,0.00,0.00,0.00,0.00,0.00,0.00,0.00,0.00,0.00,0.00,0.00,0.00,0.00,0.00,0.00,0.00,1.00,0.00,0.00,0.70,0.00,3.00,0.00,0.00,0.00,0.00,0.00,0.00,20.00,97.45,2.55,0.00,10.50,0.54,3.470,,,,,
290,K18-Kotter-14,3211.75,Jurassic,46.00,27.00,0.00,0.00,0.00,0.00,3.70,1.00,0.00,0.00,0.00,0.00,0.00,0.00,0.00,0.00,0.00,0.00,0.00,0.00,0.00,0.00,0.00,0.00,0.00,0.00,0.00,0.00,0.00,0.00,0.00,0.00,0.00,0.00,0.00,0.00,0.00,0.00,0.00,0.00,0.00,0.00,0.00,0.00,0.00,0.00,1.30,0.00,0.00,0.00,0.00,0.00,0.00,0.00,0.00,0.00,0.00,0.00,0.00,0.10,0.00,0.00,0.00,0.00,0.00,0.00,0.00,0.00,14.70,0.00,0.00,0.00,0.00,0.00,0.00,0.00,0.00,2.30,0.00,0.00,0.00,0.00,0.00,0.00,0.00,0.00,0.00,0.00,0.00,0.00,0.00,0.00,0.00,0.00,0.00,0.00,0.00,0.00,0.30,0.00,0.00,1.00,0.00,2.00,0.00,0.00,0.30,0.30,0.00,0.00,19.40,93.95,4.76,1.29,9.30,1.09,12.400,,,,,
291,K18-Kotter-14,3212.00,Jurassic,46.30,28.00,0.00,0.00,0.00,0.00,3.00,0.70,0.00,0.00,0.00,0.00,0.00,0.00,0.00,0.00,0.00,0.00,0.00,0.00,0.00,0.00,0.00,0.00,0.00,0.00,0.00,0.00,0.00,0.00,0.00,0.00,0.00,0.00,0.00,0.00,0.00,0.00,0.00,0.00,0.00,0.00,0.00,0.00,0.00,0.00,3.00,0.00,0.00,0.00,0.00,0.00,0.00,0.00,0.00,0.00,0.00,0.00,0.00,0.30,0.00,0.00,0.00,0.00,2.00,0.00,0.00,0.00,8.70,0.00,0.00,0.00,0.00,0.00,0.00,0.00,1.30,3.30,0.00,0.00,0.00,0.00,0.00,0.00,0.00,0.00,0.00,0.00,0.00,0.00,0.00,0.00,0.00,0.00,0.00,0.00,0.00,0.00,0.70,0.00,0.00,0.30,0.00,1.70,0.00,0.00,0.30,0.30,0.00,0.00,17.60,95.26,3.85,0.90,10.00,0.80,6.270,,,,,
292,K18-Kotter-14,3213.00,Jurassic,50.70,17.70,0.00,0.00,0.00,0.00,2.00,1.30,0.00,0.00,0.00,1.00,0.00,0.00,0.00,0.00,0.00,0.00,0.00,0.00,0.00,0.00,0.00,1.30,0.00,0.00,0.00,0.00,0.00,0.00,0.00,0.00,2.70,0.00,0.00,0.00,0.00,0.00,0.00,0.00,0.00,0.00,0.00,0.00,0.00,0.00,15.30,0.00,0.00,0.00,0.00,0.00,0.00,0.00,1.70,0.00,0.00,0.00,0.00,0.00,0.00,0.00,0.70,0.00,0.00,0.00,0.30,0.00,2.00,0.00,0.00,0.00,0.00,0.00,0.00,0.00,0.00,0.30,0.30,0.00,0.00,0.00,0.00,0.00,0.00,0.00,0.00,0.00,0.00,0.00,0.00,0.00,0.00,0.00,0.00,0.00,0.00,0.00,1.00,0.00,0.00,0.70,0.00,0.00,0.00,0.00,0.00,1.00,0.00,0.00,3.60,94.09,2.75,3.16,10.90,-1.10,0.080,,,,,
293,K18-Kotter-14,3218.25,Jurassic,35.70,8.00,0.00,0.00,0.00,0.00,0.00,0.00,0.00,0.00,0.00,0.30,0.00,0.00,0.00,0.00,0.00,0.00,0.00,0.00,0.00,0.00,0.00,2.30,0.00,0.00,0.00,0.30,0.00,0.00,0.00,0.00,1.00,0.00,0.00,0.00,0.00,0.00,0.00,0.00,0.00,0.00,0.00,0.00,0.00,0.00,48.70,0.00,0.00,0.00,0.00,0.00,0.00,0.00,0.00,0.00,0.00,0.70,0.00,2.00,0.00,0.00,0.00,0.00,0.00,0.00,0.00,0.00,0.30,0.00,0.00,0.00,0.00,0.00,0.00,0.00,0.70,0.00,0.00,0.00,0.00,0.00,0.00,0.00,0.00,0.00,0.00,0.00,0.00,0.00,0.00,0.00,0.00,0.00,0.00,0.00,0.00,0.00,0.00,0.00,0.00,0.00,0.00,0.00,0.00,0.00,0.00,0.00,0.00,0.00,3.70,99.32,0.00,0.68,4.70,-1.40,0.040,,,,,
294,L06-07,4702.85,Rotliegend,69.00,0.00,0.00,0.00,0.00,0.00,0.00,0.00,1.00,0.00,0.00,0.00,0.00,0.00,0.00,0.00,0.00,0.00,2.50,0.00,0.00,0.00,0.00,0.00,0.00,0.00,0.00,0.00,0.00,0.00,0.00,0.00,0.00,0.00,0.00,0.00,0.00,0.00,0.00,0.00,0.00,0.00,0.00,0.00,0.00,0.00,0.00,0.00,0.00,0.00,0.00,0.00,0.00,0.00,0.00,0.00,0.00,2.50,0.00,0.00,0.00,0.00,0.00,0.00,0.00,0.00,0.00,0.00,0.50,0.00,0.00,0.00,0.00,0.00,0.00,0.00,0.00,0.00,0.00,0.00,8.00,0.50,0.00,0.00,0.00,0.00,0.00,0.00,0.00,0.00,0.00,0.00,0.00,0.00,0.00,0.00,0.00,0.00,0.00,0.00,0.00,4.50,0.00,9.00,0.00,0.00,0.00,0.00,2.00,0.00,20.00,95.17,3.45,1.38,17.47,0.71,5.186,,,,,
295,L06-07,4703.67,Rotliegend,64.00,0.00,0.00,0.00,0.00,2.00,0.00,0.00,3.00,0.00,0.00,0.00,0.00,0.00,0.00,0.00,0.00,0.00,1.00,0.00,0.50,0.00,0.00,0.00,0.00,0.00,0.00,0.00,0.00,0.00,0.00,0.00,0.00,0.00,0.00,0.00,0.00,0.00,0.00,0.00,0.00,0.00,0.00,0.00,0.00,0.00,1.50,0.00,0.00,0.00,0.00,0.00,0.00,0.00,0.00,0.00,0.00,3.50,0.00,0.00,0.00,2.50,0.00,0.00,0.00,0.00,0.00,0.00,0.50,0.00,0.00,0.00,0.00,0.00,0.00,0.00,0.00,0.00,0.00,0.00,7.50,1.00,0.00,0.00,0.00,0.00,0.00,0.00,0.00,0.00,0.00,1.00,0.00,0.50,0.00,0.00,0.00,0.00,0.00,0.50,0.00,2.50,0.00,6.00,0.00,0.00,0.00,0.00,1.50,0.00,20.00,90.78,4.26,4.96,16.56,0.59,3.881,,,,,
296,L06-07,4706.20,Rotliegend,71.00,0.00,0.00,0.00,0.00,0.00,0.00,0.00,2.00,0.00,0.00,0.00,0.00,0.00,0.00,0.00,0.00,0.00,2.00,0.00,0.00,0.00,0.00,0.00,0.00,0.00,0.00,0.00,0.00,0.00,0.00,0.00,0.00,0.00,0.00,0.00,0.00,0.00,0.00,0.00,0.00,0.00,0.00,0.00,0.00,0.00,0.50,0.00,0.00,0.00,0.00,0.00,0.00,0.00,0.00,0.00,0.00,6.00,0.00,0.00,0.00,1.00,0.00,0.00,0.00,0.00,0.00,0.00,1.50,0.00,0.00,0.00,0.00,0.00,0.00,0.00,0.00,0.00,0.00,0.00,4.50,0.50,0.00,0.00,1.00,0.00,0.00,0.00,0.00,0.00,0.00,2.00,0.00,0.00,0.00,0.00,0.00,0.00,0.00,0.00,0.00,2.00,0.00,3.50,0.00,0.00,0.00,0.00,1.00,0.00,17.50,94.67,2.67,2.67,14.42,0.23,1.684,,,,,
297,L06-07,4707.14,Rotliegend,62.00,0.00,0.00,0.00,0.00,0.00,0.00,0.00,2.00,0.00,0.00,0.00,0.00,0.00,0.00,0.00,0.00,0.00,4.50,0.00,0.50,0.00,0.00,0.00,0.00,0.00,0.00,0.00,0.00,0.00,0.00,0.00,0.00,0.00,0.00,0.00,0.00,0.00,0.00,0.00,0.00,0.00,0.00,0.00,0.00,0.00,3.50,0.00,0.00,0.00,0.00,0.00,0.00,0.00,0.50,0.00,0.00,5.00,0.00,0.00,0.00,0.50,0.00,0.00,0.00,0.00,0.50,0.00,2.50,0.00,0.00,0.00,0.00,0.00,0.00,0.00,0.00,0.00,0.00,0.00,5.50,0.50,0.00,0.00,0.50,0.00,0.00,0.00,0.00,0.00,0.00,1.50,0.00,1.00,0.00,0.00,0.00,0.00,0.00,1.00,0.00,1.50,0.00,4.50,0.00,0.00,0.00,0.00,1.50,0.00,19.00,89.86,6.52,3.62,12.71,-0.07,0.846,,,,,
298,L06-07,4695.51,Rotliegend,60.00,0.00,0.00,0.00,0.00,0.00,0.00,0.00,1.00,0.00,0.00,0.00,0.00,0.00,0.00,0.00,0.00,0.00,4.50,0.00,0.50,0.00,0.00,0.00,0.00,0.00,0.00,0.00,0.00,0.00,0.00,0.00,0.00,0.00,0.00,0.00,0.00,0.00,0.00,0.00,0.00,0.00,0.00,0.00,0.00,0.00,5.00,0.00,0.00,0.00,0.00,0.00,0.00,0.00,0.00,0.00,0.00,6.50,0.00,0.00,0.00,0.50,0.00,0.00,0.00,0.00,0.00,0.00,2.00,0.00,0.00,0.00,0.00,0.00,0.00,0.00,0.00,0.00,0.00,0.00,3.50,0.50,0.00,0.00,0.50,0.00,0.00,0.00,0.00,0.00,0.00,3.50,0.00,0.00,0.00,0.00,0.00,0.00,0.00,0.00,0.00,2.50,0.00,6.50,0.00,0.00,0.00,0.00,2.00,0.00,19.50,90.91,6.82,2.27,13.10,-0.15,0.700,,,,,
299,L06-07,4710.70,Rotliegend,62.00,0.00,0.00,0.00,0.00,0.00,0.00,0.00,2.00,0.00,0.00,0.00,0.00,0.00,0.00,0.00,0.00,0.00,5.00,0.00,0.00,0.00,0.00,0.00,0.00,0.00,0.00,0.00,0.00,0.00,0.00,0.00,0.00,0.00,0.00,0.00,0.00,0.00,0.00,0.00,0.00,0.00,0.00,0.00,0.00,0.00,2.00,0.00,0.00,0.00,0.00,0.00,0.00,0.00,0.50,0.00,0.00,9.50,0.00,0.00,0.00,1.50,0.00,0.00,0.00,0.00,0.00,0.00,2.00,0.00,0.00,0.00,0.00,0.00,0.00,0.00,0.00,0.00,0.00,0.00,4.00,0.50,0.00,0.00,0.50,0.00,0.00,0.00,0.00,0.00,0.00,3.50,0.00,0.00,0.00,0.00,0.00,0.00,0.00,0.00,0.00,2.00,0.00,2.50,0.00,0.00,0.00,0.00,0.50,0.00,20.00,89.86,7.25,2.90,12.03,-0.15,0.711,,,,,
300,L06-07,4696.10,Rotliegend,56.50,0.00,0.00,0.00,0.00,5.00,0.00,0.00,3.50,0.00,0.00,0.00,0.00,0.00,0.00,0.00,0.00,0.00,2.50,0.00,0.00,0.00,0.00,0.00,0.00,0.00,0.00,0.00,0.00,0.00,0.00,0.00,0.00,0.00,0.00,0.00,0.00,0.00,0.00,0.00,0.00,0.00,0.00,0.00,0.00,0.00,2.50,0.00,0.00,0.00,0.00,0.00,0.00,0.00,0.00,0.00,0.00,10.00,0.00,0.00,0.00,1.00,0.00,0.00,0.00,0.00,0.00,0.00,1.50,0.00,0.00,0.00,0.00,0.00,0.00,0.00,0.00,0.00,0.00,0.00,3.50,0.00,0.00,0.00,2.50,0.00,0.00,0.00,0.00,0.00,0.00,2.50,0.00,0.50,0.00,0.00,0.00,0.00,0.00,0.50,0.00,2.50,0.00,4.50,0.00,0.00,0.00,0.00,1.50,0.00,23.00,83.70,11.11,5.19,11.62,-0.48,0.333,,,,,
301,L06-07,4697.16,Rotliegend,61.00,0.00,0.00,0.00,0.00,0.00,0.00,0.00,4.50,0.00,0.00,0.00,0.00,0.00,0.00,0.00,0.00,0.00,5.00,0.00,0.50,0.00,0.00,0.00,0.00,0.00,0.00,0.00,0.00,0.00,0.00,0.00,0.00,0.00,0.00,0.00,0.00,0.00,0.00,0.00,0.00,0.00,0.00,0.00,0.00,0.00,3.00,0.00,0.00,0.00,0.00,0.00,0.00,0.00,0.00,0.00,0.00,5.00,0.00,0.00,0.00,0.00,0.00,0.00,0.00,0.00,0.00,0.00,3.00,0.00,0.00,0.00,0.00,0.00,0.00,0.00,0.00,0.00,0.00,0.00,3.50,0.50,0.00,0.00,0.00,0.00,0.00,0.00,0.00,0.00,0.00,2.00,0.00,0.00,0.00,0.00,0.00,0.00,0.00,0.00,0.00,3.50,0.00,8.50,0.00,0.00,0.00,0.00,0.00,0.00,20.00,85.92,7.04,7.04,12.27,-0.58,0.261,,,,,
302,L06-07,4697.38,Rotliegend,58.50,0.00,0.00,0.00,0.00,1.00,0.00,0.00,7.50,0.00,0.00,0.00,0.00,0.00,0.00,0.00,0.00,0.00,2.50,0.00,0.50,0.00,0.00,0.00,0.00,0.00,0.00,0.00,0.00,0.00,0.00,0.00,0.00,0.00,0.00,0.00,0.00,0.00,0.00,0.00,0.00,0.00,0.00,0.00,0.00,0.00,11.00,0.00,0.00,0.00,0.00,0.00,0.00,0.00,0.00,0.00,0.00,3.00,0.00,0.00,0.00,1.00,0.00,0.00,0.00,0.00,0.00,0.00,2.00,0.00,0.00,0.00,0.00,0.00,0.00,0.00,0.00,0.00,0.00,0.00,4.50,0.50,0.00,0.00,1.50,0.00,0.00,0.00,0.00,0.00,0.00,0.50,0.00,0.00,0.00,0.00,0.00,0.00,0.00,0.00,0.00,2.50,0.00,2.50,0.00,0.00,0.00,0.00,1.00,0.00,14.50,83.57,5.00,11.43,11.71,-0.94,0.114,,,,,
303,L06-07,4698.11,Rotliegend,63.00,0.00,0.00,0.00,0.00,0.00,0.00,0.00,1.50,0.00,0.00,0.00,0.00,0.00,0.00,0.00,0.00,0.00,1.50,0.00,0.00,0.00,0.00,0.00,0.00,0.00,0.00,0.00,0.00,0.00,0.00,0.00,0.00,0.00,0.00,0.00,0.00,0.00,0.00,0.00,0.00,0.00,0.00,0.00,0.00,0.00,5.50,0.00,0.00,0.00,0.00,0.00,0.00,0.00,0.00,0.00,0.00,5.00,0.00,0.00,0.00,1.00,0.00,0.00,0.00,0.00,0.00,0.00,4.00,0.00,0.00,0.00,0.00,0.00,0.00,0.00,0.00,0.00,0.00,0.00,1.00,0.50,0.00,0.00,1.50,0.00,0.00,0.00,0.00,0.00,0.00,1.00,0.00,0.50,0.00,0.00,0.00,0.00,0.00,0.50,0.00,3.50,0.00,6.00,1.00,0.00,0.00,0.00,2.50,0.00,19.50,95.45,2.27,2.27,16.82,2.11,130.005,,,,,
304,L06-07,4698.62,Rotliegend,67.00,0.00,0.00,0.00,0.00,0.00,0.00,0.00,2.50,0.00,0.00,0.00,0.00,0.00,0.00,0.00,0.00,0.00,1.50,0.00,0.00,0.00,0.00,0.00,0.00,0.00,0.00,0.00,0.00,0.00,0.00,0.00,0.00,0.00,0.00,0.00,0.00,0.00,0.00,0.00,0.00,0.00,0.00,0.00,0.00,0.00,0.00,0.00,0.00,0.00,0.00,0.00,0.00,0.00,0.00,0.00,0.00,7.50,0.00,0.00,0.00,0.50,0.00,0.00,0.00,0.00,0.50,0.00,3.50,0.00,0.00,0.00,0.00,0.00,0.00,0.00,0.00,0.00,0.00,0.00,1.50,1.00,0.00,0.00,1.00,0.00,0.00,0.00,0.00,0.00,0.00,2.50,0.00,0.00,0.00,0.00,0.00,0.00,0.00,0.00,0.00,4.00,0.00,4.00,0.50,0.00,0.00,0.00,1.50,0.00,19.00,94.37,2.11,3.52,10.47,0.13,1.334,,,,,
305,L06-07,4698.85,Rotliegend,57.50,0.00,0.00,0.00,0.00,0.00,0.00,0.00,1.50,0.00,0.00,0.00,0.00,0.00,0.00,0.00,0.00,0.00,2.50,0.00,0.00,0.00,0.00,0.00,0.00,0.00,0.00,0.00,0.00,0.00,0.00,0.00,0.00,0.00,0.00,0.00,0.00,0.00,0.00,0.00,0.00,0.00,0.00,0.00,0.00,0.00,2.50,0.00,0.00,0.00,0.00,0.00,0.00,0.00,0.00,0.00,0.00,9.50,0.00,0.00,0.00,1.50,0.00,0.00,0.00,0.00,0.00,0.00,2.50,0.00,0.00,0.00,0.00,0.00,0.00,0.00,0.00,0.00,0.00,0.00,7.50,0.00,0.00,0.00,1.00,0.00,0.00,0.00,0.00,0.00,0.00,1.50,0.00,0.00,0.00,0.00,0.00,0.00,0.00,0.00,0.00,4.00,0.00,5.50,0.00,0.00,0.00,0.00,1.00,0.00,27.50,93.50,4.07,2.44,10.67,-0.60,0.249,,,,,
306,L06-07,4700.92,Rotliegend,57.00,0.00,0.00,0.00,0.00,0.00,0.00,0.00,4.50,0.00,0.00,0.00,0.00,0.00,0.00,0.00,0.00,0.00,1.50,0.00,0.50,0.00,0.00,0.00,0.00,0.00,0.00,0.00,0.00,0.00,0.00,0.00,0.00,0.00,0.00,0.00,0.00,0.00,0.00,0.00,0.00,0.00,0.00,0.00,0.00,0.00,9.50,0.00,0.00,0.00,0.00,0.00,0.00,0.00,1.00,0.00,0.00,6.50,0.00,0.00,0.00,2.00,0.00,0.00,0.00,0.00,0.00,0.00,0.50,0.00,0.00,0.00,0.00,0.00,0.00,0.00,0.00,0.00,0.00,0.00,7.50,1.00,0.00,0.00,1.00,0.00,0.00,0.00,0.00,0.00,0.00,0.00,0.00,0.00,0.00,0.00,0.00,0.00,0.00,0.00,0.00,1.00,0.00,5.00,0.00,0.00,0.00,0.00,0.00,0.00,22.50,89.76,2.36,7.87,11.86,-0.49,0.326,,,,,
307,L06-08,4925.72,Rotliegend,69.50,0.00,0.00,0.00,0.00,0.00,0.00,0.00,0.50,0.00,0.00,0.00,0.00,0.00,0.00,0.00,0.00,0.00,3.00,0.00,0.00,0.00,0.00,0.00,0.00,0.00,0.00,0.00,0.00,0.00,0.00,0.00,0.00,0.00,0.00,0.00,0.00,0.00,0.00,0.00,0.00,0.00,0.00,0.00,0.00,0.00,2.00,0.00,0.00,0.00,0.00,0.00,0.00,0.00,0.50,0.00,0.00,6.50,0.00,0.00,0.00,1.00,0.00,0.00,0.00,0.00,0.00,0.00,0.50,0.00,0.00,0.00,0.00,0.00,0.00,0.00,0.00,0.00,0.00,0.00,3.50,0.00,0.00,0.00,1.50,0.00,0.00,0.00,0.00,0.00,0.00,0.00,0.00,1.00,0.00,0.00,0.00,0.00,0.00,1.00,0.00,4.50,0.00,3.50,0.00,0.00,0.00,0.00,1.00,0.00,16.50,95.21,4.11,0.68,10.97,-0.21,0.620,,,,,
308,L06-08,4932.28,Rotliegend,73.00,0.00,0.00,0.00,0.00,0.00,0.00,0.00,2.00,0.00,0.00,0.00,0.00,0.00,0.00,0.00,0.00,0.00,3.50,0.00,0.50,0.00,0.00,0.00,0.00,0.00,0.00,0.00,0.00,0.00,0.00,0.00,0.00,0.00,0.00,0.00,0.00,0.00,0.00,0.00,0.00,0.00,0.00,0.00,0.00,0.00,1.50,0.00,0.00,0.00,0.00,0.00,0.00,0.00,0.00,0.00,0.00,3.00,0.00,0.00,0.00,2.50,0.00,0.00,0.00,0.00,0.50,0.00,1.50,0.00,0.00,0.00,0.00,0.00,0.00,0.00,0.00,0.00,0.00,0.00,2.00,0.50,0.00,0.00,1.00,0.00,0.00,0.00,0.00,0.00,0.00,1.50,0.00,0.00,0.50,0.00,0.00,0.00,0.00,0.00,0.00,1.00,0.00,3.00,0.00,0.00,0.00,0.00,1.50,0.00,13.50,92.41,4.43,3.16,9.17,-0.54,0.289,,,,,
309,L06-08,4936.75,Rotliegend,66.00,0.00,0.00,0.00,0.00,0.00,0.00,0.00,1.50,0.00,0.00,0.00,0.00,0.00,0.00,0.00,0.00,0.00,3.50,0.00,0.50,0.00,0.00,0.00,0.00,0.00,0.00,0.00,0.00,0.00,0.00,0.00,0.00,0.00,0.00,0.00,0.00,0.00,0.00,0.00,0.00,0.00,0.00,0.00,0.00,0.00,3.50,0.00,0.00,0.00,0.00,0.00,0.00,0.00,0.00,0.00,0.00,4.00,0.00,0.00,0.00,1.50,0.00,0.00,0.00,0.00,0.00,0.00,3.00,0.00,0.00,0.00,0.00,0.00,0.00,0.00,0.00,0.00,0.00,0.00,2.00,0.50,0.00,0.00,0.50,0.00,0.00,0.00,0.00,0.00,0.00,0.00,0.00,2.00,0.00,0.00,0.00,0.00,0.00,2.00,0.00,5.00,0.00,5.00,0.00,0.00,0.00,0.00,1.00,0.00,16.00,92.31,4.90,2.80,8.95,-0.54,0.288,,,,,
310,L06-08,4940.10,Rotliegend,57.00,0.00,0.00,0.00,0.00,0.00,0.00,0.00,3.00,0.00,0.00,0.00,0.00,0.00,0.00,0.00,0.00,0.00,6.50,0.00,1.00,0.00,0.00,0.00,0.00,0.00,0.00,0.00,0.00,0.00,0.00,0.00,0.00,0.00,0.00,0.00,0.00,0.00,0.00,0.00,0.00,0.00,0.00,0.00,0.00,0.00,7.50,0.00,0.00,0.00,0.00,0.00,0.00,0.00,0.00,0.00,0.00,6.50,0.00,0.00,0.00,0.00,0.00,0.00,0.00,0.00,0.00,0.00,3.00,0.00,0.00,0.00,0.00,0.00,0.00,0.00,0.00,0.00,0.00,0.00,0.00,1.50,0.00,0.00,0.00,0.00,0.00,0.00,0.00,0.00,0.00,1.00,0.00,1.50,1.50,0.00,0.00,0.00,0.00,1.50,0.00,2.00,0.00,2.50,0.00,0.00,0.00,0.00,4.00,0.00,12.00,84.44,9.63,5.93,7.96,-0.95,0.112,,,,,
311,L06-08,4945.27,Rotliegend,72.00,0.00,0.00,0.00,0.00,0.00,0.00,0.00,3.50,0.00,0.00,0.00,0.00,0.00,0.00,0.00,0.00,0.00,1.50,0.00,0.00,0.00,0.00,0.00,0.00,0.00,0.00,0.00,0.00,0.00,0.00,0.00,0.00,0.00,0.00,0.00,0.00,0.00,0.00,0.00,0.00,0.00,0.00,0.00,0.00,0.00,3.00,0.00,0.00,0.00,0.00,0.00,0.00,0.00,0.50,0.00,0.00,3.50,0.00,0.00,0.00,0.50,0.00,0.00,0.00,0.00,0.00,0.00,1.00,0.00,0.00,0.00,0.00,0.00,0.00,0.00,0.00,0.00,0.00,0.00,4.00,1.00,0.00,0.00,2.00,0.00,0.00,0.00,0.00,0.00,0.00,0.00,0.00,1.00,0.00,0.00,0.00,0.00,0.00,1.00,0.00,2.00,0.00,1.70,0.00,0.00,0.00,0.00,2.00,0.00,12.70,93.51,1.95,4.55,9.25,0.03,1.061,,,,,
312,L06-08,4946.26,Rotliegend,64.50,0.00,0.00,0.00,0.00,0.00,0.00,0.00,3.00,0.00,0.00,0.00,0.00,0.00,0.00,0.00,0.00,0.00,3.00,0.00,0.00,0.00,0.00,0.00,0.00,0.00,0.00,0.00,0.00,0.00,0.00,0.00,0.00,0.00,0.00,0.00,0.00,0.00,0.00,0.00,0.00,0.00,0.00,0.00,0.00,0.00,0.00,0.00,0.00,0.00,0.00,0.00,0.00,0.00,0.00,0.00,0.00,5.50,0.00,0.00,0.00,2.00,0.00,0.00,0.00,0.00,2.00,0.00,3.00,0.00,0.00,0.00,0.00,0.00,0.00,0.00,0.00,0.00,0.00,0.00,0.50,0.50,0.00,0.00,2.50,0.00,0.00,0.00,0.00,0.00,0.00,0.50,0.00,1.00,0.00,0.00,0.00,0.00,0.00,1.00,0.00,2.50,0.00,8.50,0.50,0.00,0.00,0.00,0.50,0.00,24.50,91.49,4.26,4.26,9.99,0.72,5.288,,,,,
313,L06-08,4947.23,Rotliegend,58.50,0.00,0.00,0.00,0.00,0.00,0.00,0.00,4.50,0.00,0.00,0.00,0.00,0.00,0.00,0.00,0.00,0.00,5.00,0.00,0.50,0.00,0.00,0.00,0.00,0.00,0.00,0.00,0.00,0.00,0.00,0.00,0.00,0.00,0.00,0.00,0.00,0.00,0.00,0.00,0.00,0.00,0.00,0.00,0.00,0.00,0.00,0.00,0.00,0.00,0.00,0.00,0.00,0.00,1.00,0.00,0.00,4.00,0.00,0.00,0.00,1.50,0.00,0.00,0.00,0.00,0.50,0.00,5.50,0.00,0.00,0.00,0.00,0.00,0.00,0.00,0.00,0.00,0.00,0.00,0.50,1.50,0.00,0.00,1.00,0.00,0.00,0.00,0.00,0.00,0.00,0.50,0.00,0.00,0.00,0.00,0.00,0.00,0.00,0.00,0.00,2.50,0.00,10.00,1.00,0.00,0.00,0.00,1.00,0.00,24.00,85.40,7.30,7.30,13.08,1.74,55.500,,,,,
314,L06-08,4948.47,Rotliegend,63.50,0.00,0.00,0.00,0.00,0.00,0.00,0.00,2.00,0.00,0.00,0.00,0.00,0.00,0.00,0.00,0.00,0.00,5.00,0.00,1.00,0.00,0.00,0.00,0.00,0.00,0.00,0.00,0.00,0.00,0.00,0.00,0.00,0.00,0.00,0.00,0.00,0.00,0.00,0.00,0.00,0.00,0.00,0.00,0.00,0.00,0.00,0.00,0.00,0.00,0.00,0.00,0.00,0.00,1.00,0.00,0.00,2.50,0.00,0.00,0.00,1.50,0.00,0.00,0.00,0.00,0.00,0.00,3.00,0.00,0.00,0.00,0.00,0.00,0.00,0.00,0.00,0.50,0.00,0.00,0.00,1.50,0.00,0.00,4.00,0.00,0.00,0.00,0.00,0.00,0.00,1.50,0.00,0.00,0.00,0.00,0.00,0.00,0.00,0.00,0.00,6.00,0.00,5.50,0.50,0.00,0.00,0.00,1.00,0.00,17.50,88.81,6.99,4.20,12.21,0.89,7.800,,,,,
315,L06-08,4948.98,Rotliegend,59.00,0.00,0.00,0.00,0.00,0.00,0.00,0.00,2.00,0.00,0.00,0.00,0.00,0.00,0.00,0.00,0.00,0.00,7.50,0.00,0.00,0.00,0.00,0.00,0.00,0.00,0.00,0.00,0.00,0.00,0.00,0.00,0.00,0.00,0.00,0.00,0.00,0.00,0.00,0.00,0.00,0.00,0.00,0.00,0.00,0.00,0.50,0.00,0.00,0.00,0.00,0.00,0.00,0.00,0.00,0.00,0.00,4.00,0.00,0.00,0.00,1.00,0.00,0.00,0.00,0.00,0.00,0.00,6.50,0.00,0.00,0.00,0.00,0.00,0.00,0.00,0.00,0.00,0.00,0.00,0.00,1.00,0.00,0.00,4.00,0.00,0.00,0.00,0.00,0.00,0.00,1.00,0.00,0.50,0.00,0.00,0.00,0.00,0.00,0.50,0.00,4.00,0.00,7.50,0.00,0.00,0.00,0.00,1.50,0.00,23.00,86.13,10.95,2.92,12.36,1.57,37.500,,,,,
316,L10-M2,3613.98,Rotliegend,43.00,20.67,0.00,0.00,0.00,1.67,0.00,0.00,0.67,0.00,0.00,0.00,0.00,5.00,0.33,0.00,0.00,0.00,0.33,0.00,0.00,0.00,0.00,0.00,0.00,0.00,0.00,0.33,0.00,0.00,0.00,0.00,0.00,0.00,0.00,0.00,0.00,0.00,0.00,0.00,0.00,0.00,0.00,0.00,0.00,4.67,0.00,0.00,0.00,0.00,0.00,0.00,0.00,0.00,2.00,0.00,0.00,5.33,0.00,0.33,0.00,0.00,0.00,0.00,0.00,0.00,0.00,0.00,1.00,0.00,0.00,0.00,0.00,0.00,0.00,0.00,1.33,0.00,0.00,0.00,0.00,0.00,0.00,0.00,2.33,0.00,0.00,0.00,0.00,0.00,0.00,0.00,0.00,0.00,0.00,0.00,0.00,0.00,0.00,1.33,0.00,0.33,0.00,3.33,0.00,0.00,0.00,0.33,5.67,0.00,13.65,88.84,2.79,8.37,18.10,0.52,3.330,,,,,
317,L10-M2,3618.25,Rotliegend,47.33,21.00,0.00,0.00,0.00,0.67,0.00,0.00,0.00,0.00,0.67,0.00,0.00,5.00,1.00,0.00,0.00,0.00,0.33,0.00,0.00,0.00,0.00,0.33,0.00,0.00,0.00,1.00,0.00,0.00,0.00,0.00,0.00,0.00,0.00,0.00,0.00,0.00,0.00,0.00,0.00,0.33,0.00,0.00,0.00,0.00,0.00,0.00,0.00,0.00,0.00,0.00,0.00,0.00,0.33,0.00,0.00,4.67,0.00,1.00,0.00,0.67,0.00,0.00,0.00,0.00,0.00,0.00,0.33,0.00,0.00,0.00,0.67,0.00,0.00,0.00,0.00,0.00,0.00,0.00,0.00,1.70,0.00,0.00,4.33,0.00,0.00,0.00,0.00,0.00,0.00,0.00,0.00,0.00,0.00,0.00,0.00,0.00,0.00,0.00,0.00,1.00,0.00,4.00,0.00,0.00,0.00,1.00,2.67,0.00,15.67,89.52,1.31,9.17,16.80,1.69,49.000,,,,,
318,L10-M2,3619.25,Rotliegend,41.33,22.67,0.00,0.00,0.00,0.67,0.00,0.00,0.00,0.00,0.00,0.00,0.00,5.00,0.00,0.00,0.00,0.00,0.00,0.00,0.00,0.00,0.00,0.00,0.00,0.00,0.00,0.33,0.00,0.00,0.00,0.00,0.00,0.00,0.00,0.00,0.00,0.00,0.00,0.00,0.00,0.00,0.00,0.00,0.00,0.00,0.00,0.00,0.00,0.00,0.00,0.00,0.00,0.00,3.00,0.00,0.00,7.67,0.00,0.67,0.00,0.00,0.00,0.00,0.00,0.00,0.00,0.00,4.33,0.00,0.00,0.00,0.33,0.00,0.00,0.00,0.00,0.00,0.00,0.00,0.00,2.00,0.00,0.00,2.00,0.00,0.00,0.00,0.00,0.00,0.00,0.00,0.00,0.00,0.00,0.00,0.00,0.00,0.00,0.67,0.00,0.33,0.00,4.33,0.00,0.00,0.00,0.00,4.67,0.00,19.33,91.86,0.96,7.18,14.00,0.41,2.580,,,,,
319,L10-M2,3623.25,Rotliegend,40.67,23.67,0.00,0.00,0.00,1.67,0.00,0.00,0.00,0.00,0.00,0.00,0.00,6.00,0.33,0.00,0.00,0.00,0.67,0.00,0.00,0.00,0.00,0.33,0.00,0.00,0.00,0.00,0.00,0.00,0.00,0.00,0.00,0.00,0.00,0.00,0.00,0.00,0.00,0.00,0.00,0.00,0.00,0.00,0.00,0.00,0.00,0.00,0.00,0.00,0.00,0.00,0.00,0.00,0.67,0.00,0.00,2.00,0.00,0.00,0.00,0.67,0.00,0.00,0.00,0.00,0.00,0.00,4.00,0.00,0.00,0.00,0.00,0.00,0.33,0.00,0.66,0.00,0.00,0.00,0.00,0.00,0.00,0.00,4.67,0.00,0.00,0.00,0.00,0.00,0.00,0.00,0.00,0.00,0.00,0.00,0.00,0.00,0.00,1.67,0.00,0.67,0.00,5.33,0.00,0.00,0.00,0.67,5.33,0.00,17.66,88.12,3.21,8.67,17.40,1.31,20.210,,,,,
320,L10-M2,3626.00,Rotliegend,38.33,24.33,0.00,0.00,0.00,0.67,0.00,0.00,0.00,0.00,0.00,0.00,0.00,3.33,0.33,0.00,0.00,0.00,1.00,0.00,0.00,0.00,0.00,0.00,0.00,0.00,0.00,0.00,0.00,0.00,0.00,0.00,0.00,0.00,0.00,0.00,0.00,0.00,0.00,0.00,0.00,0.00,0.00,0.00,0.00,0.00,0.00,0.00,0.00,0.00,0.00,0.00,0.00,0.00,0.00,0.00,0.00,3.33,0.00,0.33,0.00,0.00,0.00,0.00,0.00,0.00,0.00,0.00,1.33,0.00,0.00,0.00,0.00,0.00,0.00,0.00,0.00,0.00,0.00,0.00,0.00,2.00,0.00,0.00,3.67,0.00,0.00,0.00,0.00,0.00,0.00,0.00,0.00,0.00,0.00,0.00,0.00,0.00,0.00,0.33,0.00,0.33,0.00,16.67,0.00,0.00,0.00,1.33,2.67,0.00,25.33,92.16,2.46,5.38,24.70,3.22,1663.570,,,,,
321,L10-M2,3626.50,Rotliegend,41.67,24.67,0.00,0.00,0.00,1.33,0.00,0.00,0.00,0.00,0.00,0.00,0.00,4.00,0.67,0.00,0.00,0.00,0.00,0.00,0.00,0.00,0.00,0.00,0.00,0.00,0.00,0.00,0.00,0.00,0.00,0.00,0.00,0.00,0.00,0.00,0.00,0.00,0.00,0.00,0.00,0.00,0.00,0.00,0.00,0.00,0.00,0.00,0.00,0.00,0.00,0.00,0.00,0.00,0.67,0.00,0.00,4.00,0.00,0.00,0.00,0.33,0.00,0.00,0.00,0.00,0.00,0.00,1.67,0.00,0.00,0.00,0.33,0.00,0.00,0.00,0.33,0.00,0.00,0.00,0.00,1.33,0.00,0.00,3.67,0.00,0.00,0.00,0.00,0.00,0.00,0.00,0.00,0.00,0.00,0.00,0.00,0.00,0.00,0.33,0.00,0.00,0.00,10.67,0.00,0.00,0.00,1.00,3.33,0.00,21.00,91.71,1.84,6.46,25.30,2.44,272.700,,,,,
322,L10-M2,3626.75,Rotliegend,38.00,28.33,0.00,0.00,0.00,0.33,0.00,0.00,0.00,0.00,0.00,0.00,0.00,3.00,0.00,0.00,0.00,0.00,0.00,0.00,0.00,0.00,0.00,0.00,0.00,0.00,0.00,0.00,0.00,0.00,0.00,0.00,0.00,0.00,0.00,0.00,0.00,0.00,0.00,0.00,0.00,0.00,0.00,0.00,0.00,0.00,0.00,0.00,0.00,0.00,0.00,0.00,0.00,0.00,1.33,0.00,0.00,2.33,0.00,0.33,0.00,0.00,0.00,0.00,0.00,0.00,0.00,0.00,0.33,0.00,0.00,0.00,0.00,0.00,0.00,0.00,0.00,0.00,0.00,0.00,0.00,0.67,0.00,0.00,5.33,0.00,0.00,0.00,0.00,0.00,0.00,0.00,0.00,0.00,0.00,0.00,0.00,0.00,0.00,1.67,0.00,0.00,0.00,14.33,0.00,0.00,0.00,1.00,3.00,0.00,22.65,95.22,0.47,4.31,20.00,2.87,740.880,,,,,
323,L10-M2,3627.75,Rotliegend,42.33,24.67,0.00,0.00,0.00,0.33,0.00,0.00,0.00,0.00,0.00,0.00,0.00,2.33,0.00,0.00,0.00,0.00,0.00,0.00,0.00,0.00,0.00,0.00,0.00,0.00,0.00,0.00,0.00,0.00,0.00,0.00,0.00,0.00,0.00,0.00,0.00,0.00,0.00,0.00,0.00,0.33,0.00,0.00,0.00,0.00,0.00,0.00,0.00,0.00,0.00,0.00,0.00,0.00,4.33,0.00,0.00,5.33,0.00,0.33,0.00,1.67,0.00,0.00,0.00,0.00,0.00,0.00,4.67,0.00,0.00,0.00,0.00,0.00,0.00,0.00,0.00,0.00,0.00,0.00,0.00,2.00,0.00,0.00,6.00,0.00,0.00,0.00,0.00,0.00,0.00,0.00,0.00,0.00,0.00,0.00,0.00,0.00,0.00,3.00,0.00,0.33,0.00,1.67,0.00,0.00,0.00,0.00,0.67,0.00,19.67,95.73,0.47,3.80,11.50,-0.09,0.820,,,,,
324,L10-M2,3636.50,Rotliegend,37.00,24.00,0.00,0.00,0.00,1.00,0.00,0.00,0.00,0.00,0.00,0.00,0.00,5.00,1.00,0.00,0.00,0.00,0.00,0.00,0.00,0.00,0.00,0.67,0.00,0.00,0.00,0.00,0.00,0.00,0.00,0.00,0.00,0.00,0.00,0.00,0.00,0.00,0.00,0.00,0.00,0.00,0.00,0.00,0.00,0.00,0.00,0.00,0.00,0.00,0.00,0.00,0.00,0.00,1.33,0.00,0.00,4.67,0.00,0.00,0.00,0.33,0.00,0.00,0.00,0.00,0.00,0.00,4.00,0.00,0.00,0.00,0.00,0.00,0.00,0.00,0.00,0.00,0.00,0.00,0.00,0.33,0.00,0.00,5.00,0.00,0.00,0.00,0.00,0.00,0.00,0.00,0.00,0.00,0.00,0.00,0.00,0.00,0.00,1.33,0.00,0.00,0.00,12.00,0.00,0.00,0.00,0.00,2.33,0.00,26.00,89.71,1.47,8.82,21.90,2.77,585.580,,,,,
325,L10-M2,3637.50,Rotliegend,35.33,24.67,0.00,0.00,0.00,2.00,0.00,0.00,0.00,0.00,0.00,0.00,0.00,3.33,0.67,0.00,0.00,0.00,0.33,0.00,0.00,0.00,0.00,0.00,0.00,0.00,0.00,0.00,0.00,0.00,0.00,0.00,0.00,0.00,0.00,0.00,0.00,0.00,0.00,0.00,0.00,0.00,0.00,0.00,0.00,0.00,0.00,0.00,0.00,0.00,0.00,0.00,0.00,0.00,0.67,0.00,0.00,6.00,0.00,0.67,0.00,0.00,0.00,0.00,0.00,0.00,0.00,0.00,1.33,0.00,0.00,0.00,0.00,0.00,0.00,0.00,0.00,0.00,0.00,0.00,0.00,0.67,0.00,0.00,6.67,0.00,0.00,0.00,0.00,0.00,0.00,0.00,0.00,0.00,0.00,0.00,0.00,0.00,0.00,0.67,0.00,0.33,0.00,14.67,0.00,0.00,0.00,0.00,2.00,0.00,29.34,90.46,3.51,6.03,20.90,1.51,32.680,,,,,
326,L11B-A-06,5116.33,Rotliegend,45.00,8.70,0.00,0.00,0.00,0.00,1.00,0.00,0.00,0.00,0.00,2.70,0.00,0.00,0.00,0.00,0.00,0.00,0.00,1.00,9.30,0.00,0.00,0.00,0.00,0.00,0.00,0.10,0.00,0.00,0.00,0.00,0.00,0.00,0.00,0.00,0.00,0.00,0.00,0.00,0.00,0.00,0.00,0.00,0.00,0.00,0.00,0.00,0.00,0.00,0.00,0.00,0.00,0.00,0.00,0.00,0.00,0.30,0.00,2.30,0.00,0.00,0.00,0.00,0.30,0.00,0.00,0.00,3.70,0.00,0.00,0.00,0.00,0.00,0.10,0.00,0.10,0.00,0.00,0.00,0.00,1.40,0.00,0.00,6.70,0.00,0.00,0.00,0.00,0.00,0.00,0.00,0.00,0.00,0.00,0.00,0.00,0.00,0.00,1.00,0.00,0.00,0.00,12.30,1.00,0.00,0.00,1.30,2.00,0.00,26.80,79.32,1.48,19.20,19.10,0.08,1.210,,,,,
327,L11B-A-06,5118.21,Rotliegend,49.00,12.00,0.00,0.00,0.00,0.00,1.00,0.00,0.00,0.00,0.00,1.30,0.00,0.00,0.00,0.00,0.00,0.00,0.00,0.00,5.30,0.00,0.00,0.00,0.00,0.00,0.00,0.10,0.00,0.00,0.00,0.00,0.00,0.00,0.00,0.00,0.00,0.00,0.00,0.00,0.00,0.00,0.00,0.00,0.00,0.00,2.00,0.00,0.00,0.00,0.30,0.00,0.00,0.00,0.30,0.00,0.00,4.30,0.00,6.00,0.00,0.00,0.00,0.00,0.00,0.00,0.30,0.00,2.70,0.00,0.00,0.00,7.70,0.00,0.00,0.00,0.10,0.00,0.00,0.00,0.70,0.80,0.00,0.00,1.00,0.00,0.00,0.00,0.00,0.00,0.00,0.00,0.00,0.00,0.00,0.00,0.00,0.00,0.00,0.70,0.00,0.00,0.00,2.30,0.00,0.00,0.00,1.70,0.70,0.00,25.10,88.92,1.46,9.62,9.70,-0.46,0.350,,,,,
328,L11B-A-06,5121.20,Rotliegend,45.00,10.00,0.00,0.00,0.00,0.00,1.00,0.00,0.00,0.00,0.00,1.00,0.00,0.00,0.00,0.00,0.00,0.00,0.00,0.70,7.30,0.00,0.00,0.10,0.00,0.00,0.00,0.00,0.00,0.00,0.00,0.00,0.00,0.00,0.00,0.00,0.00,0.00,0.00,0.00,0.00,0.00,0.00,0.00,0.00,0.00,14.30,0.00,0.00,0.00,0.00,0.00,0.00,0.00,0.30,0.00,0.00,2.70,0.00,2.30,0.00,0.00,0.00,0.00,0.00,0.00,0.10,0.00,7.70,0.00,0.00,0.00,1.70,0.00,0.30,0.00,0.70,0.00,0.00,0.00,0.30,0.30,0.00,0.00,0.00,0.00,0.00,0.00,0.00,0.00,0.00,0.00,0.00,0.00,0.00,0.00,0.00,0.00,0.00,0.00,0.00,0.00,0.00,3.30,0.00,0.00,0.00,0.30,0.70,0.00,19.10,84.62,1.54,13.85,8.30,-1.10,0.080,,,,,
329,L11B-A-06,5122.96,Rotliegend,48.70,4.00,0.00,0.00,0.00,0.00,2.70,0.00,0.00,0.00,0.00,1.30,0.00,0.00,0.00,0.00,0.00,0.00,0.00,0.00,5.70,0.00,0.00,0.10,0.00,0.00,0.00,0.10,0.00,0.00,0.00,0.00,0.00,0.00,0.00,0.00,0.00,0.00,0.00,0.00,0.00,0.00,0.00,0.00,0.00,0.00,0.00,0.00,0.00,0.00,0.00,0.00,0.00,0.00,0.00,0.00,0.00,14.30,0.00,9.30,0.00,0.00,0.00,0.00,0.00,0.00,0.10,0.00,2.30,0.00,0.00,0.00,0.00,0.00,0.00,0.00,0.00,2.30,0.00,0.00,0.30,1.00,0.00,0.00,1.30,0.00,0.00,0.00,0.00,0.00,0.00,0.00,0.00,0.00,0.00,0.00,0.00,0.00,0.00,0.30,0.00,0.00,0.00,5.00,0.00,0.00,0.00,1.30,0.00,0.00,34.90,84.46,4.33,11.22,11.30,0.16,1.430,,,,,
330,L11B-A-06,5136.54,Rotliegend,52.30,8.00,0.00,0.00,0.00,0.00,0.70,0.00,0.00,0.00,0.00,1.30,0.00,0.00,0.00,0.00,0.00,0.00,0.00,0.30,5.70,0.00,0.00,0.10,0.00,0.00,0.00,0.10,0.00,0.00,0.00,0.00,0.00,0.00,0.00,0.00,0.00,0.00,0.00,0.00,0.00,0.00,0.00,0.00,0.00,0.00,0.00,0.00,0.00,0.00,0.00,0.00,0.00,0.00,0.00,0.00,0.00,1.70,0.00,1.30,0.00,0.00,0.00,0.00,0.10,0.00,0.10,0.00,3.00,0.00,0.30,0.00,0.30,0.00,0.30,0.00,0.00,0.00,0.00,0.00,1.00,1.70,0.00,0.00,5.30,0.00,0.00,0.00,0.00,0.00,0.00,0.00,0.00,0.00,0.00,0.00,0.00,0.00,0.00,1.00,0.00,0.00,0.00,12.30,0.70,0.00,0.00,1.30,1.30,0.00,26.40,88.29,1.02,10.69,15.40,1.87,74.600,,,,,
331,L11B-A-06,5137.75,Rotliegend,49.30,8.70,0.00,0.00,0.00,0.00,1.30,0.00,0.00,0.00,0.00,1.30,0.00,0.00,0.00,0.00,0.00,0.00,0.00,0.00,9.00,0.00,0.00,0.70,0.00,0.00,0.00,0.10,0.00,0.00,0.00,0.00,0.00,0.00,0.00,0.00,0.00,0.00,0.00,0.00,0.00,0.00,0.00,0.00,0.00,0.00,0.00,0.00,0.00,0.00,0.00,0.00,0.00,0.00,0.00,0.00,0.00,7.70,0.00,3.70,0.00,0.00,0.00,0.00,0.30,0.00,0.70,0.00,2.00,0.00,0.00,0.00,0.00,0.00,0.70,0.00,0.30,0.00,0.00,0.00,1.00,1.30,0.00,0.30,1.30,0.00,0.00,0.00,0.00,0.00,0.00,0.00,0.00,0.00,0.00,0.00,0.00,0.00,0.00,1.30,0.00,0.00,0.00,8.00,0.00,0.00,0.00,0.70,0.30,0.00,26.00,83.33,1.87,14.80,7.40,-0.37,0.430,,,,,
332,L11B-A-06,5171.25,Rotliegend,45.70,7.30,0.00,0.00,0.00,0.00,3.00,0.00,0.00,0.00,0.00,1.30,0.00,0.00,0.00,0.00,0.00,0.00,0.00,0.30,10.30,0.00,0.00,0.10,0.00,0.00,0.00,0.00,0.00,0.00,0.00,0.00,0.00,0.00,0.00,0.00,0.00,0.00,0.00,0.00,0.00,0.00,0.00,0.00,0.00,0.00,0.30,0.00,0.00,0.00,0.00,0.00,0.00,0.00,0.00,0.00,0.00,5.70,0.00,1.70,0.00,0.00,0.00,0.00,0.00,0.00,0.00,0.00,1.30,0.00,0.00,0.00,5.30,0.00,0.00,0.00,0.70,0.00,0.00,0.00,0.10,1.30,0.00,0.00,0.70,0.00,0.00,0.00,0.00,0.00,0.00,0.00,0.00,0.00,0.00,0.00,0.00,0.00,0.00,0.70,0.00,0.00,0.00,11.30,0.30,0.00,0.00,2.00,0.00,0.00,27.10,78.06,4.42,17.53,17.60,0.36,2.310,,,,,
333,L11B-A-06,5172.29,Rotliegend,45.30,13.00,0.00,0.00,0.00,0.00,2.30,0.00,0.00,0.00,0.00,2.00,0.00,0.00,0.00,0.00,0.00,0.00,0.00,0.00,7.00,0.00,0.00,0.10,0.00,0.00,0.00,0.00,0.00,0.00,0.00,0.00,0.00,0.00,0.00,0.00,0.00,0.00,0.00,0.00,0.00,0.00,0.00,0.00,0.00,0.00,2.00,0.00,0.00,0.00,0.00,0.00,0.00,0.00,0.00,0.00,0.00,1.30,0.00,0.70,0.00,0.00,0.00,0.00,0.00,0.00,0.10,0.00,8.00,0.00,0.00,0.00,8.70,0.00,0.00,0.00,0.70,0.00,0.00,0.00,0.30,0.70,0.00,0.00,1.00,0.00,0.00,0.00,0.00,0.00,0.00,0.00,0.00,0.00,0.00,0.00,0.00,0.00,0.00,0.30,0.00,0.00,0.00,5.30,0.00,0.00,0.00,1.00,0.30,0.00,26.10,83.76,3.30,12.93,11.60,-0.29,0.510,,,,,
334,L11B-A-06,5173.20,Rotliegend,44.70,13.70,0.00,0.00,0.00,0.00,1.70,0.00,0.00,0.00,0.00,1.00,0.00,0.00,0.00,0.00,0.00,0.00,0.00,0.00,6.70,0.00,0.00,0.10,0.00,0.00,0.00,0.00,0.00,0.00,0.00,0.00,0.00,0.00,0.00,0.00,0.00,0.00,0.00,0.00,0.00,0.00,0.00,0.00,0.00,0.00,0.00,0.00,0.00,0.00,0.00,0.00,0.00,0.00,0.70,0.00,0.00,4.00,0.00,1.30,0.00,0.00,0.00,0.00,0.30,0.00,1.00,0.70,2.70,0.00,0.00,0.00,4.70,0.00,0.00,0.00,0.30,0.00,0.00,0.00,0.00,0.80,0.00,0.30,5.00,0.00,0.00,0.00,0.00,0.00,0.00,0.00,0.00,0.00,0.00,0.00,0.00,0.00,0.00,0.70,0.00,0.00,0.00,8.70,0.30,0.00,0.00,0.30,0.70,0.00,29.30,86.14,2.51,11.36,20.20,2.74,548.000,,,,,
335,L11B-A-06,5175.29,Rotliegend,48.00,9.30,0.00,0.00,0.00,0.00,2.00,0.00,0.00,0.00,0.00,0.30,0.00,0.00,0.00,0.00,0.00,0.00,0.00,0.00,12.00,0.00,0.00,0.10,0.00,0.00,0.00,0.30,0.00,0.00,0.00,0.00,0.00,0.00,0.00,0.00,0.00,0.00,0.00,0.00,0.00,0.00,0.00,0.00,0.00,0.00,0.30,0.00,0.00,0.00,0.00,0.00,0.00,0.00,0.30,0.00,0.00,3.30,0.00,0.70,0.00,0.00,0.00,0.00,0.10,0.00,0.00,0.00,2.00,0.00,0.00,0.00,5.70,0.00,0.00,0.00,0.70,0.00,0.00,0.00,0.00,1.70,0.00,0.00,2.70,0.00,0.00,0.00,0.00,0.00,0.00,0.00,0.00,0.00,0.00,0.00,0.00,0.00,0.00,0.00,0.00,0.00,0.00,9.30,0.00,0.00,0.00,0.30,1.00,0.00,24.50,80.03,2.79,17.18,19.80,1.97,93.200,,,,,
336,L11B-A-06,5176.50,Rotliegend,46.30,13.70,0.00,0.00,0.00,0.00,2.70,0.00,0.00,0.00,0.00,0.70,0.00,0.00,0.00,0.00,0.00,0.00,0.00,0.00,6.70,0.00,0.00,0.10,0.00,0.00,0.00,0.00,0.00,0.00,0.00,0.00,0.00,0.00,0.00,0.00,0.00,0.00,0.00,0.00,0.00,0.00,0.00,0.00,0.00,0.00,3.70,0.00,0.00,0.00,0.30,0.00,0.00,0.00,0.00,0.00,0.00,0.00,0.00,0.30,0.00,0.00,0.00,0.00,0.00,0.00,0.00,0.00,6.00,0.00,0.00,0.00,10.30,0.00,0.00,0.00,1.00,0.00,0.00,0.00,0.30,0.30,0.00,0.30,0.30,0.00,0.00,0.00,0.00,0.00,0.00,0.00,0.00,0.00,0.00,0.00,0.00,0.00,0.00,0.70,0.00,0.00,0.00,5.30,0.00,0.00,0.00,1.00,0.00,0.00,23.80,85.59,3.85,10.56,12.10,-0.54,0.290,,,,,
337,L11B-A-06,5187.79,Rotliegend,43.30,11.30,0.00,0.00,0.00,0.00,1.30,0.00,0.00,0.00,0.00,0.70,0.00,0.00,0.00,0.00,0.00,0.00,0.00,0.00,11.30,0.00,0.00,0.10,0.00,0.00,0.00,0.10,0.00,0.00,0.00,0.00,0.00,0.00,0.00,0.00,0.00,0.00,0.00,0.00,0.00,0.00,0.00,0.00,0.00,0.00,0.70,0.00,0.00,0.00,0.00,0.00,0.00,0.00,0.70,0.00,0.00,3.70,0.00,6.00,0.00,0.00,0.00,0.00,0.00,0.00,0.70,0.00,8.70,0.00,0.30,0.00,4.30,0.00,0.00,0.00,0.00,0.00,0.00,0.00,0.00,2.00,0.00,0.00,0.00,0.00,0.00,0.00,0.00,0.00,0.00,0.00,0.00,0.00,0.00,0.00,0.00,0.00,0.00,0.00,0.00,0.00,0.00,4.30,0.00,0.00,0.00,0.30,0.30,0.00,28.00,80.41,1.91,17.67,8.40,-0.77,0.170,,,,,
338,L11B-A-06,5191.44,Rotliegend,43.00,13.70,0.00,0.00,0.00,0.00,1.00,0.00,0.00,0.00,0.00,0.30,0.00,0.00,0.00,0.00,0.00,0.00,0.00,0.00,8.00,0.00,0.00,0.10,0.00,0.00,0.00,0.10,0.00,0.00,0.00,0.00,0.00,0.00,0.00,0.00,0.00,0.00,0.00,0.00,0.00,0.00,0.00,0.00,0.00,0.00,1.70,0.00,0.00,0.00,0.70,0.00,0.00,0.00,0.70,0.00,0.00,7.70,0.00,3.00,0.00,0.00,0.00,0.00,0.10,0.00,0.30,0.00,2.70,0.00,0.30,0.00,2.30,0.00,0.00,0.00,0.30,0.10,0.00,0.00,1.00,1.00,0.00,0.00,1.00,0.00,0.00,0.00,0.00,0.00,0.00,0.00,0.00,0.00,0.00,0.00,0.00,0.00,0.00,0.70,0.00,0.00,0.00,10.30,0.00,0.00,0.00,0.00,0.30,0.00,29.10,85.91,1.52,12.58,10.70,-0.22,0.600,,,,,
339,L05-10,4524.20,Rotliegend,35.67,27.67,1.00,0.00,0.00,0.00,0.00,0.00,0.00,0.00,1.00,0.00,0.00,0.00,2.33,0.00,0.00,0.00,0.67,0.67,0.00,0.00,0.00,0.00,0.01,0.00,0.00,0.67,0.00,0.00,0.00,0.00,0.00,0.00,0.00,0.00,0.00,0.00,0.00,0.00,0.00,0.00,0.00,0.00,0.00,0.00,0.00,0.00,0.00,0.00,0.00,0.00,0.00,0.00,0.00,0.00,0.00,3.67,0.00,9.33,0.00,3.00,0.00,0.00,0.00,0.00,0.00,0.00,1.33,0.00,0.00,0.00,0.00,0.00,0.00,0.00,0.00,0.00,0.00,0.00,1.67,0.67,0.00,0.00,0.33,0.00,0.00,0.00,0.00,0.00,0.00,0.00,0.00,0.00,0.00,0.00,0.00,0.00,0.00,1.67,0.00,5.00,0.00,2.33,0.00,0.00,1.33,0.00,0.00,0.00,22.99,91.78,0.97,7.25,7.50,-0.49,0.320,,,,,
340,L05-10,4504.30,Rotliegend,30.67,24.33,1.00,0.00,0.00,0.00,0.00,0.00,0.00,0.00,0.00,0.00,0.00,0.00,4.00,0.00,0.00,0.00,1.33,1.33,0.00,0.00,0.00,0.00,0.01,0.00,0.00,0.67,0.00,0.00,0.00,0.00,0.00,0.00,0.00,0.00,0.00,0.00,0.00,0.00,0.00,0.00,0.00,0.00,0.00,0.00,0.00,0.00,0.00,0.00,0.00,0.00,0.00,0.00,0.00,0.00,0.00,3.67,0.00,6.33,0.00,3.00,0.00,0.00,0.00,0.00,0.00,0.00,4.67,0.00,0.00,0.00,0.00,0.00,0.00,0.00,0.00,0.00,0.00,0.00,0.00,0.00,0.00,0.00,1.33,0.00,0.00,0.00,0.00,0.00,0.00,0.00,0.00,0.00,0.00,0.00,0.00,0.00,0.00,1.33,0.00,6.33,0.00,7.33,0.00,0.00,2.00,0.67,0.00,0.00,28.33,87.78,2.12,10.10,13.70,1.73,53.600,,,,,
341,L05-10,4505.20,Rotliegend,36.33,24.33,1.67,0.00,0.00,0.33,0.00,0.00,0.00,0.00,0.00,0.00,0.00,0.00,4.67,0.00,0.00,0.00,1.00,1.67,0.00,0.00,0.00,0.00,0.01,0.00,0.00,0.67,0.00,0.00,0.00,0.00,0.00,0.00,0.00,0.00,0.00,0.00,0.00,0.00,0.00,0.00,0.00,0.00,0.00,0.00,0.00,0.00,0.00,0.00,0.00,0.00,0.00,0.00,0.00,0.00,0.00,2.33,0.00,3.67,0.00,3.67,0.00,0.00,0.00,0.00,0.67,0.00,2.00,0.00,0.00,0.00,0.00,0.00,0.00,0.00,0.00,0.00,0.00,0.00,0.67,0.67,0.00,0.00,2.00,0.00,0.00,0.00,0.00,0.00,0.00,0.00,0.00,0.00,0.00,0.00,0.00,0.00,0.00,1.33,0.00,6.33,0.00,4.33,0.00,0.00,1.67,0.00,0.00,0.00,21.01,86.66,1.90,11.44,11.20,-0.08,0.830,,,,,
342,L05-10,4508.70,Rotliegend,41.00,28.33,1.00,0.00,0.00,0.00,0.00,0.00,0.00,0.00,0.00,0.00,0.00,0.00,4.00,0.00,0.00,0.00,0.33,0.67,0.00,0.00,0.00,0.00,0.33,0.00,0.00,0.33,0.00,0.00,0.00,0.00,0.00,0.00,0.00,0.00,0.00,0.00,0.00,0.00,0.00,0.00,0.00,0.00,0.00,0.00,0.00,0.00,0.00,0.00,0.00,0.00,0.00,0.00,0.00,0.00,0.00,3.33,0.00,4.00,0.00,3.00,0.00,0.00,0.00,0.00,0.33,0.00,1.33,0.00,0.00,0.00,0.00,0.00,0.00,0.00,0.00,0.00,0.00,0.00,0.00,0.33,0.00,0.00,0.67,0.00,0.00,0.00,0.00,0.00,0.00,0.00,0.00,0.00,0.00,0.00,0.00,0.00,0.00,1.00,0.00,6.00,0.00,1.67,0.00,0.00,2.33,0.00,0.00,0.00,16.66,92.04,0.44,7.53,8.30,-0.68,0.210,,,,,
343,L05-10,4513.50,Rotliegend,38.67,23.00,1.67,0.00,0.00,0.00,0.00,0.00,0.00,0.00,0.00,0.00,0.00,0.00,4.67,0.00,0.00,0.00,0.67,1.00,0.00,0.00,0.00,0.00,0.00,0.00,0.00,0.33,0.00,0.00,0.00,0.00,0.00,0.00,0.00,0.00,0.00,0.00,0.00,0.00,0.00,0.00,0.00,0.00,0.00,0.00,0.00,0.00,0.00,0.00,0.00,0.00,0.00,0.00,0.00,0.00,0.00,3.33,0.00,3.00,0.00,1.67,0.00,0.00,0.00,0.00,0.67,0.00,3.67,0.00,0.00,0.00,0.00,0.00,0.00,0.00,0.00,0.00,0.00,0.00,0.33,0.33,0.00,0.00,0.67,0.00,0.00,0.00,0.00,0.00,0.00,0.00,0.00,0.00,0.00,0.00,0.00,0.00,0.00,1.00,0.00,5.67,0.00,6.33,0.00,0.00,2.33,1.00,0.00,0.00,22.00,88.50,0.96,10.53,12.60,0.86,7.220,,,,,
344,L05-10,4502.80,Rotliegend,27.33,36.67,0.01,0.00,0.00,0.00,0.00,0.00,0.00,0.00,0.00,0.00,0.00,0.00,0.67,0.00,0.00,0.00,1.33,0.01,0.00,0.00,0.00,0.00,0.00,0.00,0.00,0.33,0.00,0.00,0.00,0.00,0.00,0.00,0.00,0.00,0.00,0.00,0.00,0.00,0.00,0.00,0.00,0.00,0.00,0.00,0.00,0.00,0.00,0.00,0.00,0.00,0.00,0.00,0.00,0.00,0.00,2.67,0.00,2.67,0.00,2.33,0.00,0.33,0.00,0.00,1.33,0.00,3.00,0.00,0.00,0.00,0.00,0.00,0.00,0.00,0.00,0.00,0.00,0.00,0.00,0.00,0.00,0.00,0.67,0.00,0.00,0.00,0.00,0.00,0.00,0.00,0.00,0.00,0.00,0.00,0.00,0.00,0.00,1.33,0.00,5.33,0.00,8.67,0.00,0.00,4.00,1.33,0.00,0.00,25.67,96.94,2.01,1.05,16.00,1.95,88.400,,,,,
345,L05-10,4515.70,Rotliegend,39.33,29.00,1.67,0.00,0.00,0.00,0.00,0.00,0.67,0.00,0.00,0.00,0.00,0.00,2.67,0.00,0.00,0.00,1.00,0.33,0.00,0.00,0.00,0.00,0.01,0.00,0.00,0.67,0.00,0.00,0.00,0.00,0.00,0.00,0.00,0.00,0.00,0.00,0.00,0.00,0.00,0.00,0.00,0.00,0.00,0.00,0.00,0.00,0.00,0.00,0.00,0.00,0.00,0.00,0.00,0.00,0.00,2.00,0.00,2.33,0.00,1.67,0.00,0.00,0.00,0.00,0.00,0.00,3.00,0.00,0.00,0.00,0.00,0.00,0.00,0.00,0.00,0.00,0.00,0.00,0.00,0.00,0.00,0.00,0.33,0.00,0.00,0.00,0.00,0.00,0.00,0.00,0.00,0.00,0.00,0.00,0.00,0.00,0.00,0.67,0.00,6.00,0.00,5.67,0.00,0.00,2.67,0.33,0.00,0.00,17.67,91.51,1.34,7.15,12.50,0.85,7.110,,,,,
346,L05-10,4517.80,Rotliegend,37.33,25.67,1.33,0.00,0.00,0.00,0.00,0.00,0.00,0.00,0.00,0.00,0.00,0.00,4.00,0.00,0.00,0.00,1.67,0.00,0.00,0.00,0.00,0.00,0.00,0.00,0.00,0.33,0.00,0.00,0.00,0.00,0.00,0.00,0.00,0.00,0.00,0.00,0.00,0.00,0.00,0.00,0.00,0.00,0.00,0.00,0.67,0.00,0.00,0.00,0.00,0.00,0.00,0.00,0.00,0.00,0.00,2.00,0.00,2.67,0.00,1.33,0.00,0.00,0.00,0.00,0.00,0.00,2.00,0.00,0.00,0.00,0.00,0.00,0.00,0.00,0.00,0.00,0.00,0.00,0.67,0.67,0.00,0.00,1.00,0.00,0.00,0.00,0.00,0.00,0.00,0.00,0.00,0.00,0.00,0.00,0.00,0.00,0.00,2.67,0.00,6.33,0.00,7.00,0.00,0.00,2.67,0.00,0.00,0.00,19.34,90.00,2.39,7.61,12.10,0.49,3.090,,,,,
347,L05-10,4503.30,Rotliegend,39.33,25.67,0.33,0.00,0.00,0.67,0.00,0.00,0.00,0.00,0.00,0.00,0.00,0.00,3.67,0.00,0.00,0.00,1.00,1.00,0.00,0.00,0.00,0.00,0.33,0.00,0.00,0.67,0.00,0.00,0.00,0.00,0.00,0.00,0.00,0.00,0.00,0.00,0.00,0.00,0.00,0.00,0.00,0.00,0.00,0.00,0.00,0.00,0.00,0.00,0.00,0.00,0.00,0.00,0.00,0.00,0.00,2.33,0.00,3.00,0.00,2.67,0.00,0.00,0.00,0.00,0.33,0.00,3.00,0.00,0.00,0.00,0.00,0.00,0.00,0.00,0.00,0.00,0.00,0.00,0.00,0.00,0.00,0.00,0.33,0.00,0.00,0.00,0.00,0.00,0.00,0.00,0.00,0.00,0.00,0.00,0.00,0.00,0.00,2.67,0.00,2.00,0.00,7.67,0.00,0.00,2.33,1.00,0.00,0.00,21.66,90.69,2.33,6.98,16.40,1.62,42.000,,,,,
348,L05-10,4519.30,Rotliegend,28.00,29.00,3.00,0.00,0.00,0.00,0.00,0.00,0.00,0.00,2.00,0.00,0.00,0.00,0.67,0.00,0.00,0.00,0.67,2.33,0.00,0.00,0.00,0.00,0.01,0.00,0.00,0.01,0.00,0.00,0.00,0.00,0.00,0.00,0.00,0.00,0.00,0.00,0.00,0.00,0.00,0.00,0.00,0.00,0.00,0.00,0.00,0.00,0.00,0.00,0.00,0.00,0.00,0.00,0.00,0.00,0.00,4.67,0.00,4.00,0.00,2.67,0.00,0.00,0.00,0.00,1.00,0.00,3.33,0.00,0.00,0.00,0.00,0.00,0.00,0.00,0.00,0.00,0.00,0.00,1.67,0.33,0.00,0.00,0.67,0.00,0.00,0.00,0.00,0.00,0.00,0.00,0.00,0.00,0.00,0.00,0.00,0.00,0.00,3.00,0.00,4.67,0.00,4.33,0.00,0.00,3.00,1.00,0.00,0.00,25.34,86.80,1.02,12.18,12.30,0.46,2.860,,,,,
349,L05-11,4878.50,Rotliegend,41.70,19.30,0.00,0.00,0.00,0.00,0.00,5.00,0.00,0.00,0.00,2.30,0.00,0.00,0.00,0.00,0.00,0.00,0.00,0.00,1.00,0.00,0.00,0.00,0.00,0.00,0.00,0.00,0.00,0.00,0.00,0.00,0.00,0.00,0.00,0.00,0.00,0.00,0.00,0.00,0.00,0.00,0.00,0.00,0.00,0.00,0.00,0.00,0.00,0.00,0.00,0.00,0.00,0.00,0.00,0.00,0.00,2.70,0.00,2.00,0.00,0.30,0.00,0.00,0.00,0.00,0.00,0.00,15.00,0.00,0.00,0.00,0.30,0.70,0.00,0.00,0.00,0.00,0.00,0.00,0.00,0.30,0.00,0.00,2.70,0.00,0.00,0.00,0.00,0.00,0.00,0.00,0.00,0.00,0.00,0.00,0.00,0.00,0.00,0.00,0.00,0.00,0.00,4.70,0.30,0.00,0.00,1.30,0.30,0.00,28.70,88.02,0.00,11.98,8.20,1.43,27.200,,,,,
350,L05-11,4879.48,Rotliegend,47.70,13.00,0.00,0.00,0.00,0.30,0.00,5.30,0.00,0.00,0.00,2.00,0.00,0.00,0.00,0.00,0.00,0.00,0.00,0.00,1.70,0.00,0.00,0.00,0.00,0.00,0.00,0.00,0.00,0.00,0.00,0.00,0.00,0.00,0.00,0.00,0.00,0.00,0.00,0.00,0.00,0.00,0.00,0.00,0.00,0.00,0.00,0.00,0.00,0.00,0.00,0.00,0.00,0.00,0.00,0.00,0.00,1.00,0.00,2.30,0.00,1.30,0.00,0.00,0.00,0.00,1.30,0.70,5.00,0.00,0.00,0.00,1.00,1.00,0.00,0.00,0.00,0.00,0.00,0.00,0.00,0.00,0.00,0.00,4.00,0.00,0.00,0.00,0.00,0.00,0.00,0.00,0.00,0.00,0.00,0.00,0.00,0.00,0.00,0.70,0.00,0.00,0.00,10.70,0.00,0.00,0.00,0.30,0.70,0.00,28.30,86.71,0.43,12.86,12.20,1.34,22.100,,,,,
351,L05-11,4880.00,Rotliegend,46.30,19.30,0.00,0.00,0.00,1.30,0.00,3.00,0.00,0.00,0.00,2.30,0.00,0.00,0.00,0.00,0.00,0.00,0.00,0.00,5.00,0.00,0.00,0.00,0.00,0.00,0.00,0.00,0.00,0.00,0.00,0.00,0.00,0.00,0.00,0.00,0.00,0.00,0.00,0.00,0.00,0.00,0.00,0.00,0.00,0.00,0.00,0.00,0.00,0.00,0.00,0.00,0.00,0.00,0.00,0.00,0.00,0.00,0.00,4.70,0.00,0.70,0.00,0.00,0.00,0.00,0.00,0.00,4.00,0.00,0.00,0.00,0.70,1.30,0.00,0.00,0.00,0.00,0.00,0.00,0.30,0.00,0.00,0.00,2.30,0.00,0.00,0.00,0.00,0.00,0.00,0.00,0.00,0.00,0.00,0.00,0.00,0.00,0.00,1.00,0.00,1.70,0.00,4.30,0.00,0.00,0.00,1.30,0.30,0.00,18.30,84.97,1.68,13.34,9.00,0.54,3.500,,,,,
352,L05-11,4882.00,Rotliegend,39.30,17.00,0.00,0.00,0.00,0.30,0.00,2.70,0.00,0.00,0.00,2.70,0.00,0.00,0.00,0.00,0.00,0.00,0.00,0.30,3.70,0.00,0.00,0.00,0.00,0.00,0.00,0.00,0.00,0.00,0.00,0.00,0.00,0.00,0.00,0.00,0.00,0.00,0.00,0.00,0.00,0.00,0.00,0.00,0.00,0.00,11.00,0.00,0.00,0.00,0.00,0.00,0.00,0.00,0.00,0.00,0.00,10.30,0.00,4.00,0.00,0.00,0.00,0.00,0.00,0.00,0.00,0.00,1.00,0.00,0.00,0.00,0.30,1.70,0.00,0.00,0.00,0.00,0.00,0.00,0.00,0.00,0.00,0.00,0.70,0.00,0.00,0.00,0.00,0.00,0.00,0.00,0.00,0.00,0.00,0.00,0.00,0.00,0.00,0.00,0.00,3.00,0.00,1.00,0.00,0.00,0.00,0.70,0.30,0.00,19.00,85.30,0.45,14.24,5.90,-1.30,0.050,,,,,
353,L05-11,4883.25,Rotliegend,51.30,18.30,0.00,0.00,0.00,0.30,0.00,1.70,0.00,0.00,0.00,1.70,0.00,0.00,0.00,0.00,0.00,0.00,0.00,0.30,3.30,0.00,0.00,0.00,0.00,0.00,0.00,0.00,0.00,0.00,0.00,0.00,0.00,0.00,0.00,0.00,0.00,0.00,0.00,0.00,0.00,0.00,0.00,0.00,0.00,0.00,7.30,0.00,0.00,0.00,0.00,0.00,0.00,0.00,0.00,0.00,0.00,2.00,0.00,2.30,0.00,0.00,0.00,0.00,0.00,0.00,0.00,0.00,5.00,0.00,0.00,0.00,0.70,0.00,0.00,0.00,0.00,0.00,0.00,0.00,0.00,0.00,0.00,0.00,2.00,0.00,0.00,0.00,0.00,0.00,0.00,0.00,0.00,0.00,0.00,0.00,0.00,0.00,0.00,0.30,0.00,1.70,0.00,1.30,0.00,0.00,0.00,0.00,0.30,0.00,13.30,90.51,0.39,9.10,5.40,-1.30,0.050,,,,,
354,L05-11,4885.00,Rotliegend,46.70,15.30,0.00,0.00,0.00,0.30,0.00,2.30,0.00,0.00,0.00,3.00,0.00,0.00,0.00,0.00,0.00,0.00,0.00,0.00,4.30,0.00,0.00,0.00,0.00,0.00,0.00,0.00,0.00,0.00,0.00,0.00,0.00,0.00,0.00,0.00,0.00,0.00,0.00,0.00,0.00,0.00,0.00,0.00,0.00,0.00,8.30,0.00,0.00,0.00,0.00,0.00,0.00,0.00,0.00,0.00,0.00,2.30,0.00,2.30,0.00,0.00,0.00,0.00,0.00,0.00,0.00,0.00,6.70,0.00,0.00,0.00,1.70,0.30,0.00,0.00,0.00,0.00,0.00,0.00,0.00,0.00,0.00,0.00,2.00,0.00,0.00,0.00,0.00,0.00,0.00,0.00,0.00,0.00,0.00,0.00,0.00,0.00,0.00,0.70,0.00,0.70,0.00,1.70,0.00,0.00,0.00,0.70,0.70,0.00,17.00,86.23,0.42,13.35,5.90,-1.10,0.080,,,,,
355,L05-11,4894.02,Rotliegend,49.70,16.30,0.00,0.00,0.00,0.70,0.00,1.70,0.30,0.00,0.00,2.00,0.00,0.00,0.00,0.00,0.00,0.00,0.00,0.00,4.00,0.00,0.00,0.00,0.00,0.00,0.00,0.00,0.00,0.00,0.00,0.00,0.00,0.00,0.00,0.00,0.00,0.00,0.00,0.00,0.00,0.00,0.00,0.00,0.00,0.00,6.70,0.00,0.00,0.00,0.00,0.00,0.00,0.00,0.00,0.00,0.00,2.00,0.00,1.00,0.00,0.00,0.00,0.00,0.00,0.00,0.00,0.00,2.30,0.00,0.00,0.00,1.30,1.70,0.00,0.00,0.00,0.00,0.00,0.00,0.00,0.00,0.00,0.00,3.70,0.00,0.00,0.00,0.00,0.00,0.00,0.00,0.00,0.00,0.00,0.00,0.00,0.00,0.00,1.30,0.00,2.30,0.00,2.30,0.00,0.00,0.00,0.30,0.30,0.00,14.30,88.35,0.94,10.71,6.90,-1.22,0.060,,,,,
356,L05-11,4900.25,Rotliegend,56.30,12.00,0.00,0.00,0.00,0.30,0.00,1.00,0.70,0.00,0.00,2.00,0.00,0.00,0.00,0.00,0.00,0.00,0.00,0.00,3.30,0.00,0.00,0.00,0.00,0.00,0.00,0.30,0.00,0.00,0.00,0.00,0.00,0.00,0.00,0.00,0.00,0.00,0.00,0.00,0.00,0.00,0.00,0.00,0.00,0.00,0.30,0.00,0.00,0.00,0.00,0.00,0.00,0.00,0.00,0.00,0.00,2.70,0.00,3.30,0.00,0.00,0.00,0.00,0.00,0.00,0.00,0.30,3.70,0.00,0.00,0.00,2.70,1.30,0.00,0.00,0.00,0.00,0.00,0.00,0.00,0.00,0.00,0.00,2.30,0.00,0.00,0.00,0.00,0.00,0.00,0.00,0.00,0.00,0.00,0.00,0.00,0.00,0.00,0.70,0.00,1.70,0.00,3.00,0.00,0.00,0.00,2.00,0.00,0.00,19.30,90.34,0.40,9.26,8.50,-0.59,0.260,,,,,
357,L05-11,4898.50,Rotliegend,49.70,17.70,0.00,0.00,0.00,0.00,0.00,3.70,0.00,0.00,0.00,0.70,0.00,0.00,0.00,0.00,0.00,0.00,0.00,0.30,2.30,0.00,0.00,0.00,0.00,0.00,0.00,0.00,0.00,0.00,0.00,0.00,0.00,0.00,0.00,0.00,0.00,0.00,0.00,0.00,0.00,0.00,0.00,0.00,0.00,0.00,0.00,0.00,0.00,0.00,0.00,0.00,0.00,0.00,0.00,0.00,0.00,2.70,0.00,1.00,0.00,0.00,0.00,0.00,0.00,0.00,0.00,0.00,7.00,0.00,0.00,0.00,0.70,1.00,0.00,0.00,0.00,0.00,0.00,0.00,0.30,0.00,0.00,0.00,4.30,0.00,0.00,0.00,0.00,0.00,0.00,0.00,0.00,0.00,0.00,0.00,0.00,0.00,0.00,0.70,0.00,0.70,0.00,4.00,0.30,0.00,0.00,2.00,1.00,0.00,21.30,90.59,0.00,9.41,9.30,0.58,3.780,,,,,
358,L05-11,4903.44,Rotliegend,43.30,18.70,0.00,0.00,0.00,0.00,0.00,1.00,0.00,0.00,0.00,2.30,0.00,0.00,0.00,0.00,0.00,0.00,0.00,0.00,2.00,0.00,0.00,0.00,0.00,0.00,0.00,0.00,0.00,0.00,0.00,0.00,0.00,0.00,0.00,0.00,0.00,0.00,0.00,0.00,0.00,0.00,0.00,0.00,0.00,0.00,0.00,0.00,0.00,0.00,0.00,0.00,0.00,0.00,0.00,0.00,0.00,2.30,0.00,7.00,0.00,0.30,0.00,0.00,0.00,0.00,0.00,0.00,7.00,0.00,0.00,0.00,1.00,1.00,0.00,0.00,0.00,0.00,0.00,0.00,0.00,0.00,0.00,0.00,6.30,0.00,0.00,0.00,0.00,0.00,0.00,0.00,0.00,0.00,0.00,0.00,0.00,0.00,0.00,0.70,0.00,3.00,0.00,3.30,0.00,0.00,0.00,0.70,0.00,0.00,28.20,92.12,0.00,7.88,8.70,-0.03,0.940,,,,,
359,L05-11,4877.35,Rotliegend,42.70,27.00,0.00,0.00,0.00,0.30,0.00,2.00,0.00,0.00,0.00,3.30,0.00,0.00,0.00,0.00,0.00,0.00,0.00,0.30,3.00,0.00,0.00,0.00,0.00,0.00,0.00,0.00,0.00,0.00,0.00,0.00,0.00,0.00,0.00,0.00,0.00,0.00,0.00,0.00,0.00,0.00,0.00,0.00,0.00,0.00,0.00,0.00,0.00,0.00,0.00,0.00,0.00,0.00,0.00,0.00,0.00,2.00,0.00,2.30,0.00,0.70,0.00,0.00,0.00,0.00,0.00,0.30,1.00,0.00,0.00,0.00,0.00,0.30,0.00,0.00,0.00,0.00,0.00,0.00,0.00,0.00,0.00,0.00,2.00,0.00,0.00,0.00,0.00,0.00,0.00,0.00,0.00,0.00,0.00,0.00,0.00,0.00,0.00,1.30,0.00,1.00,0.00,8.30,0.00,0.00,0.00,1.30,0.70,0.00,16.90,88.68,0.38,10.94,14.60,2.65,450.000,,,,,
360,L05-11,4878.80,Rotliegend,45.00,17.00,0.00,0.00,0.00,0.30,0.00,6.30,0.00,0.00,0.00,1.70,0.00,0.00,0.00,0.00,0.00,0.00,0.00,0.30,2.30,0.00,0.00,0.00,0.00,0.00,0.00,0.30,0.00,0.00,0.00,0.00,0.00,0.00,0.00,0.00,0.00,0.00,0.00,0.00,0.00,0.00,0.00,0.00,0.00,0.00,0.00,0.00,0.00,0.00,0.00,0.00,0.00,0.00,0.00,0.00,0.00,0.70,0.00,1.70,0.00,0.30,0.00,0.00,0.00,0.00,0.00,0.00,1.70,0.00,0.00,0.00,1.00,0.30,0.00,0.00,0.00,0.00,0.00,0.00,0.00,0.00,0.00,0.00,2.30,0.00,0.00,0.00,0.00,0.00,0.00,0.00,0.00,0.00,0.00,0.00,0.00,0.00,0.00,2.30,0.00,0.30,0.00,14.00,0.00,0.00,0.00,1.70,0.30,0.00,22.00,85.05,0.41,14.54,14.20,1.96,92.000,,,,,
361,L05-11,4882.40,Rotliegend,44.70,17.70,0.00,0.00,0.00,1.70,0.00,1.30,0.30,0.00,0.00,2.30,0.00,0.00,0.00,0.00,0.00,0.00,0.00,0.00,2.30,0.00,0.00,0.00,0.00,0.00,0.00,0.00,0.00,0.00,0.00,0.00,0.00,0.00,0.00,0.00,0.00,0.00,0.00,0.00,0.00,0.00,0.00,0.00,0.00,0.00,11.70,0.00,0.00,0.00,0.00,0.00,0.00,0.00,0.00,0.00,0.00,2.70,0.00,8.70,0.00,0.00,0.00,0.00,0.00,0.00,0.00,0.00,2.30,0.00,0.00,0.00,0.30,1.70,0.00,0.00,0.00,0.00,0.00,0.00,0.00,0.00,0.00,0.00,0.70,0.00,0.00,0.00,0.00,0.00,0.00,0.00,0.00,0.00,0.00,0.00,0.00,0.00,0.00,0.00,0.00,1.00,0.00,0.30,0.00,0.00,0.00,0.00,0.30,0.00,16.70,88.76,2.42,8.82,6.40,-1.05,0.090,,,,,
362,L05-11,4888.25,Rotliegend,44.30,14.00,0.00,0.00,0.00,0.00,0.00,2.00,0.30,0.00,0.00,2.70,0.00,0.00,0.00,0.00,0.00,0.00,0.00,0.00,2.00,0.00,0.00,0.00,0.00,0.00,0.00,0.00,0.00,0.00,0.00,0.00,0.00,0.00,0.00,0.00,0.00,0.00,0.00,0.00,0.00,0.00,0.00,0.00,0.00,0.00,9.00,0.00,0.00,0.00,0.00,0.00,0.00,0.00,0.00,0.00,0.00,2.30,0.00,2.30,0.00,0.00,0.00,0.00,0.00,0.00,0.00,0.00,8.30,0.00,0.00,0.00,0.70,0.70,0.00,0.00,0.00,0.00,0.00,0.00,0.00,0.00,0.00,0.00,2.30,0.00,0.00,0.00,0.00,0.00,0.00,0.00,0.00,0.00,0.00,0.00,0.00,0.00,0.00,0.30,0.00,1.30,0.00,4.30,0.00,0.00,0.00,1.70,1.30,0.00,20.90,89.28,0.00,10.72,7.30,-0.72,0.190,,,,,
363,L05-11,4891.25,Rotliegend,47.00,17.70,0.00,0.00,0.00,0.70,0.00,1.30,0.00,0.00,0.00,2.30,0.00,0.00,0.00,0.00,0.00,0.00,0.00,0.00,1.70,0.00,0.00,0.00,0.00,0.00,0.00,0.00,0.00,0.00,0.00,0.00,0.00,0.00,0.00,0.00,0.00,0.00,0.00,0.00,0.00,0.00,0.00,0.00,0.00,0.00,0.70,0.00,0.00,0.00,0.00,0.00,0.00,0.00,0.00,0.00,0.00,1.70,0.00,4.30,0.00,0.00,0.00,0.00,0.00,0.00,0.00,0.00,9.00,0.00,0.00,0.00,0.00,1.00,0.00,0.00,0.00,1.00,0.00,0.00,0.00,0.00,0.00,0.00,0.70,0.00,0.00,0.00,0.00,0.00,0.00,0.00,0.00,0.00,0.00,0.00,0.00,0.00,0.00,1.70,0.00,3.00,0.00,4.30,0.00,0.00,0.00,1.00,1.00,0.00,22.00,91.51,0.99,7.50,9.00,-0.17,0.680,,,,,
364,L05-11,4892.75,Rotliegend,42.00,18.70,0.00,0.00,0.00,0.30,0.00,2.00,0.30,0.00,0.00,4.70,0.00,0.00,0.00,0.00,0.00,0.00,0.00,0.00,3.30,0.00,0.00,0.00,0.00,0.00,0.00,0.00,0.00,0.00,0.00,0.00,0.00,0.00,0.00,0.00,0.00,0.00,0.00,0.00,0.00,0.00,0.00,0.00,0.00,0.00,7.70,0.00,0.00,0.00,0.00,0.00,0.00,0.00,0.00,0.00,0.00,1.70,0.00,1.70,0.00,0.30,0.00,0.00,0.00,0.00,0.00,0.00,3.70,0.00,0.00,0.00,1.70,1.00,0.00,0.00,0.00,2.70,0.00,0.00,0.00,0.00,0.00,0.00,2.30,0.00,0.00,0.00,0.00,0.00,0.00,0.00,0.00,0.00,0.00,0.00,0.00,0.00,0.00,1.00,0.00,0.70,0.00,2.70,0.00,0.00,0.00,0.70,1.00,0.00,17.80,85.13,0.42,14.45,9.10,-0.64,0.230,,,,,
365,L05-15,2821.25,Jurassic,58.30,6.70,0.00,0.00,0.00,0.00,0.10,0.00,1.30,0.00,0.00,0.00,0.00,0.00,0.00,0.00,0.00,0.00,0.00,0.00,0.00,0.00,0.00,0.10,0.00,0.00,0.00,0.10,0.00,0.10,0.00,0.00,2.70,0.00,0.00,0.00,0.00,0.00,0.00,0.00,0.00,0.00,0.00,0.00,0.00,0.00,6.30,12.00,0.00,0.00,0.00,0.00,0.00,0.00,0.00,0.00,0.00,0.00,0.00,0.70,0.00,0.00,0.00,0.00,0.00,0.00,0.00,0.00,0.10,0.00,0.00,0.00,0.00,0.00,0.00,0.00,0.10,0.00,9.00,0.00,0.00,0.00,0.00,0.00,0.00,0.00,0.00,0.00,0.00,0.00,0.00,0.00,0.30,0.00,0.00,0.00,0.00,0.00,0.30,0.00,0.00,0.10,0.70,0.10,0.00,0.00,1.70,0.00,0.00,0.00,11.70,97.89,0.15,1.96,,,1.000,,,,,
366,L05-15,2822.20,Jurassic,50.30,6.70,0.00,0.00,0.00,0.10,0.70,0.00,1.00,0.00,0.00,0.00,0.00,0.00,0.00,0.00,0.00,0.30,0.00,0.00,0.00,0.00,0.00,0.10,0.00,0.00,0.00,0.30,0.00,0.10,0.00,0.00,3.30,0.00,0.00,0.00,0.00,0.00,0.00,0.00,0.00,0.00,0.00,0.00,0.00,0.00,7.70,14.30,0.00,0.00,0.00,0.00,0.00,0.00,0.00,0.00,0.00,0.00,0.00,0.00,0.00,0.00,0.00,0.00,0.00,0.00,0.00,0.00,0.10,0.00,0.00,0.00,0.00,0.00,0.00,0.00,0.00,0.00,11.30,0.00,0.00,0.00,0.00,0.00,0.00,0.00,0.00,0.00,0.00,0.00,0.00,0.00,0.10,0.00,0.00,0.00,0.00,0.00,0.70,0.00,0.00,0.30,0.30,0.30,0.00,0.00,2.30,0.00,0.00,0.00,14.00,96.45,1.86,1.69,1.96,1.23,16.810,,,,,
367,L05-15,2823.23,Jurassic,36.70,10.70,0.00,0.00,0.00,1.00,0.30,0.00,0.00,0.00,0.00,0.00,0.00,0.00,0.00,0.00,0.00,0.00,0.00,0.00,0.30,0.00,0.00,0.10,0.00,0.00,0.00,0.10,0.00,0.30,0.00,0.00,2.00,0.00,0.00,0.00,0.00,0.00,0.00,0.00,0.00,0.00,0.00,0.00,0.00,0.00,22.00,21.00,0.00,0.00,0.00,0.00,0.00,0.00,0.00,0.00,0.00,0.00,0.00,0.10,0.00,0.00,0.00,0.00,0.00,0.00,0.00,0.00,0.00,0.00,0.00,0.00,0.00,0.00,0.00,0.00,0.10,0.00,4.70,0.00,0.00,0.00,0.00,0.00,0.30,0.00,0.00,0.00,0.00,0.00,0.00,0.00,0.10,0.00,0.00,0.00,0.00,0.00,0.30,0.00,0.00,0.30,0.00,0.00,0.00,0.00,0.10,0.00,0.00,0.00,5.30,96.73,2.65,0.61,,1.06,11.400,,,,,
368,L05-15,2824.73,Jurassic,55.00,15.00,0.00,0.00,0.00,0.00,0.30,0.00,0.70,0.00,0.00,0.00,0.00,0.00,0.00,0.00,0.00,0.00,0.00,0.00,0.30,0.00,0.00,0.30,0.00,0.00,0.00,0.10,0.00,0.10,0.00,0.00,7.70,0.00,0.00,0.00,0.00,0.00,0.00,0.00,0.00,0.00,0.00,0.00,0.00,0.00,4.00,4.00,0.00,0.00,0.00,0.00,0.00,0.00,0.00,0.00,0.00,0.00,0.00,1.00,0.00,0.00,0.00,0.00,0.00,0.00,0.00,0.00,0.10,0.00,0.00,0.00,0.00,0.00,0.00,0.00,0.10,0.00,8.00,0.00,0.00,0.00,0.00,0.00,0.00,0.00,0.00,0.00,0.00,0.00,0.00,0.00,0.30,0.00,0.00,0.00,0.00,0.00,1.70,0.00,0.00,0.10,0.10,0.10,0.00,0.00,1.70,0.00,0.00,0.00,11.00,98.18,0.42,1.40,12.15,1.28,19.140,,,,,
369,L05-15,2827.25,Jurassic,43.00,22.30,0.00,0.00,0.00,0.00,0.00,0.00,11.30,0.00,0.00,0.00,0.00,0.00,0.00,0.00,0.00,0.00,0.00,0.00,0.00,0.00,0.00,0.00,0.00,0.00,0.00,0.00,0.00,0.00,0.00,0.00,3.30,0.00,0.00,0.00,0.00,0.00,0.00,0.00,0.00,0.00,0.00,0.00,0.00,0.00,0.10,6.30,0.00,0.00,0.00,0.00,0.00,0.00,0.00,0.00,0.00,0.00,0.00,1.00,0.00,0.00,0.00,0.00,0.00,0.00,0.00,0.00,0.10,0.00,0.00,0.00,0.00,0.00,0.00,0.00,0.00,0.00,9.70,0.00,0.00,0.00,0.00,0.00,0.30,0.00,0.00,0.00,0.00,0.00,0.00,0.00,0.30,0.00,0.00,0.00,0.00,0.00,0.00,0.00,0.00,0.30,0.70,0.10,0.00,0.00,1.30,0.00,0.00,0.00,12.50,85.25,0.00,14.75,,1.13,13.380,,,,,
370,L05-15,2842.63,Jurassic,68.00,19.70,0.00,0.00,0.00,0.70,0.70,0.00,2.70,0.00,0.00,0.00,0.00,0.00,0.00,0.00,0.00,0.00,0.00,0.00,0.00,0.00,0.00,0.10,0.00,0.00,0.00,0.10,0.00,0.30,0.00,0.00,2.00,0.00,0.00,0.00,0.00,0.00,0.00,0.00,0.00,0.00,0.00,0.00,0.00,0.00,0.70,1.30,0.00,0.00,0.00,0.00,0.00,0.00,0.00,0.00,0.00,0.00,0.00,0.30,0.00,0.00,0.00,0.00,0.00,0.00,0.00,0.00,0.10,0.00,0.00,0.00,0.00,0.00,0.00,0.00,0.00,0.00,0.30,0.00,0.00,0.00,0.00,0.00,0.00,0.00,0.00,0.00,0.00,0.00,0.00,0.00,0.00,0.00,0.00,0.00,0.00,0.00,0.00,0.00,0.00,0.00,0.70,0.30,0.00,0.00,2.30,0.00,0.00,0.00,3.30,95.53,1.53,2.94,12.82,1.27,18.770,,,,,
371,L05-15,2842.87,Jurassic,58.70,7.30,0.00,0.00,0.00,2.30,0.10,0.00,0.70,0.00,0.00,0.00,0.00,0.00,0.00,0.00,0.00,0.00,0.00,0.00,0.00,0.00,0.00,0.10,0.00,0.00,0.00,0.30,0.00,0.30,0.00,0.00,1.00,0.00,0.00,0.00,0.00,0.00,0.00,0.00,0.00,0.00,0.00,0.00,0.00,0.00,6.30,8.30,0.00,0.00,0.00,0.00,0.00,0.00,0.00,0.00,0.00,0.00,0.00,0.00,0.00,0.00,0.00,0.00,0.00,0.00,0.00,0.00,0.00,0.00,0.00,0.00,0.00,0.00,0.00,0.00,0.10,0.00,11.70,0.00,0.00,0.00,0.00,0.00,0.00,0.00,0.00,0.00,0.00,0.00,0.00,0.00,0.60,0.00,0.00,0.00,0.00,0.00,0.10,0.00,0.00,0.30,1.00,0.70,0.00,0.00,0.30,0.00,0.00,0.00,12.80,95.51,3.47,1.01,0.42,1.26,18.000,,,,,
372,L05-09,4677.50,Rotliegend,51.67,12.00,0.33,0.00,0.00,0.00,0.00,0.00,0.00,0.00,0.00,0.00,0.00,0.00,1.33,0.00,0.00,0.00,0.00,0.00,0.00,0.00,0.00,0.00,0.00,0.00,0.00,0.33,0.00,0.00,0.00,0.00,0.00,0.00,0.00,0.00,0.00,0.00,0.00,0.00,0.00,1.67,0.00,0.00,0.00,0.00,3.67,0.00,0.00,0.00,0.00,0.00,0.00,0.00,0.00,0.00,0.00,5.33,0.00,7.67,0.00,1.33,0.00,0.00,0.00,0.00,0.00,0.00,3.33,0.00,0.00,0.00,0.00,0.00,0.00,0.00,0.00,0.00,0.00,0.00,0.00,0.00,0.00,0.00,11.33,0.00,0.00,0.00,0.00,0.00,0.00,0.00,0.00,0.00,0.00,0.00,0.00,0.00,0.00,0.00,0.00,0.00,0.00,0.00,0.00,0.00,0.00,0.00,0.00,0.00,29.00,95.03,0.00,4.97,2.20,,1.000,,,,,
373,L05-09,4688.50,Rotliegend,51.00,16.33,0.00,0.00,0.00,0.00,0.00,0.00,0.00,0.00,0.00,0.00,0.00,0.00,1.33,0.00,0.00,0.00,0.00,0.33,0.00,0.00,0.00,0.00,0.00,0.00,0.00,0.33,0.00,0.00,0.00,0.00,0.00,0.00,0.00,0.00,0.00,0.00,0.00,0.00,0.00,1.00,0.00,0.00,0.00,0.00,0.00,0.00,0.00,0.00,0.00,0.00,0.00,0.00,0.33,0.00,0.00,1.67,0.00,3.00,0.00,7.33,0.00,0.00,0.00,0.00,0.00,0.00,1.33,0.00,0.00,0.00,0.00,0.00,0.00,0.00,0.00,0.00,0.00,0.00,0.33,0.00,0.00,0.00,7.00,0.00,0.00,0.00,0.00,0.00,0.00,0.00,0.00,0.00,0.00,0.00,0.00,0.00,0.00,0.00,0.00,0.00,0.00,7.00,0.00,0.00,0.00,0.33,1.33,0.00,27.67,96.19,0.00,3.81,11.10,0.54,3.481,,,,,
374,L05-09,4691.00,Rotliegend,47.67,15.00,0.00,0.00,0.00,0.00,0.00,0.00,0.00,0.00,0.00,0.00,0.00,0.00,1.33,0.00,0.00,0.00,0.00,0.00,0.00,0.00,0.00,0.00,0.00,0.00,0.00,0.00,0.00,0.00,0.00,0.00,0.00,0.00,0.00,0.00,0.00,0.00,0.00,0.00,0.00,2.00,0.00,0.00,0.00,0.00,0.00,0.00,0.00,0.00,0.00,0.00,0.00,0.00,0.33,0.00,0.00,2.00,0.00,3.33,0.00,2.33,0.00,0.00,0.00,0.00,0.33,0.00,1.00,0.00,0.00,0.00,0.00,0.00,0.00,0.00,0.00,0.00,0.00,0.00,1.00,0.00,0.00,0.00,6.33,0.00,0.00,0.00,0.00,0.00,0.00,0.00,0.00,0.00,0.00,0.00,0.00,0.00,0.00,0.00,0.00,0.67,0.00,14.00,0.00,0.00,2.00,0.33,0.33,0.00,32.33,94.95,0.00,5.05,17.40,1.94,86.307,,,,,
375,L05-09,4701.25,Rotliegend,43.33,19.00,0.00,0.00,0.00,0.00,0.00,0.00,0.00,0.00,0.00,0.00,0.00,0.00,2.00,0.00,0.00,0.00,0.00,0.33,0.00,0.00,0.00,0.00,0.00,0.00,0.00,0.33,0.00,0.00,0.00,0.00,0.00,0.00,0.00,0.00,0.00,0.00,0.00,0.00,0.00,3.67,0.00,0.00,0.00,0.00,0.00,0.00,0.00,0.00,0.00,0.00,0.00,0.00,3.00,0.00,0.00,2.33,0.00,4.00,0.00,3.33,0.00,0.00,0.00,0.00,0.00,0.00,2.00,0.00,0.00,0.00,0.00,0.00,0.00,0.00,0.00,0.00,0.00,0.00,0.33,0.00,0.00,0.00,13.00,0.00,0.00,0.00,0.00,0.00,0.00,0.00,0.00,0.00,0.00,0.00,0.00,0.00,0.00,0.00,0.00,0.00,0.00,2.33,0.00,0.00,0.00,1.00,0.00,0.00,27.33,91.22,0.00,8.78,8.40,-0.51,0.307,,,,,
376,L05-09,4704.25,Rotliegend,40.67,18.33,0.00,0.00,0.00,0.33,0.00,0.00,0.00,0.00,0.00,0.00,0.00,0.00,0.67,0.00,0.00,0.00,0.00,0.00,0.00,0.00,0.00,0.00,0.00,0.00,0.00,0.00,0.00,0.00,0.00,0.00,0.00,0.00,0.00,0.00,0.00,0.00,0.00,0.00,0.00,1.67,0.00,0.00,0.00,0.00,0.00,0.00,0.00,0.00,0.00,0.00,0.00,0.00,0.00,0.00,0.00,0.33,0.00,1.33,0.00,1.33,0.00,0.00,0.00,0.00,1.67,0.00,9.67,0.00,0.00,0.00,0.00,0.00,0.00,0.00,0.00,0.00,0.00,0.00,0.33,0.00,0.00,0.00,11.33,0.00,0.00,0.00,0.00,0.00,0.00,0.00,0.00,0.00,0.00,0.00,0.00,0.00,0.00,0.00,0.00,1.00,0.00,9.33,0.00,0.00,1.00,1.00,0.00,0.00,36.33,95.68,0.54,3.78,12.90,1.41,25.855,,,,,
377,L05-09,4705.00,Rotliegend,39.00,16.67,0.00,0.00,0.00,0.00,0.00,0.00,0.00,0.00,0.00,0.00,0.00,0.00,0.00,0.00,0.00,0.00,0.00,0.00,0.00,0.00,0.00,0.00,0.00,0.00,0.00,0.00,0.00,0.00,0.00,0.00,0.00,0.00,0.00,0.00,0.00,0.00,0.00,0.00,0.00,2.00,0.00,0.00,0.00,0.00,0.00,0.00,0.00,0.00,0.00,0.00,0.00,0.00,0.00,0.00,0.00,34.33,0.00,1.00,0.00,1.00,0.00,0.00,0.00,0.00,0.00,0.00,0.67,0.00,0.00,0.00,0.00,0.00,0.00,0.00,0.00,0.00,0.00,0.00,0.00,0.00,0.00,0.00,4.33,0.00,0.00,0.00,0.00,0.00,0.00,0.00,0.00,0.00,0.00,0.00,0.00,0.00,0.00,0.00,0.00,0.00,0.00,0.33,0.00,0.00,0.66,0.00,0.00,0.00,42.33,96.53,0.00,3.47,3.60,-0.34,0.459,,,,,
378,L05-09,4706.75,Rotliegend,48.00,16.33,0.67,0.00,0.00,0.00,0.00,0.00,1.33,0.00,0.00,0.00,0.00,2.00,1.33,0.00,0.00,0.00,0.00,0.00,0.00,0.00,0.00,0.00,0.67,0.00,0.00,0.00,0.00,0.00,0.00,0.00,0.00,0.00,0.00,0.00,0.00,0.00,0.00,0.00,0.00,0.67,0.00,0.00,0.00,0.00,0.00,0.00,0.00,0.00,0.00,0.00,0.00,0.00,0.00,0.00,0.00,3.67,0.00,1.67,0.00,0.00,0.00,0.00,0.00,0.00,0.00,0.00,1.00,0.00,0.00,0.00,0.67,0.00,0.00,0.00,0.00,0.00,0.00,0.00,1.67,0.00,0.00,0.00,18.67,0.00,0.00,0.00,0.00,0.00,0.00,0.00,0.00,0.00,0.00,0.00,0.00,0.00,0.00,0.00,0.00,1.33,0.00,0.33,0.00,0.00,0.00,0.00,0.00,0.00,27.67,91.47,0.00,8.53,2.70,-0.73,0.186,,,,,
379,L05-09,4717.75,Rotliegend,37.00,14.33,0.33,0.00,0.00,0.00,0.00,0.00,2.00,0.00,0.00,0.00,0.00,7.67,1.67,0.00,0.00,0.00,0.00,0.00,0.00,0.00,0.00,0.00,4.33,0.00,0.00,0.33,0.00,0.00,0.00,0.00,0.00,0.00,0.00,0.00,0.00,0.00,0.00,0.00,0.00,2.33,0.00,0.00,0.00,0.00,0.00,0.00,0.00,0.00,0.00,0.00,0.00,0.00,0.67,0.00,0.00,11.67,0.00,1.67,0.00,0.00,0.00,0.00,0.00,0.00,0.00,0.00,0.00,0.00,0.00,0.00,0.33,0.00,0.00,0.00,0.00,0.00,0.00,0.00,0.33,0.00,0.00,0.00,12.33,0.00,0.00,0.00,0.00,0.00,0.00,0.00,0.00,0.00,0.00,0.00,0.00,0.00,0.00,0.00,0.00,2.33,0.00,0.67,0.00,0.00,0.00,0.00,0.00,0.00,27.00,78.57,0.00,21.43,3.90,-2.23,0.006,,,,,
380,L05-09,4727.50,Rotliegend,34.33,18.00,0.00,0.00,0.00,0.00,0.00,0.00,0.33,0.00,0.00,0.00,0.00,3.33,1.33,0.00,0.00,0.00,0.00,0.00,0.00,0.00,0.00,0.00,1.67,0.00,0.00,0.33,0.00,0.00,0.00,0.00,0.00,0.00,0.00,0.00,0.00,0.00,0.00,0.00,0.00,2.67,0.00,0.00,0.00,1.67,0.00,0.00,0.00,0.00,0.00,0.00,0.00,0.00,0.00,0.00,0.00,2.00,0.00,0.00,0.00,0.00,0.00,0.00,0.00,0.00,0.00,0.00,4.00,0.00,0.00,0.00,0.33,0.00,0.00,0.00,0.00,0.00,0.00,0.00,1.33,0.00,0.00,0.00,24.67,0.00,0.00,0.00,0.00,0.00,0.00,0.00,0.00,0.00,0.00,0.00,0.00,0.00,0.00,0.00,0.00,1.33,0.00,2.67,0.00,0.00,0.00,0.00,0.00,0.00,35.00,87.22,0.00,12.78,7.90,-0.44,0.366,,,,,
381,L05-09,4735.75,Rotliegend,27.00,14.67,0.33,0.00,0.00,0.00,0.00,0.00,0.00,0.00,0.67,0.00,0.00,1.67,0.00,0.00,0.00,0.00,0.00,0.00,0.00,0.00,0.00,0.00,0.00,0.00,0.00,0.33,0.00,0.00,0.00,0.00,0.00,0.00,0.00,0.00,0.00,0.00,0.00,0.00,0.00,1.67,0.00,0.00,0.00,19.67,0.00,0.00,0.00,0.00,0.00,0.00,0.00,0.00,0.00,0.00,0.00,0.00,0.00,1.33,0.00,0.00,0.00,0.00,0.00,0.00,0.00,0.00,5.67,0.00,0.00,0.00,0.67,0.00,0.00,0.00,0.00,0.00,0.00,0.00,0.10,0.00,0.00,0.00,22.67,0.00,0.00,0.00,0.00,0.00,0.00,0.00,0.00,0.00,0.00,0.00,0.00,0.00,0.00,0.00,0.00,1.67,0.00,2.00,0.00,0.00,0.00,0.00,0.00,0.00,32.43,90.58,0.00,9.42,10.70,0.30,1.980,,,,,
382,L05-09,4743.50,Rotliegend,39.33,18.67,0.00,0.00,0.00,0.00,0.00,0.00,0.00,0.00,0.00,0.00,0.00,4.33,2.33,0.00,0.00,0.00,0.00,0.00,0.00,0.00,0.00,0.00,1.00,0.00,0.00,0.00,0.00,0.00,0.00,0.00,0.00,0.00,0.00,0.00,0.00,0.00,0.00,0.00,0.00,2.00,0.00,0.00,0.00,1.67,0.00,0.00,0.00,0.00,0.00,0.00,0.00,0.00,0.00,0.00,0.00,1.67,0.00,1.33,0.00,0.67,0.00,0.00,0.00,0.00,0.00,0.00,3.00,0.00,0.00,0.00,0.67,0.00,0.00,0.00,0.00,0.00,0.00,0.00,0.10,0.00,0.00,0.00,22.33,0.00,0.00,0.00,0.00,0.00,0.00,0.00,0.00,0.00,0.00,0.00,0.00,0.00,0.00,0.00,0.00,0.33,0.00,0.67,0.00,0.00,0.00,0.00,0.00,0.00,30.43,87.00,0.00,13.00,7.60,-0.91,0.122,,,,,
383,L05-09,4747.70,Rotliegend,48.00,11.67,0.00,0.00,0.00,0.00,0.00,0.00,0.33,0.00,0.00,0.00,0.00,5.00,1.33,0.00,0.00,0.00,0.00,0.00,0.00,0.00,0.00,0.00,1.33,0.33,0.00,0.00,0.00,0.00,0.00,0.00,0.00,0.00,0.00,0.00,0.00,0.00,0.00,0.00,0.00,2.33,0.00,0.00,0.00,0.00,0.00,0.00,0.00,0.00,0.00,0.00,0.00,0.00,0.00,0.00,0.00,0.67,0.00,0.33,0.00,0.00,0.00,0.00,0.00,0.00,0.00,0.00,2.33,0.00,0.00,0.00,3.00,0.00,0.00,0.00,0.00,0.00,0.00,0.00,0.10,0.00,0.00,0.00,21.33,0.00,0.00,0.00,0.00,0.00,0.00,0.00,0.00,0.00,0.00,0.00,0.00,0.00,0.00,0.00,0.00,0.67,0.00,1.33,0.00,0.00,0.00,0.00,0.00,0.00,29.10,86.89,0.00,13.11,1.60,-1.23,0.059,,,,,
384,L05-09,4753.75,Rotliegend,39.33,16.00,0.33,0.00,0.00,0.00,0.00,0.00,0.33,0.00,0.00,0.00,0.00,2.00,0.33,0.00,0.00,0.00,0.00,0.00,0.00,0.00,0.00,0.00,0.33,0.00,0.00,0.00,0.00,0.00,0.00,0.00,0.00,0.00,0.00,0.00,0.00,0.00,0.00,0.00,0.00,1.33,0.00,0.00,0.00,1.33,0.00,0.00,0.00,0.00,0.00,0.00,0.00,0.00,0.00,0.00,0.00,0.33,0.00,0.00,0.00,0.32,0.00,0.00,0.00,0.00,4.67,0.00,8.67,0.00,0.00,0.00,4.00,0.00,0.00,0.00,0.00,0.00,0.00,0.00,0.10,0.00,0.00,0.00,18.67,0.00,0.00,0.00,0.00,0.00,0.00,0.00,0.00,0.00,0.00,0.00,0.00,0.00,0.00,0.00,0.00,1.00,0.00,1.00,0.00,0.00,0.00,0.00,0.00,0.00,37.76,92.74,0.00,7.26,9.80,0.22,1.643,,,,,
385,L05-09,4760.75,Rotliegend,29.33,11.33,0.00,0.00,0.00,0.00,0.00,0.00,0.33,0.00,0.00,0.00,0.00,6.67,1.33,0.00,0.00,0.00,0.00,0.00,0.00,0.00,0.00,0.00,4.67,0.00,0.00,0.00,0.00,0.00,0.00,0.00,0.00,0.00,0.00,0.00,0.00,0.00,0.00,0.00,0.00,1.33,0.00,0.00,0.00,0.00,0.00,0.00,0.00,0.00,0.00,0.00,0.00,0.00,0.00,0.00,0.00,2.67,0.00,0.67,0.00,0.67,0.00,0.00,0.00,0.00,0.00,0.00,0.67,0.00,0.00,0.00,26.00,0.00,0.00,0.00,0.00,0.00,0.00,0.00,0.10,0.00,0.00,0.00,13.67,0.00,0.00,0.00,0.00,0.00,0.00,0.00,0.00,0.00,0.00,0.00,0.00,0.00,0.00,0.00,0.00,0.67,0.00,0.00,0.00,0.00,0.00,0.00,0.00,0.00,44.43,80.80,0.00,19.20,4.80,-1.32,0.047,,,,,
386,L05-09,4764.25,Rotliegend,14.00,0.67,0.00,0.00,0.00,0.00,0.00,0.00,0.00,0.00,0.00,0.00,0.00,0.00,0.00,0.00,0.00,0.00,0.00,0.00,0.00,0.00,0.00,0.00,10.67,0.00,0.00,0.00,0.00,0.00,0.00,0.00,0.00,0.00,0.00,0.00,0.00,0.00,0.00,0.00,0.00,0.33,0.00,0.00,0.00,0.00,54.00,0.00,0.00,0.00,0.00,0.00,0.00,0.00,0.00,0.00,0.00,0.00,0.00,0.00,0.00,0.00,0.00,0.00,0.00,0.00,0.00,0.00,0.00,0.00,0.00,0.00,20.33,0.00,0.00,0.00,0.00,0.00,0.00,0.00,0.10,0.00,0.00,0.00,0.00,0.00,0.00,0.00,0.00,0.00,0.00,0.00,0.00,0.00,0.00,0.00,0.00,0.00,0.00,0.00,0.00,0.00,0.00,0.00,0.00,0.00,0.00,0.00,0.00,0.00,20.43,97.78,0.00,2.22,1.00,-1.68,0.021,,,,,
387,L05-09,4769.73,Rotliegend,44.00,12.67,0.67,0.00,0.00,0.00,0.00,0.00,1.00,0.00,0.00,0.00,0.00,5.00,1.67,0.00,0.00,0.00,0.00,0.00,0.00,0.00,0.00,0.00,1.00,0.00,0.00,0.00,0.00,0.00,0.00,0.00,0.00,0.00,0.00,0.00,0.00,0.00,0.00,0.00,0.00,4.67,0.00,0.00,0.00,0.00,2.00,0.00,0.00,0.00,0.00,0.00,0.00,0.00,1.33,0.00,0.00,1.33,0.00,1.00,0.00,0.33,0.00,0.00,0.00,0.00,0.33,0.00,4.67,0.00,0.00,0.00,1.70,0.00,0.00,0.00,0.00,0.00,0.00,0.00,0.10,0.00,0.00,0.00,15.00,0.00,0.00,0.00,0.00,0.00,0.00,0.00,0.00,0.00,0.00,0.00,0.00,0.00,0.00,0.00,0.00,1.67,0.00,0.00,0.00,0.00,0.00,0.00,0.00,0.00,24.47,81.34,0.00,18.66,5.10,-1.62,0.024,,,,,
388,L05-09,4772.25,Rotliegend,35.33,16.33,0.33,0.00,0.00,0.00,0.00,0.00,4.00,0.00,0.00,0.00,0.00,5.33,3.00,0.00,0.00,0.00,0.00,0.00,0.00,0.00,0.00,0.00,6.33,0.00,0.00,0.00,0.00,0.00,0.00,0.00,0.00,0.00,0.00,0.00,0.00,0.00,0.00,0.00,0.00,2.33,0.00,0.00,0.00,3.33,8.33,0.00,0.00,0.00,0.00,0.00,0.00,0.00,0.00,0.00,0.00,0.33,0.00,0.33,0.00,0.00,0.00,0.00,0.00,0.00,0.00,0.00,1.33,0.00,0.00,0.00,0.00,0.00,0.00,0.00,0.00,0.00,0.00,0.00,0.10,0.00,0.00,0.00,8.33,0.00,0.00,0.00,0.00,0.00,0.00,0.00,0.00,0.00,0.00,0.00,0.00,0.00,0.00,0.00,0.00,5.00,0.00,0.00,0.00,0.00,0.00,0.00,0.00,0.00,10.43,77.50,0.00,22.50,2.70,-1.73,0.019,,,,,
389,L05-09,4751.90,Rotliegend,43.33,15.33,0.00,0.00,0.00,0.00,0.00,0.00,0.00,0.00,0.00,0.00,0.00,1.00,2.00,0.00,0.00,0.00,0.00,0.00,0.00,0.00,0.00,0.00,0.00,0.00,0.00,0.00,0.00,0.00,0.00,0.00,0.00,0.00,0.00,0.00,0.00,0.00,0.00,0.00,0.00,2.33,0.00,0.00,0.00,0.00,0.00,0.00,0.00,0.00,0.00,0.00,0.00,0.00,0.00,0.00,0.00,1.67,0.00,2.67,0.00,3.33,0.00,0.00,0.00,0.00,0.00,0.00,10.67,0.00,0.00,0.00,0.33,0.00,0.00,0.00,0.00,0.00,0.00,0.00,0.10,0.00,0.00,0.00,15.33,0.00,0.00,0.00,0.00,0.00,0.00,0.00,0.00,0.00,0.00,0.00,0.00,0.00,0.00,0.00,0.00,0.33,0.00,1.33,0.00,0.00,0.33,0.00,0.00,0.00,35.77,91.67,0.00,8.33,10.40,-0.07,0.849,,,,,
390,L05-09,4673.54,Rotliegend,49.00,12.33,0.67,0.00,0.00,0.00,0.00,0.00,0.00,0.00,0.00,0.00,0.00,0.00,0.67,0.00,0.00,0.00,0.00,0.00,0.00,0.00,0.00,0.00,0.00,0.00,0.00,0.00,0.00,0.00,0.00,0.00,0.00,0.00,0.00,0.00,0.00,0.00,0.00,0.00,0.00,3.00,0.00,0.00,0.00,0.00,0.00,0.00,0.00,0.00,0.00,0.00,0.00,0.00,0.67,0.00,0.00,0.00,0.00,6.67,0.00,3.00,0.00,0.00,0.00,0.00,0.00,0.00,2.00,0.00,0.00,0.00,0.00,0.00,0.00,0.00,0.00,0.00,0.00,0.00,1.33,0.00,0.00,0.00,10.33,0.00,0.00,0.00,0.00,0.00,0.00,0.00,0.00,0.00,0.00,0.00,0.00,0.00,0.00,0.00,0.00,0.00,0.00,6.67,0.00,0.00,2.33,0.33,1.00,0.00,32.33,93.40,0.00,6.60,15.30,1.78,60.431,,,,,
391,L05-09,4693.20,Rotliegend,40.33,17.00,0.33,0.00,0.00,0.00,0.00,0.00,0.00,0.00,0.00,0.00,0.00,0.00,1.00,0.00,0.00,0.00,0.00,0.00,0.00,0.00,0.00,0.00,0.00,0.00,0.00,0.00,0.00,0.00,0.00,0.00,0.00,0.00,0.00,0.00,0.00,0.00,0.00,0.00,0.00,2.67,0.00,0.00,0.00,0.00,0.00,0.00,0.00,0.00,0.00,0.00,0.00,0.00,0.00,0.00,0.00,2.00,0.00,3.33,0.00,2.33,0.00,0.00,0.00,0.00,0.00,0.00,0.67,0.00,0.00,0.00,0.00,0.00,0.00,0.00,0.00,0.00,0.00,0.00,0.00,0.00,0.00,0.00,14.00,0.00,0.00,0.00,0.00,0.00,0.00,0.00,0.00,0.00,0.00,0.00,0.00,0.00,0.00,0.00,0.00,0.33,0.00,13.00,0.00,0.00,2.67,0.00,0.33,0.00,38.00,93.48,0.00,6.52,18.40,2.32,211.307,,,,,
392,L06-06,5445.90,Rotliegend,44.33,29.33,0.00,0.00,0.00,0.00,0.00,0.00,0.00,0.00,0.00,3.66,0.00,0.00,0.00,0.00,0.00,0.00,0.00,0.00,0.00,0.00,0.00,0.00,0.00,0.00,0.00,0.00,0.00,0.00,0.00,0.00,0.00,0.00,0.00,0.00,0.00,0.00,0.00,0.00,0.00,0.66,0.00,0.00,0.00,0.00,0.33,0.00,0.00,0.00,0.00,0.00,0.00,0.00,0.00,0.00,0.00,5.33,0.00,2.00,0.00,2.00,0.00,0.00,0.00,0.00,0.00,0.00,1.66,0.00,0.00,0.00,0.00,0.00,0.33,0.00,0.66,0.00,3.00,0.00,0.00,0.00,0.00,0.00,3.33,0.00,0.00,0.00,0.00,0.00,0.00,0.00,0.00,0.00,0.00,0.00,0.00,0.00,1.66,0.00,0.00,1.00,0.00,0.66,0.00,0.00,0.00,0.00,0.00,0.00,18.97,94.46,0.00,5.54,6.38,-1.02,0.096,,,,,
393,L06-06,5421.30,Rotliegend,37.66,32.00,0.00,0.00,0.00,0.00,0.00,0.33,0.00,0.00,0.00,3.00,0.00,0.00,0.00,0.00,0.00,0.00,0.00,0.00,0.00,0.00,0.00,0.00,0.00,0.00,0.00,0.00,0.00,0.00,0.00,0.00,0.00,0.00,0.00,0.00,0.00,0.00,0.00,0.00,0.00,0.66,0.00,0.00,0.00,0.00,0.00,0.00,0.00,0.00,0.00,0.00,0.00,0.00,0.00,0.00,0.00,0.00,0.00,0.00,0.00,10.00,0.00,0.00,0.33,0.00,0.00,0.00,4.00,0.00,0.00,0.00,0.00,0.00,0.00,0.00,0.00,0.00,0.00,0.00,0.00,0.00,0.00,0.00,3.66,0.00,0.00,0.00,0.00,0.00,0.00,0.00,0.00,0.00,0.00,0.00,0.00,0.00,1.66,0.00,0.00,1.00,0.00,5.00,0.00,0.00,0.66,0.00,0.00,0.00,23.65,94.58,0.00,5.42,8.11,0.11,1.289,,,,,
394,L06-06,5423.90,Rotliegend,45.66,27.33,0.00,0.00,0.00,0.00,0.00,0.66,0.00,0.00,0.00,4.00,0.00,0.00,0.00,0.00,0.00,0.00,0.00,0.00,0.00,0.00,0.00,0.00,0.00,0.00,0.00,0.33,0.00,0.00,0.00,0.00,0.00,0.00,0.00,0.00,0.00,0.00,0.00,0.00,0.00,0.00,0.00,0.00,0.00,0.00,0.00,0.00,0.00,0.00,0.00,0.00,0.00,0.00,0.00,0.00,0.00,3.33,0.00,4.00,0.00,1.33,0.00,0.00,0.33,0.00,0.00,0.00,8.00,0.00,0.00,0.00,0.00,0.00,0.00,0.00,0.00,0.00,0.66,0.00,0.00,0.00,0.00,0.00,3.33,0.00,0.00,0.00,0.00,0.00,0.00,0.00,0.00,0.00,0.00,0.00,0.00,0.00,0.66,0.00,0.00,0.00,0.00,0.33,0.00,0.00,0.00,0.00,0.00,0.00,21.31,94.00,0.00,6.00,4.58,-2.03,0.009,,,,,
395,L06-06,5424.20,Rotliegend,41.33,25.00,0.00,0.00,0.00,0.00,0.00,1.33,0.00,0.00,0.00,3.33,0.00,0.00,0.00,0.00,0.00,0.00,0.00,0.00,0.00,0.00,0.00,0.00,0.00,0.00,0.00,0.00,0.00,0.00,0.00,0.00,0.00,0.00,0.00,0.00,0.00,0.00,0.00,0.00,0.00,0.66,0.00,0.00,0.00,0.00,0.00,0.00,0.00,0.00,0.00,0.00,0.00,0.00,0.00,0.00,0.00,6.33,0.00,4.33,0.00,2.66,0.00,0.00,0.00,0.00,0.00,0.00,4.33,0.00,0.00,0.00,0.00,0.00,0.00,0.00,0.00,0.00,0.66,0.00,0.00,0.00,0.00,0.00,6.66,0.00,0.00,0.00,0.00,0.00,0.00,0.00,0.00,0.00,0.00,0.00,0.00,0.00,2.00,0.33,0.00,0.33,0.00,0.66,0.00,0.00,0.00,0.00,0.00,0.00,25.63,92.58,0.00,7.42,4.49,-1.87,0.014,,,,,
396,L06-06,5424.70,Rotliegend,41.00,32.66,0.00,0.00,0.00,0.00,0.00,0.33,0.00,0.00,0.00,6.33,0.00,0.00,0.00,0.00,0.00,0.00,0.00,0.00,0.00,0.00,0.00,0.33,0.00,0.00,0.00,0.33,0.00,0.00,0.00,0.00,0.00,0.00,0.00,0.00,0.00,0.00,0.00,0.00,0.00,0.66,0.00,0.00,0.00,0.00,0.00,0.00,0.00,0.00,0.00,0.00,0.00,0.00,0.00,0.00,0.00,1.33,0.00,0.66,0.00,1.00,0.00,0.00,0.66,0.00,0.00,0.00,2.00,0.00,0.00,0.00,0.00,0.00,0.00,0.00,0.00,0.00,2.00,0.00,0.00,0.00,0.00,0.00,6.00,0.00,0.00,0.00,0.00,0.00,0.00,0.00,0.00,0.00,0.00,0.00,0.00,0.00,2.00,1.00,0.00,0.33,0.00,1.33,0.00,0.00,0.00,0.00,0.00,0.00,14.98,90.96,0.00,9.04,8.15,-0.87,0.136,,,,,
397,L06-06,5425.30,Rotliegend,37.33,27.33,0.00,0.00,0.00,0.00,0.00,1.00,0.00,0.00,0.00,5.00,0.00,0.00,0.00,0.00,0.00,0.00,0.00,0.00,0.00,0.00,0.00,0.00,0.00,0.00,0.00,0.00,0.00,0.00,0.00,0.00,0.00,0.00,0.00,0.00,0.00,0.00,0.00,0.00,0.00,0.00,0.00,0.00,0.00,1.00,3.66,0.00,0.00,0.00,0.00,0.00,0.00,0.00,0.00,0.00,0.00,7.00,0.00,5.33,0.00,2.33,0.00,0.00,0.00,0.00,0.00,0.00,0.66,0.00,0.00,0.00,0.00,0.00,0.00,0.00,0.00,0.00,2.00,0.00,0.00,0.00,0.00,0.00,3.00,0.00,0.00,0.00,0.00,0.00,0.00,0.00,0.00,0.00,0.00,0.00,0.00,0.00,2.66,0.33,0.00,0.33,0.00,1.00,0.00,0.00,0.00,0.00,0.00,0.00,21.32,91.51,0.00,8.49,5.72,-1.37,0.043,,,,,
398,L06-06,5419.30,Rotliegend,40.00,23.00,0.00,0.00,0.00,0.00,0.00,1.00,0.00,0.00,0.00,1.66,0.00,0.00,0.00,0.00,0.00,0.00,0.00,0.00,0.00,0.00,0.00,0.00,0.00,0.00,0.00,0.00,0.00,0.00,0.00,0.00,0.00,0.00,0.00,0.00,0.00,0.00,0.00,0.00,0.00,1.00,0.00,0.00,0.00,0.00,0.00,0.00,0.00,0.00,0.00,0.00,0.00,0.00,0.00,0.00,0.00,0.00,0.00,0.00,0.00,16.00,0.00,0.00,0.00,0.00,0.00,0.00,6.00,0.00,0.00,0.00,0.00,0.00,0.00,0.00,0.00,0.00,1.00,0.00,0.00,0.00,0.00,0.00,5.66,0.00,0.00,0.00,0.00,0.00,0.00,0.00,0.00,0.00,0.00,0.00,0.00,0.00,0.66,0.00,0.00,0.66,0.00,3.00,0.00,0.00,0.33,0.00,0.00,0.00,31.99,94.51,0.00,5.49,6.93,-0.70,0.198,,,,,
399,L06-06,5430.30,Rotliegend,40.33,35.66,0.00,0.00,0.00,0.00,0.00,1.00,0.00,0.00,0.00,3.00,0.00,0.00,0.00,0.00,0.00,0.00,0.00,0.00,0.00,0.00,0.00,0.33,0.00,0.00,0.00,0.33,0.00,0.00,0.00,0.00,0.00,0.00,0.00,0.00,0.00,0.00,0.00,0.00,0.00,0.66,0.00,0.00,0.00,0.00,0.33,0.00,0.00,0.00,0.00,0.00,0.00,0.00,0.00,0.00,0.00,1.33,0.00,2.33,0.00,1.33,0.00,0.00,0.00,0.00,0.00,0.00,1.00,0.00,0.00,0.00,0.00,0.00,0.33,0.00,0.00,0.00,2.00,0.00,0.00,0.00,0.00,0.00,3.33,0.00,0.00,0.00,0.00,0.00,0.00,0.00,0.00,0.00,0.00,0.00,0.00,0.00,2.66,0.00,0.00,1.66,0.00,2.00,0.00,0.00,0.33,0.00,0.00,0.00,13.98,94.22,0.00,5.78,8.39,-0.52,0.305,,,,,
400,L06-06,5431.80,Rotliegend,36.66,26.33,0.00,0.00,0.00,0.00,0.00,0.33,0.00,0.00,0.00,9.33,0.00,0.00,0.00,0.00,0.00,0.00,0.00,0.00,0.00,0.00,0.00,0.66,0.00,0.00,0.00,0.00,0.00,0.00,0.00,0.00,0.00,0.00,0.00,0.00,0.00,0.00,0.00,0.00,0.00,0.00,0.00,0.00,0.00,0.00,3.66,0.00,0.00,0.00,0.00,0.00,0.00,0.00,2.66,0.00,0.00,6.00,0.00,5.00,0.00,0.00,0.00,0.00,0.33,0.00,0.00,0.00,0.33,0.00,0.00,0.00,0.00,0.66,0.66,0.00,0.00,0.00,1.00,0.00,0.00,0.00,0.00,0.00,4.66,0.00,0.00,0.00,0.00,0.00,0.00,0.00,0.00,0.00,0.00,0.00,0.00,0.00,1.00,0.00,0.00,0.00,0.00,0.66,0.00,0.00,0.00,0.00,0.00,0.00,19.30,86.70,0.00,13.30,6.10,-0.67,0.215,,,,,
401,L06-06,5420.20,Rotliegend,34.00,28.66,0.00,0.00,0.00,0.00,0.00,1.66,0.00,0.00,0.00,3.00,0.00,0.00,0.00,0.00,0.00,0.00,0.00,0.00,0.00,0.00,0.00,0.00,0.00,0.00,0.00,0.00,0.00,0.00,0.00,0.00,0.00,0.00,0.00,0.00,0.00,0.00,0.00,0.00,0.00,1.00,0.00,0.00,0.00,0.00,0.00,0.00,0.00,0.00,0.00,0.00,0.00,0.00,0.00,0.00,0.00,0.00,0.00,0.00,0.00,8.00,0.00,0.00,3.66,0.00,0.00,0.00,5.00,0.00,0.00,0.00,0.00,0.00,0.00,0.00,0.00,0.00,0.00,0.00,0.00,0.00,0.00,0.00,5.66,0.00,0.00,0.00,0.00,0.00,0.00,0.00,0.00,0.00,0.00,0.00,0.00,0.00,1.00,0.00,0.00,1.33,0.00,5.33,0.00,0.00,1.66,0.00,0.00,0.00,29.31,91.72,0.00,8.28,7.59,0.03,1.081,,,,,
402,L06-06,5441.20,Rotliegend,41.66,27.66,0.00,0.00,0.00,0.00,0.00,0.00,0.00,0.00,0.00,5.66,0.00,0.00,0.00,0.00,0.00,0.00,0.00,0.00,0.00,0.00,0.00,0.33,0.00,0.00,0.00,0.00,0.00,0.00,0.00,0.00,0.00,0.00,0.00,0.00,0.00,0.00,0.00,0.00,0.00,0.00,0.00,0.00,0.00,0.00,0.33,0.00,0.00,0.00,0.00,0.00,0.00,0.00,0.00,0.00,0.00,2.33,0.00,2.00,0.00,1.33,0.00,0.00,0.00,0.00,0.00,0.00,7.00,0.00,0.00,0.00,0.00,0.00,0.00,0.00,0.33,0.00,0.33,0.00,0.00,0.00,0.00,0.00,5.33,0.00,0.00,0.00,0.00,0.00,0.00,0.00,0.00,0.00,0.00,0.00,0.00,0.00,1.33,0.33,0.00,1.00,0.00,3.00,0.00,0.00,0.00,0.00,0.00,0.00,21.65,92.45,0.00,7.55,8.63,-0.91,0.124,,,,,
403,L06-06,5420.60,Rotliegend,35.66,31.33,0.00,0.00,0.00,0.00,0.00,0.66,0.00,0.00,0.00,3.33,0.00,0.00,0.00,0.00,0.00,0.00,0.00,0.00,0.00,0.00,0.00,0.00,0.00,0.00,0.00,0.00,0.00,0.00,0.00,0.00,0.00,0.00,0.00,0.00,0.00,0.00,0.00,0.00,0.00,0.66,0.00,0.00,0.00,0.00,0.33,0.00,0.00,0.00,0.00,0.00,0.00,0.00,0.33,0.00,0.00,0.00,0.00,0.00,0.00,9.33,0.00,0.00,0.66,0.00,0.00,0.00,2.00,0.00,0.00,0.00,0.00,0.00,0.00,0.00,0.33,0.00,2.00,0.00,0.00,0.00,0.00,0.00,3.33,0.00,0.00,0.00,0.00,0.00,0.00,0.00,0.00,0.00,0.00,0.00,0.00,0.00,1.66,0.00,0.00,1.00,0.00,7.00,0.00,0.00,0.33,0.00,0.00,0.00,24.98,93.51,0.00,6.49,7.93,-0.06,0.868,,,,,
404,L06-06,5442.50,Rotliegend,47.66,26.66,0.00,0.00,0.00,0.00,0.00,0.00,0.00,0.00,0.00,4.66,0.00,0.00,0.00,0.00,0.00,0.00,0.00,0.00,0.00,0.00,0.00,1.00,0.00,0.00,0.00,0.33,0.00,0.00,0.00,0.00,0.00,0.00,0.00,0.00,0.00,0.00,0.00,0.00,0.00,0.00,0.00,0.00,0.00,0.00,0.33,0.00,0.00,0.00,0.00,0.00,0.00,0.00,0.00,0.00,0.00,2.66,0.00,1.00,0.00,2.33,0.00,0.00,0.00,0.00,0.00,0.00,1.00,0.00,0.00,0.00,0.00,0.66,0.00,0.00,0.00,0.00,1.33,0.00,0.00,0.00,0.00,0.00,4.66,0.00,0.00,0.00,0.00,0.00,0.00,0.00,0.00,0.00,0.00,0.00,0.00,0.00,1.00,0.00,0.00,1.66,0.00,3.00,0.00,0.00,0.00,0.00,0.00,0.00,16.64,94.10,0.00,5.90,7.24,-1.00,0.101,,,,,
405,L08-16-S1,4069.20,Rotliegend,58.00,8.00,0.70,0.00,0.00,0.10,0.70,0.00,0.00,0.00,0.30,0.00,0.00,2.00,0.70,0.00,0.00,0.00,0.00,0.00,0.00,0.00,0.00,0.10,0.00,0.00,0.00,0.10,0.00,0.00,0.00,0.00,0.00,0.00,0.00,0.00,0.00,0.00,0.00,0.00,0.00,0.00,0.00,0.00,0.00,0.00,0.00,0.00,0.00,0.00,0.00,0.00,0.00,0.00,0.00,0.00,0.00,5.80,0.00,0.20,0.00,0.00,0.00,0.00,0.00,0.00,0.00,0.00,2.30,0.00,0.00,0.00,1.70,0.00,1.00,0.00,0.70,0.00,8.70,0.00,2.00,0.00,0.00,0.00,3.70,0.00,0.00,0.00,0.00,0.00,0.00,0.00,0.00,0.00,0.00,0.00,0.00,0.00,2.30,1.00,0.00,0.00,0.00,0.30,0.00,0.00,0.00,0.00,0.00,0.00,26.40,93.62,1.13,5.25,8.50,-0.77,0.170,,,,,
406,L08-16-S1,3880.30,Rotliegend,40.30,4.00,0.00,0.00,0.00,0.00,2.00,0.00,0.00,0.00,3.30,0.00,0.00,2.30,2.00,0.00,0.00,0.00,0.00,0.00,5.30,0.00,0.00,0.00,0.00,0.00,0.00,0.00,0.00,0.00,0.00,0.00,0.00,0.00,0.00,0.00,0.00,0.00,0.00,0.00,0.00,0.00,0.00,0.00,0.00,0.00,0.00,0.00,0.00,0.00,0.00,0.00,0.00,0.00,0.00,0.00,0.00,10.40,0.00,7.00,0.00,0.00,0.00,0.00,0.00,0.00,0.00,0.00,0.10,0.00,0.00,0.00,0.00,0.00,0.00,0.00,0.00,0.00,4.00,0.00,0.70,0.00,0.00,0.00,4.30,0.00,0.00,0.00,0.00,0.00,0.00,0.00,0.00,0.00,0.00,0.00,0.00,0.00,0.00,0.00,0.00,0.00,0.00,12.70,0.00,0.00,1.70,0.00,0.00,0.00,40.90,74.83,3.38,21.79,14.60,1.15,14.100,,,,,
407,L08-16-S1,3880.80,Rotliegend,40.70,6.30,0.10,0.00,0.00,0.00,4.00,0.00,0.30,0.00,1.00,0.00,0.00,4.70,2.00,0.00,0.00,0.00,0.00,0.00,2.30,0.00,0.00,0.10,0.00,0.00,0.00,0.00,0.00,0.00,0.00,0.00,0.00,0.00,0.00,0.00,0.00,0.00,0.00,0.00,0.00,0.00,0.00,0.00,0.00,0.00,0.00,0.00,0.00,0.00,0.00,0.00,0.00,0.00,0.00,0.00,0.00,2.70,0.00,3.30,0.00,0.00,0.00,0.00,0.00,0.00,0.00,0.00,0.00,0.00,0.00,0.00,0.00,0.00,0.00,0.00,0.00,0.00,9.30,0.00,1.00,0.00,0.00,0.00,4.70,0.00,0.00,0.00,0.00,0.00,0.00,0.00,0.00,0.00,0.00,0.00,0.00,0.00,0.70,0.00,0.00,0.00,0.00,16.30,0.00,0.00,0.70,0.00,0.00,0.00,38.00,76.55,6.51,16.94,16.00,0.54,3.500,,,,,
408,L08-16-S1,4075.90,Rotliegend,57.30,14.00,0.30,0.00,0.00,0.10,0.00,0.00,0.30,0.00,0.00,0.00,0.00,1.00,1.30,0.00,0.00,0.00,0.00,0.00,0.00,0.00,0.00,0.30,0.00,0.00,0.00,0.10,0.00,0.00,0.00,0.00,0.00,0.00,0.00,0.00,0.00,0.00,0.00,0.00,0.00,0.00,0.00,0.00,0.00,0.00,0.30,0.00,0.00,0.00,0.00,0.00,0.00,0.00,0.00,0.00,0.00,1.70,0.00,0.00,0.00,0.00,0.00,0.00,0.00,0.00,0.00,0.00,2.30,0.00,0.00,0.00,0.30,0.00,0.00,0.00,1.30,0.00,5.30,0.00,0.70,0.00,0.00,0.00,8.30,0.00,0.00,0.00,0.00,0.00,0.00,0.00,0.00,0.00,0.00,0.00,0.00,0.00,1.70,0.00,0.00,0.30,0.00,3.00,0.00,0.00,0.30,0.00,0.00,0.00,23.20,95.96,0.13,3.90,10.00,-0.13,0.740,,,,,
409,L08-16-S1,4080.40,Rotliegend,57.00,10.00,0.00,0.00,0.00,0.10,0.00,0.00,0.10,0.00,0.30,0.00,0.00,1.00,0.30,0.00,0.00,0.00,0.70,0.00,0.00,0.00,0.00,0.10,0.00,0.00,0.00,0.00,0.00,0.00,0.00,0.00,0.00,0.00,0.00,0.00,0.00,0.00,0.00,0.00,0.00,0.00,0.00,0.00,0.00,0.00,0.30,0.00,0.00,0.00,0.00,0.00,0.00,0.00,0.00,0.00,0.00,3.30,0.00,0.30,0.00,0.00,0.00,0.00,0.00,0.00,0.00,0.00,1.00,0.00,0.00,0.00,0.70,0.00,0.30,0.00,0.70,0.00,6.00,0.00,0.00,0.00,0.00,0.00,6.00,0.00,0.00,0.00,0.00,0.00,0.00,0.00,0.00,0.00,0.00,0.00,0.00,0.00,2.30,0.00,0.00,0.00,0.00,9.30,0.00,0.00,0.30,0.00,0.00,0.00,27.90,96.40,1.15,2.45,11.00,0.37,2.360,,,,,
410,L08-16-S1,3881.50,Rotliegend,49.00,11.70,0.10,0.00,0.00,0.00,1.30,0.00,0.10,0.00,3.30,0.00,0.00,3.70,0.70,0.00,0.00,0.00,0.00,0.00,0.00,0.00,0.00,0.10,0.00,0.00,0.00,0.00,0.00,0.00,0.00,0.00,0.00,0.00,0.00,0.00,0.00,0.00,0.00,0.00,0.00,0.00,0.00,0.00,0.00,0.00,0.70,0.00,0.00,0.00,0.00,0.00,0.00,0.00,0.00,0.00,0.00,6.00,0.00,3.00,0.00,0.00,0.00,0.00,0.00,0.00,0.30,0.00,0.10,0.00,0.00,0.00,4.00,0.00,0.00,0.00,0.00,0.00,6.00,0.00,0.70,0.00,0.00,0.00,5.30,0.00,0.00,0.00,0.00,0.00,0.00,0.00,0.00,0.00,0.00,0.00,0.00,0.00,0.30,0.00,0.00,0.00,0.00,3.70,0.00,0.00,0.30,0.10,0.00,0.00,29.40,86.84,1.86,11.30,10.20,-0.64,0.230,,,,,
411,L08-16-S1,4082.90,Rotliegend,51.30,9.00,2.00,0.00,0.00,0.00,0.30,0.00,0.30,0.00,0.30,0.00,0.00,1.70,0.70,0.00,0.00,0.00,0.30,0.00,0.00,0.00,0.00,0.00,0.00,0.00,0.00,0.00,0.00,0.00,0.00,0.00,0.00,0.00,0.00,0.00,0.00,0.00,0.00,0.00,0.00,0.00,0.00,0.00,0.00,0.00,0.30,0.00,0.00,0.00,0.00,0.00,0.00,0.00,0.00,0.00,0.00,3.70,0.00,0.30,0.00,0.00,0.00,0.00,0.00,0.00,0.10,0.00,1.70,0.00,0.00,0.00,1.30,0.00,0.00,0.00,1.70,0.00,9.30,0.00,0.70,0.00,0.00,0.00,6.00,0.00,0.00,0.00,0.00,0.00,0.00,0.00,0.00,0.00,0.00,0.00,0.00,0.00,3.30,0.00,0.00,0.00,0.00,4.70,0.00,0.00,0.70,0.00,0.00,0.00,30.20,91.50,0.91,7.59,11.90,0.64,4.340,,,,,
412,L08-16-S1,4085.10,Rotliegend,61.30,7.70,0.70,0.00,0.00,0.00,0.30,0.00,0.30,0.00,0.30,0.00,0.00,1.00,0.70,0.00,0.00,0.00,0.30,0.00,0.00,0.00,0.00,0.00,0.00,0.00,0.00,0.00,0.00,0.00,0.00,0.00,0.00,0.00,0.00,0.00,0.00,0.00,0.00,0.00,0.00,0.00,0.00,0.00,0.00,0.00,0.00,0.00,0.00,0.00,0.00,0.00,0.00,0.00,0.00,0.00,0.00,4.00,0.00,1.70,0.00,0.00,0.00,0.00,0.00,0.00,0.00,0.00,2.30,0.00,0.00,0.00,0.30,0.00,0.10,0.00,1.00,0.00,7.00,0.00,0.30,0.00,0.00,0.00,4.70,0.00,0.00,0.00,0.00,0.00,0.00,0.00,0.00,0.00,0.00,0.00,0.00,0.00,0.30,0.00,0.00,0.00,0.00,5.30,0.00,0.00,0.30,0.00,0.00,0.00,27.00,95.04,0.83,4.13,11.70,0.42,2.620,,,,,
413,L08-16-S1,4087.90,Rotliegend,33.70,11.30,5.70,0.00,0.00,0.10,0.00,0.00,3.70,0.00,7.00,0.00,0.00,0.70,0.00,0.00,0.00,0.00,0.30,0.00,0.00,0.00,0.00,1.00,0.00,0.00,0.00,0.00,0.00,0.00,0.00,0.00,0.00,0.00,0.00,0.00,0.00,0.00,0.00,0.00,0.00,0.00,0.00,0.00,0.00,0.00,19.70,0.00,0.00,0.00,0.00,0.00,0.00,0.00,0.00,0.00,0.00,6.00,0.00,2.30,0.00,0.00,0.00,0.00,0.00,0.00,0.00,0.00,0.30,0.00,0.00,0.00,1.70,0.00,0.00,0.00,1.70,0.00,1.70,0.00,0.00,0.00,0.00,0.00,3.00,0.00,0.00,0.00,0.00,0.00,0.00,0.00,0.00,0.00,0.00,0.00,0.00,0.00,0.00,0.00,0.00,0.00,0.00,0.30,0.00,0.00,0.00,0.00,0.00,0.00,17.00,72.00,0.64,27.36,6.60,0.89,7.780,,,,,
414,L08-16-S1,3882.30,Rotliegend,51.00,8.30,0.00,0.00,0.00,0.00,2.70,0.00,1.00,0.00,1.00,0.00,0.00,4.70,1.00,0.00,0.00,0.00,0.00,0.00,0.30,0.00,0.00,0.70,0.00,0.00,0.00,0.00,0.00,0.00,0.00,0.00,0.00,0.00,0.00,0.00,0.00,0.00,0.00,0.00,0.00,0.00,0.00,0.00,0.00,0.00,0.00,0.00,0.00,0.00,0.00,0.00,0.00,0.00,4.00,0.00,0.00,0.70,0.00,2.70,0.00,0.00,0.00,0.00,0.00,0.00,0.10,0.00,0.70,0.00,0.00,0.00,3.30,0.00,0.10,0.00,0.00,0.00,6.70,0.00,0.30,0.00,0.00,0.00,4.00,0.00,0.00,0.00,0.00,0.00,0.00,0.00,0.00,0.00,0.00,0.00,0.00,0.00,0.30,0.00,0.00,0.00,0.00,6.30,0.00,0.00,0.30,0.00,0.00,0.00,25.20,84.71,3.86,11.43,10.90,-0.36,0.440,,,,,
415,L08-16-S1,3883.30,Rotliegend,40.70,6.30,0.10,0.00,0.00,0.10,6.00,0.00,0.00,0.00,1.70,0.00,0.00,3.00,0.30,0.00,0.00,0.00,0.00,0.00,2.00,0.00,0.00,0.10,0.00,0.00,0.00,0.00,0.00,0.00,0.00,0.00,0.00,0.00,0.00,0.00,0.00,0.00,0.00,0.00,0.00,0.00,0.00,0.00,0.00,0.00,1.00,0.00,0.00,0.00,0.00,0.00,0.00,0.00,0.00,0.00,0.00,0.60,0.00,6.40,0.00,0.00,0.00,0.00,0.10,0.00,0.00,0.00,0.30,0.00,0.00,0.00,0.30,0.00,0.00,0.00,0.00,0.00,7.70,0.00,1.70,0.00,0.00,0.00,1.00,0.00,0.00,0.00,0.00,0.00,0.00,0.00,0.00,0.00,0.00,0.00,0.00,0.00,1.70,0.00,0.00,0.00,0.00,18.30,0.00,0.00,1.00,0.00,0.00,0.00,37.40,78.07,10.13,11.79,17.40,1.16,14.300,,,,,
416,L08-16-S1,3884.00,Rotliegend,43.70,10.00,0.30,0.00,0.00,0.10,6.70,0.00,0.00,0.00,3.30,0.00,0.00,2.00,2.00,0.00,0.00,0.00,0.00,0.00,0.70,0.00,0.00,0.10,0.00,0.00,0.00,0.10,0.00,0.00,0.00,0.00,0.00,0.00,0.00,0.00,0.00,0.00,0.00,0.00,0.00,0.00,0.00,0.00,0.00,0.00,0.70,0.00,0.00,0.00,0.00,0.00,0.00,0.00,0.00,0.00,0.00,0.30,0.00,5.30,0.00,0.00,0.00,0.00,0.10,0.00,0.00,0.00,0.30,0.00,0.00,0.00,0.30,0.00,0.00,0.00,0.00,0.00,10.00,0.00,2.30,0.00,0.00,0.00,2.30,0.00,0.00,0.00,0.00,0.00,0.00,0.00,0.00,0.00,0.00,0.00,0.00,0.00,1.70,0.30,0.00,1.70,0.00,6.00,0.00,0.00,0.10,0.00,0.00,0.00,27.00,78.05,9.88,12.06,13.60,-0.40,0.400,,,,,
417,L08-16-S1,3891.00,Rotliegend,12.30,1.00,0.30,0.00,0.00,0.70,1.30,0.00,0.00,0.00,0.00,0.00,0.00,0.30,0.70,0.00,0.00,0.00,0.00,0.00,0.00,0.00,0.00,1.30,0.00,0.00,0.00,0.00,0.00,0.00,0.00,0.00,0.00,0.00,0.00,0.00,0.00,0.00,0.00,0.00,0.00,0.00,0.00,0.00,0.00,0.00,81.00,0.00,0.00,0.00,0.00,0.00,0.00,0.00,0.00,0.00,0.00,0.00,0.00,0.00,0.00,0.00,0.00,0.00,0.00,0.00,0.00,0.00,0.10,0.00,0.00,0.00,0.00,0.00,0.00,0.00,0.70,0.00,0.00,0.00,0.00,0.00,0.00,0.00,0.00,0.00,0.00,0.00,0.00,0.00,0.00,0.00,0.00,0.00,0.00,0.00,0.00,0.00,0.00,0.00,0.00,0.00,0.00,0.30,0.00,0.00,0.00,0.00,0.00,0.00,1.10,80.12,12.05,7.83,0.80,-1.30,0.050,,,,,
418,L08-16-S1,3879.00,Rotliegend,50.70,6.70,0.10,0.00,0.00,0.00,1.30,0.00,0.00,0.00,3.00,0.00,0.00,2.30,0.10,0.00,0.00,0.00,0.00,0.00,0.00,0.00,0.00,0.00,0.00,0.00,0.00,0.00,0.00,0.00,0.00,0.00,0.00,0.00,0.00,0.00,0.00,0.00,0.00,0.00,0.00,0.00,0.00,0.00,0.00,0.00,0.00,0.00,0.00,0.00,0.00,0.00,0.00,0.00,0.00,0.00,0.00,3.30,0.00,3.30,0.00,0.00,0.00,0.00,0.10,0.00,0.00,0.00,2.70,0.00,0.00,0.00,0.00,0.00,0.10,0.00,0.00,0.00,0.00,0.00,7.30,0.00,0.00,0.00,5.00,0.00,0.00,0.00,0.00,0.00,0.00,0.00,0.00,0.00,0.00,0.00,0.00,0.00,12.70,0.00,0.00,0.00,0.00,1.70,0.00,0.00,0.00,0.00,0.00,0.00,23.50,89.41,2.02,8.57,14.80,-0.77,0.170,,,,,
419,L08-16-S1,3893.50,Rotliegend,56.30,3.70,0.00,0.00,0.00,0.00,3.70,0.00,0.00,0.00,0.00,0.00,0.00,5.70,3.70,0.00,0.00,0.00,0.00,0.00,0.00,0.00,0.00,2.70,0.00,0.00,0.00,0.30,0.00,0.00,0.00,0.00,0.00,0.00,0.00,0.00,0.00,0.00,0.00,0.00,0.00,0.00,0.00,0.00,0.00,0.00,11.70,0.00,0.00,0.00,0.00,0.00,0.00,0.00,1.70,0.00,1.00,3.70,0.00,2.30,0.00,0.00,0.00,0.00,0.10,0.00,0.00,0.00,0.70,0.00,0.00,0.00,2.30,0.00,0.00,0.00,0.70,0.00,0.00,0.00,0.00,0.00,0.00,0.00,0.00,0.00,0.00,0.00,0.00,0.00,0.00,0.00,0.00,0.00,0.00,0.00,0.00,0.00,0.00,0.00,0.00,0.00,0.00,0.10,0.00,0.00,0.00,0.00,0.00,0.00,10.90,82.08,5.06,12.86,4.50,-2.52,0.003,,,,,
420,L08-16-S1,3895.30,Rotliegend,48.30,11.30,2.00,0.00,0.00,0.00,1.30,0.00,1.70,0.00,5.00,0.00,0.00,0.70,0.00,0.00,0.00,0.00,0.00,0.00,0.00,0.00,0.00,0.00,0.00,0.00,0.00,0.00,0.00,0.00,0.00,0.00,0.00,0.00,0.00,0.00,0.00,0.00,0.00,0.00,0.00,0.00,0.00,0.00,0.00,0.00,7.00,0.00,0.00,0.00,0.00,0.00,0.00,0.00,0.00,0.00,0.00,9.00,0.00,4.00,0.00,0.00,0.00,0.00,0.30,0.00,0.00,0.00,1.30,0.00,0.00,0.00,0.70,0.00,0.10,0.00,1.00,0.00,2.30,0.00,0.00,0.00,0.00,0.00,2.00,0.00,0.00,0.00,0.00,0.00,0.00,0.00,0.00,0.00,0.00,0.00,0.00,0.00,0.30,0.00,0.00,0.30,0.00,1.00,0.00,0.00,0.30,0.00,0.00,0.00,22.00,84.78,1.85,13.37,2.20,-2.40,0.004,,,,,
421,L08-16-S1,4064.80,Rotliegend,39.00,5.00,2.70,0.00,0.00,0.30,0.70,0.00,0.00,0.00,0.30,0.00,0.00,4.70,2.30,0.00,0.00,0.00,0.00,0.00,0.00,0.00,0.00,2.70,0.00,0.00,0.00,0.30,0.00,0.00,0.00,0.00,0.00,0.00,0.00,0.00,0.00,0.00,0.00,0.00,0.00,0.00,0.00,0.00,0.00,0.00,6.30,0.00,0.00,0.00,0.00,0.00,0.00,0.00,1.00,0.00,0.00,18.60,0.00,14.70,0.00,0.00,0.00,0.00,0.00,0.00,0.00,0.00,0.30,0.00,0.00,0.00,1.00,0.00,0.10,0.00,0.00,0.00,0.00,0.00,0.00,0.00,0.00,0.00,0.00,0.00,0.00,0.00,0.00,0.00,0.00,0.00,0.00,0.00,0.00,0.00,0.00,0.00,0.00,0.00,0.00,0.00,0.00,0.10,0.00,0.00,0.00,0.00,0.00,0.00,34.80,80.00,1.82,18.18,7.20,-1.10,0.080,,,,,
422,L08-16-S1,3879.80,Rotliegend,43.00,4.30,0.00,0.00,0.00,0.00,1.00,0.00,0.00,0.00,4.30,0.00,0.00,1.30,0.70,0.00,0.00,0.00,0.00,0.00,3.00,0.00,0.00,0.30,0.00,0.00,0.00,0.00,0.00,0.00,0.00,0.00,0.00,0.00,0.00,0.00,0.00,0.00,0.00,0.00,0.00,0.00,0.00,0.00,0.00,0.00,0.00,0.00,0.00,0.00,0.00,0.00,0.00,0.00,0.00,0.00,0.00,6.70,0.00,5.00,0.00,0.00,0.00,0.00,0.00,0.00,0.00,0.00,0.70,0.00,0.00,0.00,0.00,0.00,0.30,0.00,0.00,0.00,6.30,0.00,1.00,0.00,0.00,0.00,5.70,0.00,0.00,0.00,0.00,0.00,0.00,0.00,0.00,0.00,0.00,0.00,0.00,0.00,0.00,0.00,0.00,0.00,0.00,15.70,0.00,0.00,0.70,0.00,0.00,0.00,42.10,82.12,1.74,16.15,17.80,1.49,30.900,,,,,
423,M01-04,3804.00,Buntsandstein,33.30,20.70,0.70,0.00,0.00,8.70,1.00,0.00,0.00,0.00,0.00,3.70,0.00,0.00,0.00,0.00,0.00,0.00,0.00,0.00,2.00,0.00,0.00,0.10,0.00,0.00,0.00,0.00,0.00,0.00,0.00,0.00,0.00,0.00,0.00,0.00,0.00,0.00,0.00,0.00,0.00,0.00,0.00,0.00,0.00,0.00,0.00,0.00,0.00,0.70,0.00,0.00,0.00,0.00,0.00,0.00,0.00,2.00,0.00,0.00,0.00,0.00,0.00,0.00,7.70,0.00,0.00,13.70,0.70,0.00,0.00,0.00,0.00,0.00,0.00,0.00,0.00,0.00,0.00,0.00,0.00,1.70,0.70,0.00,0.00,0.70,0.00,0.00,0.00,0.00,0.00,0.00,0.00,0.00,0.00,0.00,2.00,0.00,0.00,0.00,0.00,0.00,0.00,0.00,0.30,0.00,0.00,0.00,0.00,0.00,25.80,77.03,13.84,9.13,,,,,,,,
424,M01-04,3806.00,Buntsandstein,38.00,9.00,0.00,0.00,0.00,10.30,1.00,0.00,0.00,0.00,0.00,0.70,0.00,0.00,0.00,0.00,0.00,0.00,0.00,0.00,3.30,0.00,0.00,1.00,0.00,0.00,0.00,0.30,0.00,0.30,0.00,0.00,0.00,0.00,0.70,0.00,0.00,0.00,0.00,0.00,0.00,0.00,0.00,0.00,0.00,0.00,0.70,0.00,0.00,0.00,0.00,0.00,0.00,0.00,0.00,0.00,0.00,4.00,0.00,0.00,0.00,0.00,0.00,0.00,5.00,0.00,0.00,9.30,2.00,0.00,0.30,0.00,0.00,0.00,0.00,0.00,0.00,0.00,0.00,0.00,0.00,0.00,10.70,0.70,0.00,0.00,0.00,0.00,0.00,0.00,0.00,0.70,0.00,0.00,0.00,0.70,1.30,0.00,0.00,0.00,0.00,0.00,0.00,0.00,0.00,0.00,0.00,0.00,0.00,0.00,32.00,75.44,18.14,6.42,3.20,0.11,1.290,,,,,
425,M01-04,3805.50,Buntsandstein,38.30,10.30,1.00,0.00,0.00,11.30,0.30,0.30,0.00,0.00,0.00,0.70,0.00,0.00,0.00,0.00,0.00,0.00,0.00,0.00,3.30,0.00,0.00,2.00,0.00,0.00,0.00,0.30,0.00,0.00,0.00,0.00,0.00,0.00,1.00,0.00,0.00,0.00,0.00,0.00,0.00,0.00,0.00,0.00,0.00,0.00,1.00,0.00,0.00,0.00,0.00,0.00,0.00,0.00,0.00,0.00,0.00,1.70,0.00,0.00,0.00,0.00,0.00,0.00,2.70,0.00,0.00,12.70,3.70,0.00,0.00,0.00,0.00,0.00,0.00,0.00,0.00,0.00,0.00,0.00,0.00,0.30,8.00,0.00,0.00,0.30,0.00,0.00,0.00,0.00,0.00,0.00,0.00,0.00,0.00,0.30,0.00,0.00,0.00,0.30,0.00,0.00,0.00,0.00,0.00,0.00,0.00,0.00,0.00,0.00,29.10,74.20,17.71,8.09,2.10,0.11,1.290,,,,,
426,M01-04,3805.00,Buntsandstein,43.70,10.70,1.30,0.00,0.00,6.00,0.70,0.00,0.00,0.00,0.00,0.70,0.00,0.00,0.00,0.00,0.00,0.00,0.00,0.00,1.30,0.00,0.00,0.30,0.00,0.00,0.00,0.30,0.00,0.00,0.00,0.00,0.00,0.00,0.00,0.00,0.00,0.00,0.00,0.00,0.00,0.00,0.00,0.00,0.00,0.00,2.70,0.00,0.00,0.00,0.00,0.00,0.00,0.00,0.00,0.00,0.00,5.00,0.00,0.00,0.00,0.00,0.00,0.00,5.70,0.00,0.00,9.70,1.60,0.00,1.00,0.00,0.00,0.00,0.00,0.00,0.00,0.00,0.00,0.00,0.00,0.00,6.30,0.00,0.00,0.00,0.00,0.00,0.00,0.00,0.00,1.00,0.00,0.00,0.00,0.30,1.70,0.00,0.00,0.00,0.00,0.00,0.00,0.00,0.00,0.00,0.00,0.00,0.00,0.00,29.30,84.47,10.40,5.12,2.80,-1.30,0.050,,,,,
427,M01-04,3804.50,Buntsandstein,35.30,26.00,0.30,0.00,0.00,7.00,0.30,0.00,0.00,0.00,0.00,0.30,0.00,0.00,0.00,0.00,0.00,0.00,0.00,0.00,0.30,0.00,0.00,0.10,0.00,0.00,0.00,0.00,0.00,0.30,0.00,0.00,0.00,0.00,0.00,0.00,0.00,0.00,0.00,0.00,0.00,0.00,0.00,0.00,0.00,0.00,0.00,0.00,0.00,0.00,0.00,0.00,0.00,0.00,0.00,0.00,0.00,1.70,0.00,0.00,0.00,0.00,0.00,0.00,13.00,0.00,0.00,10.30,1.30,0.00,0.30,0.00,0.00,0.00,0.00,0.00,0.00,0.00,0.00,0.00,0.00,0.70,0.00,0.00,0.00,0.30,0.00,0.00,0.00,0.00,0.00,0.00,0.00,0.00,0.00,0.00,2.30,0.00,0.00,0.00,0.00,0.00,0.00,0.00,0.00,0.00,0.00,0.00,0.00,0.00,26.90,88.20,10.50,1.29,3.40,-0.26,0.550,,,,,
428,M01-04,3804.00,Buntsandstein,44.00,19.00,1.30,0.00,0.00,9.70,0.00,0.00,0.00,0.00,0.00,0.30,0.00,0.00,0.00,0.00,0.00,0.00,0.00,0.00,0.70,0.00,0.00,0.30,0.00,0.00,0.00,0.00,0.00,0.00,0.00,0.00,0.00,0.00,0.30,0.00,0.00,0.00,0.00,0.00,0.00,0.00,0.00,0.00,0.00,0.00,0.00,0.00,0.00,0.00,0.00,0.00,0.00,0.00,0.00,0.00,0.00,0.00,0.00,0.00,0.00,0.00,0.00,0.00,1.00,0.00,0.00,16.70,0.70,0.00,0.00,0.00,0.00,0.00,0.00,0.00,0.00,0.00,0.00,0.00,0.00,0.00,2.70,0.00,0.00,0.70,0.00,0.00,0.00,0.00,0.00,0.00,0.00,0.00,0.00,0.70,0.00,0.00,0.00,0.00,0.00,0.00,0.00,1.70,0.30,0.00,0.00,0.00,0.00,0.00,23.80,84.00,12.93,3.07,3.20,-0.70,0.200,,,,,
429,M01-04,3803.50,Buntsandstein,44.70,8.00,0.70,0.00,0.00,10.30,0.70,0.00,0.00,0.00,0.00,0.00,0.00,0.00,0.00,0.00,0.00,0.00,0.00,0.00,1.70,0.00,0.00,1.70,0.00,0.00,0.00,0.00,0.00,0.00,0.00,0.00,0.00,0.00,0.00,0.00,0.00,0.00,0.00,0.00,0.00,0.00,0.00,0.00,0.00,0.00,3.00,0.00,0.00,0.00,0.00,0.00,0.00,0.00,0.00,0.00,0.00,2.70,0.00,0.00,0.00,0.00,0.00,0.00,0.70,0.00,0.00,11.00,2.00,0.00,0.00,0.00,0.00,0.00,0.00,0.00,0.00,0.00,0.00,0.00,0.00,0.00,12.00,0.30,0.00,0.00,0.00,0.00,0.00,0.00,0.00,0.30,0.00,0.00,0.00,0.00,0.30,0.00,0.00,0.00,0.00,0.00,0.00,0.00,0.00,0.00,0.00,0.00,0.00,0.00,28.70,79.73,16.64,3.63,2.60,-0.14,0.730,,,,,
430,M01-04,3803.00,Buntsandstein,50.30,12.30,0.70,0.00,0.00,6.70,0.00,0.00,0.00,0.00,0.00,0.30,0.00,0.00,0.00,0.00,0.00,0.00,0.00,0.00,1.70,0.00,0.00,0.30,0.00,0.00,0.00,0.00,0.00,0.00,0.00,0.00,0.00,0.00,0.00,0.00,0.00,0.00,0.00,0.00,0.00,0.00,0.00,0.00,0.00,0.00,1.30,0.00,0.00,0.00,0.00,0.00,0.00,0.00,0.00,0.00,0.00,0.00,0.00,0.00,0.00,0.00,0.00,0.00,1.30,0.00,0.00,15.00,4.00,0.00,0.30,0.00,0.00,0.00,0.00,0.00,0.00,0.00,0.00,0.00,0.00,0.30,5.00,0.00,0.00,0.00,0.00,0.00,0.00,0.00,0.00,0.00,0.00,0.00,0.00,0.30,0.00,0.00,0.00,0.00,0.00,0.00,0.00,0.00,0.00,0.00,0.00,0.00,0.00,0.00,25.60,86.94,9.31,3.75,2.70,-1.40,0.040,,,,,
431,M01-04,3802.50,Buntsandstein,42.30,10.30,0.70,0.00,0.00,10.30,0.00,0.00,0.00,0.00,0.00,0.30,0.00,0.00,0.00,0.00,0.00,0.00,0.00,0.00,3.00,0.00,0.00,1.30,0.00,0.00,0.00,0.30,0.00,0.00,0.00,0.00,0.00,0.00,0.00,0.00,0.00,0.00,0.00,0.00,0.00,0.00,0.00,0.00,0.00,0.00,2.70,0.00,0.00,0.00,0.00,0.00,0.00,0.00,0.00,0.00,0.00,4.70,0.00,0.00,0.00,0.00,0.00,0.00,0.30,0.00,0.00,12.00,1.30,0.00,0.70,0.00,0.00,0.00,0.00,0.00,0.00,0.00,0.00,0.00,0.30,0.00,8.30,0.00,0.00,0.00,0.00,0.00,0.00,0.00,0.00,0.70,0.00,0.00,0.00,0.00,0.00,0.00,0.00,0.00,0.00,0.00,0.00,0.30,0.00,0.00,0.00,0.00,0.00,0.00,27.90,78.62,15.40,5.98,2.70,-1.70,0.020,,,,,
432,M01-04,3802.00,Buntsandstein,41.70,11.70,0.30,0.00,0.00,10.00,0.00,0.30,0.00,0.00,0.00,1.30,0.00,0.00,0.00,0.00,0.00,0.00,0.00,0.00,3.30,0.00,0.00,0.30,0.00,0.00,0.00,0.70,0.00,0.00,0.00,0.00,0.00,0.00,0.00,0.00,0.00,0.00,0.00,0.00,0.00,0.00,0.00,0.00,0.00,0.00,2.00,0.00,0.00,0.00,0.00,0.00,0.00,0.00,0.00,0.00,0.00,0.00,0.00,0.00,0.00,0.00,0.00,0.00,3.00,0.00,0.00,10.30,5.00,0.00,1.00,0.00,0.00,0.00,0.00,0.00,0.00,0.00,0.00,0.00,0.00,0.30,5.70,0.00,0.00,0.30,0.00,0.00,0.00,0.00,0.00,0.00,0.00,0.00,0.00,1.30,0.00,0.00,0.00,0.00,0.00,0.00,0.00,1.30,0.00,0.00,0.00,0.00,0.00,0.00,26.60,77.84,14.58,7.58,3.80,-0.32,0.480,,,,,
433,M01-04,3801.50,Buntsandstein,38.00,14.00,0.30,0.00,0.00,12.00,0.00,0.30,0.00,0.00,0.00,3.00,0.00,0.00,0.00,0.00,0.00,0.00,0.00,0.00,2.00,0.00,0.00,0.30,0.00,0.00,0.00,0.30,0.00,0.00,0.00,0.00,0.00,0.00,0.00,0.00,0.00,0.00,0.00,0.00,0.00,0.00,0.00,0.00,0.00,0.00,2.00,0.00,0.00,0.00,0.00,0.00,0.00,0.00,0.00,0.00,0.00,0.00,0.00,0.00,0.00,0.00,0.00,0.00,3.70,0.00,0.00,12.30,4.70,0.00,0.70,0.00,0.00,0.00,0.00,0.00,0.00,0.00,0.00,0.00,0.00,0.70,5.00,0.00,0.00,0.30,0.00,0.00,0.00,0.00,0.00,0.00,0.00,0.00,0.00,0.00,0.30,0.00,0.00,0.00,0.00,0.00,0.00,0.00,0.00,0.00,0.00,0.00,0.00,0.00,26.70,74.71,17.24,8.05,7.00,,,,,,,
434,M01-04,3801.00,Buntsandstein,47.30,11.70,0.30,0.00,0.00,8.70,0.30,0.30,0.00,0.00,0.00,2.00,0.00,0.00,0.00,0.00,0.00,0.00,0.00,0.00,2.00,0.00,0.00,1.30,0.00,0.00,0.00,0.00,0.00,0.00,0.00,0.00,0.00,0.00,0.00,0.00,0.00,0.00,0.00,0.00,0.00,0.00,0.00,0.00,0.00,0.00,1.30,0.00,0.00,0.00,0.00,0.00,0.00,0.00,0.00,0.00,0.00,0.00,0.00,0.00,0.00,0.00,0.00,0.00,0.00,1.00,0.00,10.30,1.00,0.00,0.00,0.00,0.00,0.00,0.00,0.00,0.00,0.00,0.00,0.00,0.00,0.30,8.30,0.00,0.00,0.70,0.00,0.00,0.00,0.00,0.00,0.00,0.00,0.00,0.00,3.00,0.00,0.00,0.00,0.00,0.00,0.00,0.00,0.00,0.00,0.00,0.00,0.00,0.00,0.00,21.30,81.27,12.40,6.34,2.80,-1.30,0.050,,,,,
435,M01-04,3800.50,Buntsandstein,40.70,9.00,0.30,0.00,0.00,9.30,0.70,0.00,0.00,0.00,0.00,1.70,0.00,0.00,0.00,0.00,0.00,0.00,0.00,0.00,2.70,0.00,0.00,1.30,0.00,0.00,0.00,0.30,0.00,0.00,0.00,0.00,0.00,0.00,0.00,0.00,0.00,0.00,0.00,0.00,0.00,0.00,0.00,0.00,0.00,0.00,6.70,0.00,0.00,0.00,0.00,0.00,0.00,0.00,0.00,0.00,0.00,0.30,0.00,0.00,0.00,0.00,0.00,0.00,4.30,0.30,0.00,9.30,1.70,0.00,0.00,0.00,0.00,0.00,0.00,0.00,0.00,0.00,0.00,0.00,0.00,0.00,8.00,0.00,0.00,0.00,0.00,0.00,0.00,0.00,0.00,0.00,0.00,0.00,0.00,2.30,1.00,0.00,0.00,0.00,0.00,0.00,0.00,0.00,0.00,0.00,0.00,0.00,0.00,0.00,23.90,77.17,15.53,7.30,1.70,-1.52,0.030,,,,,
436,M01-04,3800.00,Buntsandstein,44.30,6.00,0.30,0.00,0.00,8.70,1.30,0.70,0.00,0.00,0.00,0.70,0.00,0.00,0.00,0.00,0.00,0.00,0.00,0.00,1.00,0.00,0.00,0.70,0.00,0.00,0.00,0.30,0.00,0.00,0.00,0.00,0.00,0.00,0.00,0.00,0.00,0.00,0.00,0.00,0.00,0.00,0.00,0.00,0.00,0.00,12.70,0.00,0.00,0.00,0.00,0.00,0.00,0.00,0.30,0.00,0.00,1.00,0.00,0.00,0.00,0.00,0.00,0.00,1.70,0.00,0.00,8.70,1.30,0.00,0.30,0.00,0.00,0.00,0.00,0.00,0.00,0.00,0.00,0.00,0.00,0.00,8.70,0.00,0.00,0.30,0.00,0.00,0.00,0.00,0.00,0.70,0.00,0.00,0.00,0.00,0.30,0.00,0.00,0.00,0.00,0.00,0.00,0.00,0.00,0.00,0.00,0.00,0.00,0.00,22.00,79.84,15.87,4.29,3.80,-1.10,0.080,,,,,
437,M01-04,3799.50,Buntsandstein,48.00,16.30,0.00,0.00,0.00,11.70,0.00,0.30,0.00,0.00,0.00,1.30,0.00,0.00,0.00,0.00,0.00,0.00,0.00,0.00,2.30,0.00,0.00,1.00,0.00,0.00,0.00,0.30,0.00,0.00,0.00,0.00,0.00,0.00,0.00,0.00,0.00,0.00,0.00,0.00,0.00,0.00,0.00,0.00,0.00,0.00,1.00,0.00,0.00,0.00,0.00,0.00,0.00,0.00,0.70,0.00,0.00,0.70,0.00,0.00,0.00,0.00,0.00,0.00,1.30,0.00,0.00,6.70,2.60,0.00,0.30,0.00,0.00,0.00,0.00,0.00,0.00,0.00,0.00,0.00,0.30,0.00,3.70,0.00,0.00,0.00,0.00,0.00,0.00,0.00,0.00,0.30,0.00,0.00,0.00,0.70,0.30,0.00,0.00,0.00,0.00,0.00,0.00,0.00,0.00,0.00,0.00,0.00,0.00,0.00,15.60,80.48,14.64,4.88,3.10,-1.70,0.020,,,,,
438,M01-04,3799.00,Buntsandstein,47.30,8.30,1.00,0.00,0.00,11.30,0.70,0.00,0.00,0.00,0.00,2.30,0.00,0.00,0.00,0.00,0.00,0.00,0.00,0.00,3.70,0.00,0.00,0.70,0.00,0.00,0.00,0.00,0.00,0.30,0.00,0.00,0.00,0.00,0.00,0.00,0.00,0.00,0.00,0.00,0.00,0.00,0.00,0.00,0.00,0.00,5.00,0.00,0.00,0.00,0.00,0.00,0.00,0.00,0.00,0.00,0.00,0.00,0.00,0.00,0.00,0.00,0.00,0.00,0.70,0.00,0.00,10.00,0.30,0.00,0.30,0.00,0.00,0.00,0.00,0.00,0.00,0.00,0.00,0.00,0.00,0.00,7.00,0.00,0.00,0.00,0.00,0.00,0.00,0.00,0.00,0.00,0.00,0.00,0.00,0.70,0.30,0.00,0.00,0.00,0.00,0.00,0.00,0.00,0.00,0.00,0.00,0.00,0.00,0.00,18.30,74.53,16.09,9.38,3.70,,,,,,,
439,M01-04,3798.50,Buntsandstein,42.30,9.30,0.70,0.00,0.00,6.70,0.30,0.00,0.00,0.00,0.00,1.30,0.00,0.00,0.00,0.00,0.00,0.00,0.00,0.00,4.30,0.00,0.00,1.00,0.00,0.00,0.00,1.30,0.00,0.00,0.00,0.00,0.00,0.00,0.00,0.00,0.00,0.00,0.00,0.00,0.00,0.00,0.00,0.00,0.00,0.00,3.00,0.00,0.00,0.00,0.00,0.00,0.00,0.00,0.70,0.00,0.00,0.00,0.00,0.00,0.00,0.00,0.00,0.00,2.30,0.00,0.00,14.30,2.00,0.00,0.00,0.00,0.00,0.00,0.00,0.00,0.00,0.00,0.00,0.00,0.00,0.00,7.30,0.00,0.00,0.30,0.00,0.00,0.00,0.00,0.00,0.00,0.00,0.00,0.00,1.70,0.30,0.00,0.00,0.30,0.00,0.00,0.00,0.00,0.30,0.00,0.00,0.00,0.00,0.00,26.50,79.51,10.79,9.71,3.10,-1.22,0.060,,,,,
440,M01-04,3798.00,Buntsandstein,41.70,21.00,0.00,0.00,0.00,5.70,0.70,0.00,0.00,0.00,0.00,1.30,0.00,0.00,0.00,0.00,0.00,0.00,0.00,0.00,1.00,0.00,0.00,0.30,0.00,0.00,0.00,0.00,0.00,0.00,0.00,0.00,0.00,0.00,0.00,0.00,0.00,0.00,0.00,0.00,0.00,0.00,0.00,0.00,0.00,0.00,0.70,0.00,0.00,0.00,0.00,0.00,0.00,0.00,0.00,0.00,0.00,0.00,0.00,0.00,0.00,0.00,0.00,0.00,0.70,1.70,0.00,10.70,0.00,0.00,0.00,0.00,0.00,0.00,0.00,0.00,0.00,0.00,0.00,0.00,0.00,0.30,3.70,0.00,0.00,1.70,0.00,0.00,0.00,0.00,0.00,0.00,0.00,0.00,0.00,1.70,0.00,0.00,0.00,0.00,0.00,0.00,0.00,2.70,0.30,0.00,0.00,0.00,0.00,4.30,21.50,87.82,8.96,3.22,8.40,,,,,,,
441,M07-10,3427.00,Jurassic,37.30,3.30,0.30,0.00,0.00,1.00,0.30,0.00,1.30,0.00,0.00,0.00,0.00,0.00,0.00,0.00,0.00,0.00,0.00,0.00,0.30,0.00,0.00,0.00,0.00,0.00,0.00,0.10,0.00,0.00,0.00,0.00,0.10,0.00,0.00,0.00,1.00,0.00,0.00,24.30,0.00,0.00,0.00,0.30,0.00,0.00,5.70,0.00,0.70,0.00,0.00,0.00,8.70,0.00,0.00,0.00,0.00,2.70,0.00,0.00,0.00,3.70,0.00,0.00,0.30,0.00,0.00,0.00,1.70,0.00,0.00,0.00,0.00,0.00,0.00,0.00,0.30,0.00,0.30,0.00,0.10,0.00,0.00,0.00,0.00,0.00,0.00,0.00,0.00,0.00,0.00,0.00,0.00,0.00,0.00,0.00,0.00,0.00,0.00,0.00,0.00,0.00,0.00,5.00,0.00,0.00,0.00,0.70,0.00,0.00,14.10,90.63,2.90,6.47,17.40,0.04,1.100,,,,,
442,M07-10,3428.50,Jurassic,33.70,2.30,0.00,0.00,0.00,2.00,0.70,0.70,0.00,0.10,0.00,0.00,0.00,0.00,0.00,0.00,0.00,0.00,0.00,0.00,0.70,0.00,0.00,0.00,0.30,0.00,0.00,0.10,0.00,0.00,0.00,0.00,0.00,0.00,0.00,0.00,0.30,0.30,0.10,31.00,0.00,0.00,0.00,0.10,0.00,0.00,14.30,0.00,0.00,0.00,0.00,0.00,3.30,0.00,0.00,0.00,0.00,1.30,0.00,0.00,0.00,0.00,0.00,0.00,0.30,0.00,0.00,0.00,1.70,0.00,0.00,0.00,0.00,0.00,0.00,0.00,0.70,0.00,0.70,0.00,0.10,0.00,0.00,0.00,0.00,0.00,0.00,0.00,0.00,0.00,0.00,0.00,0.00,0.00,0.00,0.00,0.00,0.00,0.00,0.00,0.00,0.00,0.00,5.00,0.00,0.00,0.00,0.70,0.00,0.00,9.80,88.02,6.60,5.38,18.80,0.20,1.600,,,,,
443,M07-10,3430.00,Jurassic,27.00,6.70,1.00,0.00,0.00,0.70,0.70,0.00,0.00,2.00,0.00,0.00,0.00,0.00,0.00,0.00,0.00,0.00,0.00,0.00,1.00,0.00,0.00,0.00,0.00,0.00,0.00,0.00,0.00,0.00,0.00,0.00,1.30,0.00,0.00,0.00,1.70,0.30,0.70,31.70,0.00,0.00,0.00,2.00,0.00,0.00,0.30,0.00,0.00,0.00,0.00,0.00,0.00,0.00,0.00,0.00,0.00,17.70,0.00,0.00,0.00,0.00,0.00,0.00,2.70,0.00,0.00,0.00,1.00,0.00,0.00,0.00,0.00,0.00,0.00,0.00,0.00,0.00,1.00,0.00,0.10,0.00,0.00,0.00,0.00,0.00,0.00,0.00,0.00,0.00,0.00,0.00,0.00,0.00,0.00,0.00,0.00,0.00,0.00,0.00,0.00,0.00,0.00,0.00,0.00,0.00,0.00,0.70,0.00,0.00,22.50,80.62,3.35,16.03,9.60,-1.00,0.100,,,,,
444,M07-10,3431.50,Jurassic,38.30,3.70,0.00,0.00,0.00,4.70,0.30,0.00,0.00,0.00,0.00,0.00,0.00,0.00,0.00,0.00,0.00,0.00,0.00,0.00,1.70,0.00,0.00,0.00,0.30,0.00,0.00,0.00,0.00,0.00,0.00,0.00,0.30,0.00,0.00,0.00,0.30,0.00,0.30,24.30,0.00,0.00,0.00,2.00,0.00,0.00,5.30,0.00,0.70,0.00,0.00,0.00,0.70,0.00,0.00,0.00,0.00,1.00,0.00,0.00,0.00,0.00,0.00,0.00,1.70,0.00,0.00,0.30,2.00,0.00,0.00,0.00,0.00,0.00,0.00,0.00,0.70,0.00,0.70,0.00,0.10,0.00,0.00,0.00,0.00,0.00,0.00,0.00,0.00,0.00,0.00,0.00,0.00,0.00,0.00,0.00,0.00,0.00,0.00,0.00,0.00,0.00,0.00,7.00,0.30,0.00,0.00,1.00,0.00,0.00,13.80,85.19,10.14,4.67,18.90,0.71,5.100,,,,,
445,M07-10,3434.50,Jurassic,37.30,2.00,0.30,0.00,0.00,0.70,0.00,0.00,0.00,0.00,0.00,0.00,0.00,0.00,0.00,0.00,0.00,0.00,0.00,0.00,0.30,0.00,0.00,0.00,0.00,0.00,0.00,0.00,0.00,0.00,0.00,0.00,0.00,0.00,0.00,0.00,0.00,0.00,0.30,34.30,0.00,0.00,0.00,0.30,0.00,0.00,9.30,0.00,1.30,0.00,0.00,0.00,2.70,0.00,0.00,0.00,0.00,2.00,0.00,0.00,0.00,0.30,0.00,0.00,0.00,0.00,0.00,0.00,1.70,0.00,0.00,0.00,0.00,0.00,0.00,0.00,1.30,0.00,0.00,0.00,0.10,0.00,0.00,0.00,0.00,0.00,0.00,0.00,0.00,0.00,0.00,0.00,0.00,0.00,0.00,0.00,0.00,0.00,0.00,0.00,0.00,0.00,0.00,4.70,0.00,0.00,0.00,0.70,0.00,0.00,10.10,96.09,1.71,2.20,17.60,0.32,2.100,,,,,
446,M07-10,3436.50,Jurassic,33.00,3.00,0.30,0.00,0.00,1.00,0.30,0.00,0.00,0.00,0.00,0.00,0.00,0.00,0.00,0.00,0.00,0.00,0.00,0.00,0.00,0.00,0.00,0.00,0.00,0.00,0.00,0.00,0.00,0.00,0.00,0.00,0.70,0.00,0.00,0.00,0.30,0.00,0.30,30.30,0.00,0.00,0.00,0.30,0.00,0.00,5.70,0.00,0.70,0.00,0.00,0.00,6.30,0.00,0.00,0.00,0.00,1.00,0.00,0.00,0.00,9.00,0.00,0.00,0.70,0.00,0.00,0.00,0.70,0.00,0.00,0.00,0.00,0.00,0.00,0.00,0.30,0.00,1.00,0.00,0.10,0.00,0.00,0.00,0.00,0.00,0.00,0.00,0.00,0.00,0.00,0.00,0.00,0.00,0.00,0.00,0.00,0.00,0.00,0.00,0.00,0.00,0.00,4.00,0.00,0.00,0.00,1.00,0.00,0.00,16.80,94.24,3.40,2.36,14.50,-0.40,0.400,,,,,
447,M07-10,3438.50,Jurassic,40.00,3.30,0.30,0.00,0.00,2.30,0.00,0.00,0.00,0.30,0.00,0.00,0.00,0.00,0.00,0.00,0.00,0.00,0.00,0.00,0.30,0.00,0.00,0.00,0.00,0.00,0.00,0.30,0.00,0.00,0.00,0.00,0.70,0.00,0.00,0.00,0.10,0.30,0.10,30.00,0.00,0.00,0.00,1.30,0.00,0.00,3.30,0.00,1.70,0.00,0.00,0.00,1.70,0.00,0.00,0.00,0.00,0.30,0.00,0.00,0.00,0.00,0.00,0.00,3.70,0.00,0.00,0.00,1.70,0.00,0.00,0.00,0.00,0.00,0.00,0.00,0.70,0.70,0.70,0.00,0.10,0.00,0.00,0.00,0.00,0.00,0.00,0.00,0.00,0.00,0.00,0.00,0.00,0.00,0.00,0.00,0.00,0.00,0.00,0.00,0.00,0.00,0.00,5.70,0.30,0.00,0.00,0.30,0.00,0.00,13.90,92.13,4.89,2.98,18.60,0.79,6.100,,,,,
448,M07-10,3440.00,Jurassic,39.30,4.00,0.00,0.00,0.00,1.70,0.30,1.00,0.00,0.30,0.00,0.00,0.00,0.00,0.00,0.00,0.00,0.00,0.00,0.00,1.00,0.00,0.00,0.00,0.10,0.00,0.00,0.00,0.00,0.00,0.00,0.00,0.30,0.00,0.00,0.00,0.70,0.00,0.30,27.70,0.00,0.00,0.00,0.10,0.00,0.00,6.00,0.00,1.30,0.00,0.00,0.00,2.70,0.00,0.00,0.00,0.00,0.30,0.00,0.00,0.00,0.00,0.00,0.00,0.70,0.00,0.00,0.70,1.30,0.00,0.00,0.00,0.00,0.00,0.00,0.00,0.30,0.00,0.30,0.00,0.10,0.00,0.00,0.00,0.00,0.00,0.00,0.00,0.00,0.00,0.00,0.00,0.00,0.00,0.00,0.00,0.00,0.00,0.00,0.00,0.00,0.00,0.00,7.70,0.00,0.00,0.00,0.70,0.00,0.00,11.40,89.09,4.12,6.79,19.80,0.87,7.400,,,,,
449,M07-10,3441.75,Jurassic,32.70,4.30,0.00,0.00,0.00,2.70,0.00,0.00,0.00,0.00,0.00,0.00,0.00,0.00,0.00,0.00,0.00,0.00,0.00,0.00,0.70,0.00,0.00,0.00,0.00,0.00,0.00,0.10,0.00,0.00,0.00,0.00,0.30,0.00,0.00,0.00,0.00,0.10,0.30,38.30,0.00,0.00,0.00,0.30,0.00,0.00,3.70,0.00,0.70,0.00,0.00,0.00,1.30,0.00,0.00,0.00,0.00,2.70,0.00,0.00,0.00,1.00,0.00,0.00,0.00,0.00,0.00,0.00,1.00,0.00,0.00,0.00,0.00,0.00,0.00,0.00,0.00,0.30,0.30,0.00,0.10,0.00,0.00,0.00,0.00,0.00,0.00,0.00,0.00,0.00,0.00,0.00,0.00,0.00,0.00,0.00,0.00,0.00,0.00,0.00,0.00,0.00,0.00,7.00,0.00,0.00,0.00,1.70,0.00,0.00,12.40,90.69,6.62,2.70,18.90,0.34,2.200,,,,,
450,M07-10,3444.50,Jurassic,34.00,0.70,0.70,0.00,0.00,3.00,0.70,0.00,0.00,1.30,0.00,0.00,0.00,0.00,0.00,0.00,0.00,0.00,0.00,0.00,1.70,0.00,0.00,0.00,0.00,0.00,0.00,0.00,0.00,0.00,0.00,0.00,2.00,0.00,0.00,0.00,0.30,0.00,0.10,25.30,0.00,0.00,0.00,0.70,0.00,0.00,18.70,0.00,0.30,0.00,0.00,0.00,2.30,0.00,0.00,0.00,0.00,3.30,0.00,0.00,0.00,0.70,0.00,0.00,0.70,0.00,0.00,0.00,0.70,0.00,0.00,0.00,0.00,0.00,0.00,0.00,1.30,0.00,0.00,0.00,0.10,0.00,0.00,0.00,0.00,0.00,0.00,0.00,0.00,0.00,0.00,0.00,0.00,0.00,0.00,0.00,0.00,0.00,0.00,0.00,0.00,0.00,0.00,1.30,0.00,0.00,0.00,0.30,0.00,0.00,8.10,81.65,8.71,9.65,15.70,-0.10,0.800,,,,,
451,M07-10,3447.25,Jurassic,38.00,2.30,1.00,0.00,0.00,6.00,0.00,0.00,0.00,0.30,0.00,0.00,0.00,0.00,0.00,0.00,0.00,0.00,0.00,0.00,0.70,0.00,0.00,0.00,0.00,0.00,0.00,0.00,0.00,0.00,0.00,0.00,0.30,0.00,0.00,0.00,0.30,0.30,0.10,27.70,0.00,0.00,0.00,0.30,0.00,0.00,11.00,0.00,0.30,0.00,0.00,0.00,0.00,0.00,0.00,0.00,0.00,4.00,0.00,0.00,0.00,0.70,0.00,0.00,0.00,0.00,0.00,0.00,1.00,0.00,0.00,0.00,0.00,0.00,0.00,0.00,0.00,0.00,1.00,0.00,0.10,0.00,0.00,0.00,0.00,0.00,0.00,0.00,0.00,0.00,0.00,0.00,0.00,0.00,0.00,0.00,0.00,0.00,0.00,0.00,0.00,0.00,0.00,4.30,0.00,0.00,0.00,0.30,0.00,0.00,11.10,82.24,12.24,5.51,18.00,-0.15,0.700,,,,,
452,M07-10,3450.50,Jurassic,40.30,5.30,0.70,0.00,0.00,1.30,0.00,0.00,0.00,0.10,0.00,0.00,0.00,0.00,0.00,0.00,0.00,0.00,0.00,0.00,1.70,0.00,0.00,0.00,0.10,0.00,0.00,0.10,0.00,0.00,0.00,0.00,0.00,0.00,0.00,0.00,1.00,1.00,0.30,26.70,0.00,0.00,0.00,0.30,0.00,0.00,5.70,0.00,1.00,0.00,0.00,0.00,2.30,0.00,0.00,0.00,0.00,2.30,0.00,0.00,0.00,0.70,0.00,0.00,0.00,0.00,0.00,2.70,0.70,0.00,0.00,0.00,0.00,0.00,0.00,0.00,1.00,0.00,0.00,0.00,0.10,0.00,0.00,0.00,0.00,0.00,0.00,0.00,0.00,0.00,0.00,0.00,0.00,0.00,0.00,0.00,0.00,0.00,0.00,0.00,0.00,0.00,0.00,3.00,0.00,0.00,0.00,1.70,0.00,0.00,10.50,88.20,2.51,9.28,16.80,-0.05,0.900,,,,,
453,M07-10,3453.50,Jurassic,38.00,5.30,0.30,0.00,0.00,3.30,0.00,0.00,0.00,0.70,0.00,0.00,0.00,0.00,0.00,0.00,0.00,0.00,0.00,0.00,0.30,0.00,0.00,0.00,0.00,0.00,0.00,0.30,0.00,0.00,0.00,0.00,0.70,0.00,0.00,0.00,0.00,0.10,0.10,27.00,0.00,0.00,0.00,0.30,0.00,0.00,17.00,0.00,0.00,0.00,0.00,0.00,0.30,0.00,0.00,0.00,0.00,1.30,0.00,0.00,0.00,1.00,0.00,0.00,0.00,0.00,0.00,0.00,0.70,0.00,0.00,0.00,0.00,0.00,0.00,0.00,0.70,0.30,1.00,0.00,0.10,0.00,0.00,0.00,0.00,0.00,0.00,0.00,0.00,0.00,0.00,0.00,0.00,0.00,0.00,0.00,0.00,0.00,0.00,0.00,0.00,0.00,0.00,1.00,0.00,0.00,0.00,0.00,0.00,0.00,6.10,90.02,6.86,3.12,17.30,0.94,8.700,,,,,
454,M07-10,3456.50,Jurassic,35.30,4.00,0.30,0.00,0.00,2.00,0.30,0.00,0.70,0.30,0.00,0.00,0.00,0.00,0.00,0.00,0.00,0.00,0.00,0.00,1.30,0.00,0.00,0.00,0.00,0.00,0.00,0.10,0.00,0.00,0.00,0.00,0.00,0.00,0.00,0.00,0.30,0.30,0.10,33.70,0.00,0.00,0.00,0.70,0.00,0.00,14.30,0.00,0.00,0.00,0.00,0.00,0.00,0.00,0.00,0.00,0.00,0.00,0.00,0.00,0.00,0.30,0.00,0.00,0.00,0.00,0.00,0.00,1.00,0.00,0.00,0.00,0.00,0.00,0.00,0.00,0.30,0.00,0.70,0.00,0.10,0.00,0.00,0.00,0.00,0.00,0.00,0.00,0.00,0.00,0.00,0.00,0.00,0.00,0.00,0.00,0.00,0.00,0.00,0.00,0.00,0.00,0.00,3.30,0.00,0.00,0.00,0.70,0.00,0.00,5.70,87.53,5.12,7.35,19.30,0.70,5.000,,,,,
455,M07-10,3459.50,Jurassic,50.00,4.00,0.30,0.00,0.00,3.30,0.00,0.00,0.70,0.30,0.00,0.00,0.00,0.00,0.00,0.00,0.00,0.00,0.00,0.00,0.00,0.00,0.00,0.00,0.00,0.00,0.00,0.10,0.00,0.00,0.00,0.00,0.30,0.00,0.00,0.00,1.30,0.10,0.10,17.70,0.00,0.00,0.00,0.00,0.00,0.00,10.00,0.00,0.70,0.00,0.00,0.00,0.00,0.00,0.00,0.00,0.00,1.00,0.00,0.00,0.00,0.00,0.00,0.00,0.00,0.00,0.00,0.00,2.30,0.00,0.00,0.00,0.00,0.00,0.00,0.00,0.30,0.00,0.70,0.00,0.10,0.00,0.00,0.00,0.00,0.00,0.00,0.00,0.00,0.00,0.00,0.00,0.00,0.00,0.00,0.00,0.00,0.00,0.00,0.00,0.00,0.00,0.00,5.30,0.00,0.00,0.00,1.00,0.00,0.00,9.70,89.85,5.49,4.66,18.60,0.38,2.400,,,,,
456,M07-10,3461.00,Jurassic,50.70,5.00,0.30,0.00,0.00,2.70,0.00,0.30,0.00,0.00,0.00,0.00,0.00,0.00,0.00,0.00,0.00,0.00,0.00,0.00,0.30,0.00,0.00,0.00,0.00,0.00,0.00,0.10,0.00,0.00,0.00,0.00,0.30,0.00,0.00,0.00,0.70,0.10,1.00,17.70,0.00,0.00,0.00,0.70,0.00,0.00,3.30,0.00,1.00,0.00,0.00,0.00,3.00,0.00,0.00,0.00,0.00,0.00,0.00,0.00,0.00,0.70,0.00,0.00,3.00,0.00,0.00,0.00,0.30,0.00,0.00,0.00,0.00,0.00,0.00,0.00,0.00,0.00,0.70,0.00,0.10,0.00,0.00,0.00,0.00,0.00,0.00,0.00,0.00,0.00,0.00,0.00,0.00,0.00,0.00,0.00,0.00,0.00,0.00,0.00,0.00,0.00,0.00,5.70,0.30,0.00,0.00,1.30,0.00,0.00,10.80,91.16,4.42,4.42,15.60,-0.22,0.600,,,,,
457,M07-10,3463.50,Jurassic,42.30,3.00,1.00,0.00,0.00,4.70,0.00,0.00,0.70,0.00,0.00,0.00,0.00,0.00,0.00,0.00,0.00,0.00,0.00,0.00,0.70,0.00,0.00,0.00,0.00,0.00,0.00,0.10,0.00,0.00,0.00,0.00,1.70,0.00,0.00,0.00,0.70,0.00,0.30,10.00,0.00,0.00,0.00,0.00,0.00,0.00,18.30,0.00,0.70,0.00,0.00,0.00,0.00,0.00,0.00,0.00,0.00,0.30,0.00,0.00,0.00,0.00,0.00,0.00,9.30,0.00,0.00,0.00,1.00,0.00,0.00,0.00,0.00,0.00,0.00,0.00,1.30,0.00,0.70,0.00,0.10,0.00,0.00,0.00,0.00,0.00,0.00,0.00,0.00,0.00,0.00,0.00,0.00,0.00,0.00,0.00,0.00,0.00,0.00,0.00,0.00,0.00,0.00,2.70,0.00,0.00,0.00,0.30,0.00,0.00,15.40,84.83,8.80,6.37,12.80,-0.22,0.600,,,,,
458,M07-10,3466.75,Jurassic,51.30,5.00,1.00,0.00,0.00,3.00,0.70,0.00,0.00,0.30,0.00,0.00,0.00,0.00,0.00,0.00,0.00,0.00,0.00,0.00,0.30,0.00,0.00,0.00,0.00,0.00,0.00,0.10,0.00,0.00,0.00,0.00,0.70,0.00,0.00,0.00,0.00,0.10,0.70,14.70,0.00,0.00,0.00,0.00,0.00,0.00,8.70,0.00,0.00,0.00,0.00,0.00,0.00,0.00,0.00,0.00,0.00,0.30,0.00,0.00,0.00,0.00,0.00,0.00,2.70,0.00,0.00,0.00,1.00,0.00,0.00,0.00,0.00,0.00,0.00,0.00,0.30,0.00,0.30,0.00,0.10,0.00,0.00,0.00,0.00,0.00,0.00,0.00,0.00,0.00,0.00,0.00,0.00,0.00,0.00,0.00,0.00,0.00,0.00,0.00,0.00,0.00,0.00,7.70,0.30,0.00,0.00,0.70,0.00,0.00,12.70,90.22,5.93,3.85,15.80,-0.15,0.700,,,,,
459,M07-10,3468.50,Jurassic,37.30,6.00,0.70,0.00,0.00,3.70,0.30,0.00,0.00,0.10,0.00,0.00,0.00,0.00,0.00,0.00,0.00,0.00,0.00,0.00,1.70,0.00,0.00,0.00,0.00,0.00,0.00,0.00,0.00,0.00,0.00,0.00,0.30,0.00,0.00,0.00,0.30,0.00,0.30,23.30,0.00,0.00,0.00,0.00,0.00,0.00,7.30,0.00,0.70,0.00,0.00,0.00,0.30,0.00,0.00,0.00,0.00,1.30,0.00,0.00,0.00,0.00,0.00,0.00,13.70,0.00,0.00,0.00,1.00,0.00,0.00,0.00,0.00,0.00,0.00,0.00,0.70,0.00,0.30,0.00,0.10,0.00,0.00,0.00,0.00,0.00,0.00,0.00,0.00,0.00,0.00,0.00,0.00,0.00,0.00,0.00,0.00,0.00,0.00,0.00,0.00,0.00,0.00,0.70,0.00,0.00,0.00,0.00,0.00,0.00,17.80,85.91,7.94,6.15,9.70,-1.00,0.100,,,,,
460,M07-10,3472.25,Jurassic,44.30,5.70,0.00,0.00,0.00,2.00,0.00,0.00,0.00,0.00,0.00,0.00,0.00,0.00,0.00,0.00,0.00,0.00,0.00,0.00,1.70,0.00,0.00,0.00,0.00,0.00,0.00,0.10,0.00,0.00,0.00,0.00,0.30,0.00,0.00,0.00,0.70,0.00,0.30,18.00,0.00,0.00,0.00,0.10,0.00,0.00,19.70,0.00,0.70,0.00,0.00,0.00,0.00,0.00,0.00,0.00,0.00,0.70,0.00,0.00,0.00,0.00,0.00,0.00,2.00,0.00,0.00,0.00,0.70,0.00,0.00,0.00,0.00,0.00,0.00,0.00,0.70,0.00,1.30,0.00,0.10,0.00,0.00,0.00,0.00,0.00,0.00,0.00,0.00,0.00,0.00,0.00,0.00,0.00,0.00,0.00,0.00,0.00,0.00,0.00,0.00,0.00,0.00,1.30,0.00,0.00,0.00,0.00,0.00,0.00,6.80,91.41,3.66,4.94,0.00,,,,,,,
461,M07-10,3473.50,Jurassic,41.70,5.30,0.70,0.00,0.00,2.30,0.30,0.00,0.00,0.00,0.00,0.00,0.00,0.00,0.00,0.00,0.00,0.00,0.00,0.00,1.00,0.00,0.00,0.00,0.00,0.00,0.00,0.10,0.00,0.00,0.00,0.00,2.30,0.00,0.00,0.00,1.70,1.00,0.10,16.70,0.00,0.00,0.00,0.70,0.00,0.00,0.00,0.00,0.30,0.00,0.00,0.00,19.30,0.00,0.00,0.00,0.00,5.30,0.00,0.00,0.00,0.00,0.00,0.00,0.00,0.00,0.00,0.30,0.30,0.00,0.00,0.00,0.00,0.00,0.00,0.00,0.00,0.00,0.00,0.00,0.10,0.00,0.00,0.00,0.00,0.00,0.00,0.00,0.00,0.00,0.00,0.00,0.00,0.00,0.00,0.00,0.00,0.00,0.00,0.00,0.00,0.00,0.00,0.70,0.00,0.00,0.00,0.00,0.00,0.00,6.70,86.88,4.81,8.32,10.40,-1.00,0.100,,,,,
462,M07-08,4802.30,Jurassic,31.00,4.70,0.70,0.00,0.00,2.70,0.00,0.30,1.00,0.00,0.00,0.00,0.00,0.00,0.00,0.00,0.00,0.00,0.00,0.00,1.30,0.00,0.00,0.00,0.00,0.00,0.00,0.30,0.00,0.00,0.00,0.00,0.00,0.00,0.00,7.30,0.00,0.00,0.00,28.30,0.00,0.00,0.00,0.30,0.00,0.00,4.30,0.00,1.70,0.00,0.00,0.00,0.00,0.00,0.00,0.00,0.00,0.30,0.00,0.00,0.00,1.30,0.00,0.00,0.00,0.00,0.00,0.00,4.00,0.00,0.00,0.00,0.00,0.00,0.00,0.00,2.70,0.00,0.00,0.00,0.00,0.00,0.00,0.00,0.00,0.00,0.00,0.00,0.00,0.00,0.00,0.00,0.00,0.00,0.00,0.00,0.00,0.00,0.00,0.00,0.00,0.00,0.00,3.30,0.00,0.00,0.00,4.30,0.00,0.00,11.60,85.61,6.47,7.91,15.50,-0.18,0.660,,,,,
463,M07-08,4827.50,Jurassic,40.30,1.00,1.00,0.00,0.00,1.70,0.00,0.30,1.30,0.00,0.00,0.00,0.00,0.00,0.00,0.00,0.00,0.00,0.00,0.00,0.30,0.00,0.00,0.00,0.00,0.00,0.00,0.00,0.00,0.00,0.00,0.00,0.00,0.00,0.00,2.70,0.00,0.00,0.00,27.00,0.00,0.00,0.30,0.00,0.00,0.00,4.00,0.00,0.70,0.00,0.00,0.00,0.00,0.00,0.00,0.00,0.00,3.70,0.00,0.00,0.00,2.30,0.00,0.00,0.00,0.00,0.00,0.00,2.00,0.00,0.00,0.00,0.00,0.00,0.00,0.00,1.30,0.70,0.30,0.00,0.00,0.00,0.00,0.00,0.00,0.00,0.00,0.00,0.00,0.00,0.00,0.00,0.00,0.00,0.00,0.00,0.00,0.00,0.00,0.00,0.00,0.00,0.00,6.70,0.00,0.00,0.00,2.30,0.00,0.00,17.00,89.98,3.70,6.32,15.60,-0.13,0.740,,,,,
464,M07-08,4833.50,Jurassic,39.70,0.70,0.00,0.00,0.00,2.00,0.00,1.00,1.30,0.00,0.00,0.00,0.00,0.00,0.00,0.00,0.00,0.00,0.00,0.00,0.00,0.00,0.00,0.00,0.00,0.00,0.00,0.00,0.00,0.00,0.00,0.00,0.00,0.00,0.00,2.70,0.00,0.00,0.00,24.70,0.00,0.00,0.70,1.70,0.00,0.00,1.30,0.00,1.30,0.00,0.00,0.00,0.00,0.00,0.00,0.00,0.00,16.30,0.00,0.00,0.00,0.30,0.00,0.00,0.00,0.00,0.00,0.00,0.70,0.00,0.00,0.00,0.00,0.00,0.00,0.00,1.00,2.00,0.00,0.00,0.00,0.00,0.00,0.00,0.00,0.00,0.00,0.00,0.00,0.00,0.00,0.00,0.00,0.00,0.00,0.00,0.00,0.00,0.00,0.00,0.00,0.00,0.00,1.30,0.00,0.00,0.00,1.30,0.00,0.00,21.60,90.38,4.47,5.15,12.70,-1.00,0.100,,,,,
465,M07-08,4837.50,Jurassic,24.70,2.70,0.30,0.00,0.00,1.00,0.00,0.00,0.30,0.00,0.00,0.00,0.00,0.00,0.00,0.00,0.00,0.00,0.00,0.00,6.00,0.00,0.00,0.00,0.00,0.00,0.00,0.00,0.00,0.00,0.00,0.00,0.00,0.00,0.00,2.70,0.00,0.00,0.00,24.70,0.00,0.00,0.00,23.30,0.00,0.00,1.30,0.00,2.00,0.00,0.00,0.00,0.00,0.00,0.00,0.00,0.00,2.00,0.00,0.00,0.00,4.00,0.00,0.00,0.00,0.00,0.00,0.00,1.00,0.00,0.00,0.00,0.00,0.00,0.00,0.00,0.30,0.00,0.00,0.00,0.00,0.00,0.00,0.00,0.00,0.00,0.00,0.00,0.00,0.00,0.00,0.00,0.00,0.00,0.00,0.00,0.00,0.00,0.00,0.00,0.00,0.00,0.00,3.00,0.00,0.00,0.00,0.70,0.00,0.00,10.30,78.29,2.86,18.86,13.80,-0.33,0.470,,,,,
466,M07-08,4839.60,Jurassic,50.70,3.00,0.70,0.00,0.00,1.00,0.00,1.00,1.30,0.00,0.00,0.00,0.00,0.00,0.00,0.00,0.00,0.00,0.00,0.00,0.00,0.00,0.00,0.00,0.00,0.00,0.00,0.00,0.00,0.00,0.00,0.00,0.00,0.00,0.00,2.00,0.00,0.00,0.00,15.30,0.00,0.00,0.70,0.00,0.00,0.00,2.00,0.00,4.70,0.00,0.00,0.00,0.00,0.00,0.00,0.00,0.00,0.00,0.00,0.00,0.00,1.00,0.00,0.00,0.00,0.00,0.00,0.00,1.70,0.00,0.00,0.00,0.00,0.00,0.00,0.00,0.70,0.30,0.00,0.00,0.00,0.00,0.00,0.00,0.00,0.00,0.00,0.00,0.00,0.00,0.00,0.00,0.00,0.00,0.00,0.00,0.00,0.00,0.00,0.00,0.00,0.00,0.00,5.70,0.00,0.00,0.00,8.30,0.00,0.00,9.40,93.07,1.73,5.20,18.20,1.05,11.100,,,,,
467,M07-08,4843.30,Jurassic,46.10,2.90,0.30,0.00,0.00,1.60,0.00,0.30,0.30,0.00,0.00,0.00,0.00,0.00,0.00,0.00,0.00,0.00,0.00,0.00,0.00,0.00,0.00,0.00,0.00,0.00,0.00,0.00,0.00,0.00,0.00,0.00,0.00,0.00,0.00,2.90,0.00,0.00,0.00,15.70,0.00,0.00,0.00,0.30,0.00,0.00,3.60,0.00,0.70,0.00,0.00,0.00,0.00,0.00,0.00,0.00,0.00,1.00,0.00,0.00,0.00,1.30,0.00,0.00,0.00,0.00,0.00,0.00,4.20,0.00,0.00,0.00,0.00,0.00,0.00,0.00,2.90,0.00,1.30,0.00,0.00,0.00,0.00,0.00,0.00,0.00,0.00,0.00,0.00,0.00,0.00,0.00,0.00,0.00,0.00,0.00,0.00,0.00,0.00,0.00,0.00,0.00,0.00,6.20,0.00,0.00,0.00,8.20,0.00,0.00,16.90,95.15,3.11,1.75,19.30,0.91,8.160,,,,,
468,M07-08,4845.50,Jurassic,40.00,2.00,0.30,0.00,0.00,2.30,0.00,0.30,2.00,0.00,0.00,0.00,0.00,0.00,0.00,0.00,0.00,0.00,0.00,0.00,0.00,0.00,0.00,0.00,0.00,0.00,0.00,0.00,0.00,0.00,0.00,0.00,0.00,0.00,0.00,2.70,0.00,0.00,0.00,12.30,0.00,0.00,0.30,2.00,0.00,0.00,2.30,0.00,4.00,0.00,0.00,0.00,0.00,0.00,0.00,0.00,0.00,0.70,0.00,0.00,0.00,3.00,0.00,0.00,0.00,0.00,0.00,0.00,5.70,0.00,0.00,0.00,0.00,0.00,0.00,0.00,0.00,0.70,0.30,0.00,0.00,0.00,0.00,0.00,0.00,0.00,0.00,0.00,0.00,0.00,0.00,0.00,0.00,0.00,0.00,0.00,0.00,0.00,0.00,0.00,0.00,0.00,0.00,8.00,0.00,0.00,0.00,11.00,0.00,0.00,18.40,89.55,4.90,5.54,18.50,0.96,9.040,,,,,
469,M07-08,4848.50,Jurassic,37.30,2.30,1.00,0.00,0.00,1.00,0.00,0.00,1.00,0.00,0.00,0.00,0.00,0.00,0.00,0.00,0.00,0.00,0.00,0.00,0.30,0.00,0.00,0.00,0.00,0.00,0.00,0.30,0.00,0.00,0.00,0.00,0.00,0.00,0.00,2.70,0.00,0.00,0.00,15.70,0.00,0.00,0.00,0.70,0.00,0.00,8.70,0.00,2.00,0.00,0.00,0.00,0.00,0.00,0.00,0.00,0.00,5.30,0.00,0.00,0.00,6.00,0.00,0.00,0.00,0.00,0.00,0.00,3.00,0.00,0.00,0.00,0.00,0.00,0.00,0.00,3.30,0.00,1.30,0.00,0.00,0.00,0.00,0.00,0.00,0.00,0.00,0.00,0.00,0.00,0.00,0.00,0.00,0.00,0.00,0.00,0.00,0.00,0.00,0.00,0.00,0.00,0.00,6.00,0.00,0.00,0.00,2.00,0.00,0.00,24.90,92.31,2.33,5.36,14.40,-0.30,0.500,,,,,
470,M07-08,4849.50,Jurassic,35.40,2.30,1.00,0.00,0.00,2.30,0.00,0.00,1.00,0.00,0.00,0.00,0.00,0.00,0.00,0.00,0.00,0.00,0.00,0.00,0.30,0.00,0.00,0.00,0.00,0.00,0.00,0.00,0.00,0.00,0.00,0.00,0.00,0.00,0.00,1.30,0.00,0.00,0.00,20.20,0.00,0.00,0.70,1.00,0.00,0.00,8.30,0.00,0.30,0.00,0.00,0.00,0.00,0.00,0.00,0.00,0.00,7.30,0.00,0.00,0.00,8.00,0.00,0.00,0.00,0.00,0.00,0.00,1.70,0.00,0.00,0.00,0.00,0.00,0.00,0.00,2.60,0.00,1.00,0.00,0.00,0.00,0.00,0.00,0.00,0.00,0.00,0.00,0.00,0.00,0.00,0.00,0.00,0.00,0.00,0.00,0.00,0.00,0.00,0.00,0.00,0.00,0.00,3.60,0.00,0.00,0.00,1.70,0.00,0.00,24.20,89.13,5.44,5.44,8.70,-1.40,0.040,,,,,
471,M07-08,4851.50,Jurassic,47.00,1.00,1.70,0.00,0.00,0.70,0.00,2.00,3.00,0.00,0.00,0.00,0.00,0.00,0.00,0.00,0.00,0.00,0.00,0.00,0.70,0.00,0.00,0.00,0.00,0.00,0.00,0.00,0.00,0.00,0.00,0.00,0.00,0.00,0.00,1.30,0.00,0.00,0.00,8.70,0.00,0.00,0.30,2.30,0.00,0.00,1.00,0.00,2.70,0.00,0.00,0.00,0.00,0.00,0.00,0.00,0.00,2.70,0.00,0.00,0.00,7.00,0.00,0.00,0.00,0.00,0.00,0.00,3.00,0.00,0.00,0.00,0.00,0.00,0.00,0.00,2.00,0.70,0.00,0.00,0.00,0.00,0.00,0.00,0.00,0.00,0.00,0.00,0.00,0.00,0.00,0.00,0.00,0.00,0.00,0.00,0.00,0.00,0.00,0.00,0.00,0.00,0.00,6.70,0.00,0.00,0.00,5.70,0.00,0.00,22.10,85.56,1.25,13.19,18.20,0.53,3.380,,,,,
472,M07-08,4853.30,Jurassic,48.30,1.70,0.30,0.00,0.00,1.70,0.00,0.30,0.70,0.00,0.00,0.00,0.00,0.00,0.00,0.00,0.00,0.00,0.00,0.00,0.30,0.00,0.00,0.00,0.00,0.00,0.00,0.00,0.00,0.00,0.00,0.00,0.00,0.00,0.00,2.30,0.00,0.00,0.00,14.00,0.00,0.00,0.00,0.70,0.00,0.00,1.70,0.00,1.70,0.00,0.00,0.00,0.00,0.00,0.00,0.00,0.00,5.30,0.00,0.00,0.00,5.30,0.00,0.00,0.00,0.00,0.00,0.00,2.30,0.00,0.00,0.00,0.00,0.00,0.00,0.00,2.70,0.00,0.70,0.00,0.00,0.00,0.00,0.00,0.00,0.00,0.00,0.00,0.00,0.00,0.00,0.00,0.00,0.00,0.00,0.00,0.00,0.00,0.00,0.00,0.00,0.00,0.00,4.70,0.00,0.00,0.00,5.30,0.00,0.00,21.00,93.81,3.19,3.00,16.50,0.38,2.390,,,,,
473,M07-08,4855.30,Jurassic,42.30,1.30,1.70,0.00,0.00,4.70,0.00,0.30,0.70,0.00,0.00,0.00,0.00,0.00,0.00,0.00,0.00,0.00,0.00,0.00,0.30,0.00,0.00,0.00,0.00,0.00,0.00,0.00,0.00,0.00,0.00,0.00,0.00,0.00,0.00,2.00,0.00,0.00,0.00,11.30,0.00,0.00,0.00,1.30,0.00,0.00,2.00,0.00,1.70,0.00,0.00,0.00,0.00,0.00,0.00,0.00,0.00,1.70,0.00,0.00,0.00,2.70,0.00,0.00,0.00,0.00,0.00,0.00,5.30,0.00,0.00,0.00,0.00,0.00,0.00,0.00,2.70,0.00,1.30,0.00,0.00,0.00,0.00,0.00,0.00,0.00,0.00,0.00,0.00,0.00,0.00,0.00,0.00,0.00,0.00,0.00,0.00,0.00,0.00,0.00,0.00,0.00,0.00,7.70,0.00,0.00,0.00,9.00,0.00,0.00,21.40,84.99,9.16,5.85,19.60,1.06,11.400,,,,,
474,M07-08,4857.50,Jurassic,44.70,0.70,0.70,0.00,0.00,2.00,0.00,4.00,0.30,0.00,0.00,0.00,0.00,0.00,0.00,0.00,0.00,0.00,0.00,0.00,0.00,0.00,0.00,0.00,0.00,0.00,0.00,0.00,0.00,0.00,0.00,0.00,0.00,0.00,0.00,2.00,0.00,0.00,0.00,13.00,0.00,0.00,0.70,0.00,0.00,0.00,5.30,0.00,3.70,0.00,0.00,0.00,0.00,0.00,0.00,0.00,0.00,1.00,0.00,0.00,0.00,3.00,0.00,0.00,0.00,0.00,0.00,0.00,3.30,0.00,0.00,0.00,0.00,0.00,0.00,0.00,0.70,1.00,0.30,0.00,0.00,0.00,0.00,0.00,0.00,0.00,0.00,0.00,0.00,0.00,0.00,0.00,0.00,0.00,0.00,0.00,0.00,0.00,0.00,0.00,0.00,0.00,0.00,5.70,0.00,0.00,0.00,8.00,0.00,0.00,15.00,86.64,3.82,9.54,17.90,0.80,6.310,,,,,
475,M07-08,4859.50,Jurassic,46.00,2.00,0.30,0.00,0.00,2.30,0.00,0.00,1.00,0.00,0.00,0.00,0.00,0.00,0.00,0.00,0.00,0.00,0.00,0.00,0.70,0.00,0.00,0.00,0.00,0.00,0.00,0.00,0.00,0.00,0.00,0.00,0.00,0.00,0.00,1.30,0.00,0.00,0.00,11.30,0.00,0.00,0.70,0.00,0.00,0.00,3.70,0.00,1.00,0.00,0.00,0.00,0.00,0.00,0.00,0.00,0.00,3.70,0.00,0.00,0.00,3.30,0.00,0.00,0.00,0.00,0.00,0.00,2.70,0.00,0.00,0.00,0.00,0.00,0.00,0.00,1.30,0.00,2.00,0.00,0.00,0.00,0.00,0.00,0.00,0.00,0.00,0.00,0.00,0.00,0.00,0.00,0.00,0.00,0.00,0.00,0.00,0.00,0.00,0.00,0.00,0.00,0.00,5.70,0.00,0.00,0.00,11.00,0.00,0.00,18.70,91.78,4.40,3.82,19.30,1.07,11.700,,,,,
476,M07-08,4863.50,Jurassic,42.00,1.70,0.70,0.00,0.00,2.30,0.00,2.70,0.70,0.00,0.00,0.00,0.00,0.00,0.00,0.00,0.00,0.00,0.00,0.00,0.00,0.00,0.00,0.00,0.00,0.00,0.00,0.00,0.00,0.00,0.00,0.00,0.00,0.00,0.00,1.30,0.00,0.00,0.00,20.70,0.00,0.00,0.30,0.70,0.00,0.00,0.30,0.00,3.00,0.00,0.00,0.00,0.00,0.00,0.00,0.00,0.00,4.00,0.00,0.00,0.00,4.70,0.00,0.00,0.00,0.00,0.00,0.00,2.70,0.00,0.00,0.00,0.00,0.00,0.00,0.00,1.00,1.00,0.30,0.00,0.00,0.00,0.00,0.00,0.00,0.00,0.00,0.00,0.00,0.00,0.00,0.00,0.00,0.00,0.00,0.00,0.00,0.00,0.00,0.00,0.00,0.00,0.00,4.30,0.00,0.00,0.00,5.70,0.00,0.00,18.00,87.23,4.59,8.18,17.40,0.77,5.930,,,,,
477,M07-08,4864.30,Jurassic,44.00,4.00,0.00,0.00,0.00,1.00,0.00,1.70,0.70,0.00,0.00,0.00,0.00,0.00,0.00,0.00,0.00,0.00,0.00,0.00,0.30,0.00,0.00,0.00,0.00,0.00,0.00,0.00,0.00,0.00,0.00,0.00,0.00,0.00,0.00,3.70,0.00,0.00,0.00,18.30,0.00,0.00,0.30,0.30,0.00,0.00,2.30,0.00,1.30,0.00,0.00,0.00,0.00,0.00,0.00,0.00,0.00,5.00,0.00,0.00,0.00,3.70,0.00,0.00,0.00,0.00,0.00,0.00,2.70,0.00,0.00,0.00,0.00,0.00,0.00,0.00,1.00,0.00,0.70,0.00,0.00,0.00,0.00,0.00,0.00,0.00,0.00,0.00,0.00,0.00,0.00,0.00,0.00,0.00,0.00,0.00,0.00,0.00,0.00,0.00,0.00,0.00,0.00,4.00,0.00,0.00,0.00,5.00,0.00,0.00,17.10,92.84,1.93,5.22,17.70,0.97,9.420,,,,,
478,M07-08,4806.40,Jurassic,44.30,2.00,0.00,0.00,0.00,0.70,0.00,0.00,1.00,0.00,0.00,0.00,0.00,0.00,0.00,0.00,0.00,0.00,0.00,0.00,0.70,0.00,0.00,0.00,0.00,0.00,0.00,0.00,0.00,0.00,0.00,0.00,0.00,0.00,0.00,2.00,0.00,0.00,0.00,28.30,0.00,0.00,2.00,0.30,0.00,0.00,4.00,0.00,0.70,0.00,0.00,0.00,0.00,0.00,0.00,0.00,0.00,1.70,0.00,0.00,0.00,0.30,0.00,0.00,0.00,0.00,0.00,0.00,2.30,0.00,0.00,0.00,0.00,0.00,0.00,0.00,1.00,2.00,0.00,0.00,0.00,0.00,0.00,0.00,0.00,0.00,0.00,0.00,0.00,0.00,0.00,0.00,0.00,0.00,0.00,0.00,0.00,0.00,0.00,0.00,0.00,0.00,0.00,3.30,0.00,0.00,0.00,3.30,0.00,0.00,10.60,95.07,1.44,3.49,16.10,0.64,4.340,,,,,
479,M07-08,4869.50,Jurassic,40.00,2.30,0.70,0.00,0.00,2.00,0.00,3.30,1.70,0.00,0.00,0.00,0.00,0.00,0.00,0.00,0.00,0.00,0.00,0.00,0.30,0.00,0.00,0.00,0.00,0.00,0.00,0.00,0.00,0.00,0.00,0.00,0.00,0.00,0.00,5.70,0.00,0.00,0.00,17.00,0.00,0.00,0.70,1.00,0.00,0.00,1.00,0.00,4.30,0.00,0.00,0.00,0.00,0.00,0.00,0.00,0.00,3.00,0.00,0.00,0.00,1.70,0.00,0.00,0.00,0.00,0.00,0.00,2.30,0.00,0.00,0.00,0.00,0.00,0.00,0.00,0.30,0.30,0.70,0.00,0.00,0.00,0.00,0.00,0.00,0.00,0.00,0.00,0.00,0.00,0.00,0.00,0.00,0.00,0.00,0.00,0.00,0.00,0.00,0.00,0.00,0.00,0.00,5.00,0.00,0.00,0.00,6.70,0.00,0.00,13.30,84.10,3.98,11.93,15.00,0.14,1.380,,,,,
480,M07-08,4800.50,Jurassic,26.70,0.00,0.30,0.00,0.00,2.00,0.00,0.00,2.70,0.00,0.00,0.00,0.00,0.00,0.00,0.00,0.00,0.00,0.00,0.00,0.70,0.00,0.00,0.00,0.00,0.00,0.00,0.70,0.00,0.00,0.00,0.00,0.00,0.00,0.00,2.00,0.00,0.00,0.00,19.30,0.00,0.00,1.00,0.30,0.00,0.00,2.00,0.00,0.30,0.00,0.00,0.00,0.00,0.00,0.00,0.00,0.00,38.70,0.00,0.00,0.00,0.70,0.00,0.00,0.00,0.00,0.00,0.00,0.70,0.00,0.00,0.00,0.00,0.00,0.00,0.00,1.70,0.00,0.00,0.00,0.00,0.00,0.00,0.00,0.00,0.00,0.00,0.00,0.00,0.00,0.00,0.00,0.00,0.00,0.00,0.00,0.00,0.00,0.00,0.00,0.00,0.00,0.00,0.30,0.00,0.00,0.00,0.00,0.00,0.00,42.10,82.41,6.17,11.42,5.40,-2.00,0.010,,,,,
481,M07-08,4875.50,Jurassic,40.30,4.30,1.00,0.00,0.00,2.00,0.00,1.00,3.00,0.00,0.00,0.00,0.00,0.00,0.00,0.00,0.00,0.00,0.00,0.00,0.00,0.00,0.00,0.00,0.00,0.00,0.00,0.00,0.00,0.00,0.00,0.00,0.00,0.00,0.00,1.00,0.00,0.00,0.00,19.70,0.00,0.00,1.00,1.00,0.00,0.00,3.70,0.00,3.30,0.00,0.00,0.00,0.00,0.00,0.00,0.00,0.00,0.70,0.00,0.00,0.00,0.30,0.00,0.00,0.00,0.00,0.00,0.00,1.70,0.00,0.00,0.00,0.00,0.00,0.00,0.00,1.00,0.30,1.30,0.00,0.00,0.00,0.00,0.00,0.00,0.00,0.00,0.00,0.00,0.00,0.00,0.00,0.00,0.00,0.00,0.00,0.00,0.00,0.00,0.00,0.00,0.00,0.00,6.70,0.00,0.00,0.00,6.70,0.00,0.00,12.00,86.43,3.88,9.69,17.70,0.78,5.970,,,,,
482,M07-08,4877.20,Jurassic,43.70,3.30,1.70,0.00,0.00,3.30,0.00,0.00,1.70,0.00,0.00,0.00,0.00,0.00,0.00,0.00,0.00,0.00,0.00,0.00,0.70,0.00,0.00,0.00,0.00,0.00,0.00,0.00,0.00,0.00,0.00,0.00,0.00,0.00,0.00,1.70,0.00,0.00,0.00,9.70,0.00,0.00,0.00,0.30,0.00,0.00,2.30,0.00,1.70,0.00,0.00,0.00,0.00,0.00,0.00,0.00,0.00,1.00,0.00,0.00,0.00,3.00,0.00,0.00,0.00,0.00,0.00,0.00,6.30,0.00,0.00,0.00,0.00,0.00,0.00,0.00,2.30,0.30,0.00,0.00,0.00,0.00,0.00,0.00,0.00,0.00,0.00,0.00,0.00,0.00,0.00,0.00,0.00,0.00,0.00,0.00,0.00,0.00,0.00,0.00,0.00,0.00,0.00,7.70,0.00,0.00,0.00,9.30,0.00,0.00,20.60,86.40,6.07,7.54,21.30,1.36,22.700,,,,,
483,M07-08,4881.50,Jurassic,37.70,4.00,0.30,0.00,0.00,1.30,0.00,0.70,1.00,0.00,0.00,0.00,0.00,0.00,0.00,0.00,0.00,0.00,0.00,0.00,0.30,0.00,0.00,0.00,0.00,0.00,0.00,0.00,0.00,0.00,0.00,0.00,0.00,0.00,0.00,3.30,0.00,0.00,0.00,28.70,0.00,0.00,0.00,0.00,0.00,0.00,3.00,0.00,1.00,0.00,0.00,0.00,0.00,0.00,0.00,0.00,0.00,6.30,0.00,0.00,0.00,7.00,0.00,0.00,0.00,0.00,0.00,0.00,2.70,0.00,0.00,0.00,0.00,0.00,0.00,0.00,1.00,0.30,0.30,0.00,0.00,0.00,0.00,0.00,0.00,0.00,0.00,0.00,0.00,0.00,0.00,0.00,0.00,0.00,0.00,0.00,0.00,0.00,0.00,0.00,0.00,0.00,0.00,0.70,0.00,0.00,0.00,0.30,0.00,0.00,18.30,92.05,2.87,5.08,10.20,-0.55,0.280,,,,,
484,M07-08,4884.70,Jurassic,40.30,1.30,0.30,0.00,0.00,0.70,0.00,0.00,0.70,0.00,0.00,0.00,0.00,0.00,0.00,0.00,0.00,0.00,0.00,0.00,1.00,0.00,0.00,0.00,0.00,0.00,0.00,0.00,0.00,0.00,0.00,0.00,0.00,0.00,0.00,3.70,0.00,0.00,0.00,24.70,0.00,0.00,0.70,0.70,0.00,0.00,1.00,0.00,2.00,0.00,0.00,0.00,0.00,0.00,0.00,0.00,0.00,1.70,0.00,0.00,0.00,0.70,0.00,0.00,0.00,0.00,0.00,0.00,4.30,0.00,0.00,0.00,0.00,0.00,0.00,0.00,4.00,0.00,0.00,0.00,0.00,0.00,0.00,0.00,0.00,0.00,0.00,0.00,0.00,0.00,0.00,0.00,0.00,0.00,0.00,0.00,0.00,0.00,0.00,0.00,0.00,0.00,0.00,4.30,0.00,0.00,0.00,8.00,0.00,0.00,15.00,93.91,1.58,4.51,17.30,0.92,8.290,,,,,
485,M07-08,4887.00,Jurassic,40.00,0.70,0.30,0.00,0.00,1.30,0.00,0.00,1.00,0.00,0.00,0.00,0.00,0.00,0.00,0.00,0.00,0.00,0.00,0.00,0.00,0.00,0.00,0.00,0.00,0.00,0.00,0.00,0.00,0.00,0.00,0.00,0.00,0.00,0.00,6.70,0.00,0.00,0.00,15.70,0.00,0.00,0.30,0.00,0.00,0.00,5.30,0.00,3.70,0.00,0.00,0.00,0.00,0.00,0.00,0.00,0.00,15.00,0.00,0.00,0.00,1.00,0.00,0.00,0.00,0.00,0.00,0.00,1.00,0.00,0.00,0.00,0.00,0.00,0.00,0.00,2.30,0.00,0.00,0.00,0.00,0.00,0.00,0.00,0.00,0.00,0.00,0.00,0.00,0.00,0.00,0.00,0.00,0.00,0.00,0.00,0.00,0.00,0.00,0.00,0.00,0.00,0.00,3.00,0.00,0.00,0.00,2.70,0.00,0.00,22.30,94.00,3.00,3.00,13.60,-0.41,0.390,,,,,
486,M07-08,4887.50,Jurassic,46.30,1.30,0.70,0.00,0.00,1.70,0.00,0.00,1.00,0.00,0.00,0.00,0.00,0.00,0.00,0.00,0.00,0.00,0.00,0.00,0.30,0.00,0.00,0.00,0.00,0.00,0.00,0.00,0.00,0.00,0.00,0.00,0.00,0.00,0.00,2.70,0.00,0.00,0.00,20.00,0.00,0.00,0.70,0.00,0.00,0.00,6.00,0.00,4.30,0.00,0.00,0.00,0.00,0.00,0.00,0.00,0.00,4.00,0.00,0.00,0.00,5.00,0.00,0.00,0.00,0.00,0.00,0.00,0.70,0.00,0.00,0.00,0.00,0.00,0.00,0.00,2.00,0.00,1.00,0.00,0.00,0.00,0.00,0.00,0.00,0.00,0.00,0.00,0.00,0.00,0.00,0.00,0.00,0.00,0.00,0.00,0.00,0.00,0.00,0.00,0.00,0.00,0.00,1.30,0.00,0.00,0.00,1.00,0.00,0.00,14.00,92.79,3.31,3.90,12.20,-0.15,0.710,,,,,
487,M07-08,4808.70,Jurassic,40.70,4.30,0.30,0.00,0.00,1.00,0.00,0.30,1.30,0.00,0.00,0.00,0.00,0.00,0.00,0.00,0.00,0.00,0.00,0.00,0.00,0.00,0.00,0.00,0.00,0.00,0.00,0.00,0.00,0.00,0.00,0.00,0.00,0.00,0.00,0.70,0.00,0.00,0.00,26.00,0.00,0.00,0.00,0.00,0.00,0.00,7.00,0.00,2.70,0.00,0.00,0.00,0.00,0.00,0.00,0.00,0.00,0.00,0.00,0.00,0.00,0.00,0.00,0.00,0.00,0.00,0.00,0.00,2.30,0.00,0.00,0.00,0.00,0.00,0.00,0.00,1.00,0.00,2.00,0.00,0.00,0.00,0.00,0.00,0.00,0.00,0.00,0.00,0.00,0.00,0.00,0.00,0.00,0.00,0.00,0.00,0.00,0.00,0.00,0.00,0.00,0.00,0.00,4.00,0.00,0.00,0.00,6.30,0.00,0.00,9.30,93.95,2.09,3.97,16.30,0.66,4.560,,,,,
488,M07-08,4890.50,Jurassic,45.30,1.00,0.30,0.00,0.00,3.00,0.00,0.30,1.00,0.00,0.00,0.00,0.00,0.00,0.00,0.00,0.00,0.00,0.00,0.00,0.00,0.00,0.00,0.30,0.00,0.00,0.00,0.00,0.00,0.00,0.00,0.00,0.00,0.00,0.00,6.30,0.00,0.00,0.00,11.00,0.00,0.00,0.00,0.30,0.00,0.00,0.70,0.00,3.70,0.00,0.00,0.00,0.00,0.00,0.00,0.00,0.00,1.30,0.00,0.00,0.00,0.70,0.00,0.00,0.00,0.00,0.00,0.00,3.30,0.00,0.00,0.00,0.00,0.00,0.00,0.00,3.30,0.00,0.00,0.00,0.00,0.00,0.00,0.00,0.00,0.00,0.00,0.00,0.00,0.00,0.00,0.00,0.00,0.00,0.00,0.00,0.00,0.00,0.00,0.00,0.00,0.00,0.00,10.00,0.00,0.00,0.00,8.00,0.00,0.00,18.60,90.96,5.89,3.14,19.00,0.84,6.930,,,,,
489,M07-08,4893.40,Jurassic,47.00,3.00,0.70,0.00,0.00,0.70,0.00,0.30,2.70,0.00,0.00,0.00,0.00,0.00,0.00,0.00,0.00,0.00,0.00,0.00,0.70,0.00,0.00,0.00,0.00,0.00,0.00,0.00,0.00,0.00,0.00,0.00,0.00,0.00,0.00,2.70,0.00,0.00,0.00,20.70,0.00,0.00,0.00,0.30,0.00,0.00,2.00,0.00,4.30,0.00,0.00,0.00,0.00,0.00,0.00,0.00,0.00,0.30,0.00,0.00,0.00,1.30,0.00,0.00,0.00,0.00,0.00,0.00,1.00,0.00,0.00,0.00,0.00,0.00,0.00,0.00,0.00,1.00,0.70,0.00,0.00,0.00,0.00,0.00,0.00,0.00,0.00,0.00,0.00,0.00,0.00,0.00,0.00,0.00,0.00,0.00,0.00,0.00,0.00,0.00,0.00,0.00,0.00,4.70,0.00,0.00,0.00,6.00,0.00,0.00,9.00,90.74,1.27,7.99,17.70,0.62,4.140,,,,,
490,M07-08,4897.00,Jurassic,34.70,1.30,0.70,0.00,0.00,1.70,0.00,0.00,4.00,0.00,0.00,0.00,0.00,0.00,0.00,0.00,0.00,0.00,0.00,0.00,0.70,0.00,0.00,0.00,0.00,0.00,0.00,0.00,0.00,0.00,0.00,0.00,0.00,0.00,0.00,6.70,0.00,0.00,0.00,24.30,0.00,0.00,0.30,0.30,0.00,0.00,2.70,0.00,3.00,0.00,0.00,0.00,0.00,0.00,0.00,0.00,0.00,12.00,0.00,0.00,0.00,3.00,0.00,0.00,0.00,0.00,0.00,0.00,0.00,0.00,0.00,0.00,0.00,0.00,0.00,0.00,2.00,0.00,0.00,0.00,0.00,0.00,0.00,0.00,0.00,0.00,0.00,0.00,0.00,0.00,0.00,0.00,0.00,0.00,0.00,0.00,0.00,0.00,0.00,0.00,0.00,0.00,0.00,1.30,0.00,0.00,0.00,1.30,0.00,0.00,18.30,83.53,3.94,12.53,11.60,-0.85,0.140,,,,,
491,M07-08,4899.40,Jurassic,44.00,4.00,0.00,0.00,0.00,2.00,0.00,2.00,1.00,0.00,0.00,0.00,0.00,0.00,0.00,0.00,0.00,0.00,0.00,0.00,0.00,0.00,0.00,0.00,0.00,0.00,0.00,0.00,0.00,0.00,0.00,0.00,0.00,0.00,0.00,11.00,0.00,0.00,0.00,20.00,0.00,0.00,0.00,0.00,0.00,0.00,6.00,0.00,5.00,0.00,0.00,0.00,0.00,0.00,0.00,0.00,0.00,0.00,0.00,0.00,0.00,0.00,0.00,0.00,0.00,0.00,0.00,0.00,3.00,0.00,0.00,0.00,0.00,0.00,0.00,0.00,0.00,0.00,0.00,0.00,0.00,0.00,0.00,0.00,0.00,0.00,0.00,0.00,0.00,0.00,0.00,0.00,0.00,0.00,0.00,0.00,0.00,0.00,0.00,0.00,0.00,0.00,0.00,1.00,0.00,0.00,0.00,1.00,0.00,0.00,4.00,90.57,3.77,5.66,18.70,0.83,6.710,,,,,
492,M07-08,4905.40,Jurassic,31.00,5.00,0.00,0.00,0.00,3.00,0.00,0.00,1.00,0.00,0.00,0.00,0.00,0.00,0.00,0.00,0.00,0.00,0.00,0.00,0.00,0.00,0.00,0.00,0.00,0.00,0.00,0.00,0.00,0.00,0.00,0.00,0.00,0.00,0.00,6.00,0.00,0.00,0.00,13.00,0.00,0.00,2.00,1.00,0.00,0.00,7.00,0.00,5.00,0.00,0.00,0.00,0.00,0.00,0.00,0.00,0.00,5.00,0.00,0.00,0.00,0.00,0.00,0.00,0.00,0.00,0.00,0.00,7.00,0.00,0.00,0.00,0.00,0.00,0.00,0.00,0.00,0.00,1.00,0.00,0.00,0.00,0.00,0.00,0.00,0.00,0.00,0.00,0.00,0.00,0.00,0.00,0.00,0.00,0.00,0.00,0.00,0.00,0.00,0.00,0.00,0.00,0.00,8.00,0.00,0.00,0.00,5.00,0.00,0.00,21.00,90.00,7.50,2.50,17.20,0.23,1.680,,,,,
493,M07-08,4811.50,Jurassic,29.00,2.30,1.30,0.00,0.00,1.30,0.00,0.30,3.70,0.00,0.00,0.00,0.00,0.00,0.00,0.00,0.00,0.00,0.00,0.00,1.30,0.00,0.00,0.00,0.00,0.00,0.00,0.00,0.00,0.00,0.00,0.00,0.00,0.00,0.00,2.30,0.00,0.00,0.00,26.00,0.00,0.00,0.00,0.70,0.00,0.00,2.30,0.00,0.70,0.00,0.00,0.00,0.00,0.00,0.00,0.00,0.00,12.00,0.00,0.00,0.00,1.70,0.00,0.00,0.00,0.00,0.00,0.00,3.30,0.00,0.00,0.00,0.00,0.00,0.00,0.00,1.70,0.00,0.30,0.00,0.00,0.00,0.00,0.00,0.00,0.00,0.00,0.00,0.00,0.00,0.00,0.00,0.00,0.00,0.00,0.00,0.00,0.00,0.00,0.00,0.00,0.00,0.00,5.00,0.00,0.00,0.00,4.70,0.00,0.00,24.00,79.85,3.32,16.84,9.20,-1.52,0.030,,,,,
494,M07-08,4812.50,Jurassic,34.70,5.00,0.70,0.00,0.00,0.70,0.00,0.00,1.30,0.00,0.00,0.00,0.00,0.00,0.00,0.00,0.00,0.00,0.00,0.00,1.00,0.00,0.00,0.30,0.00,0.00,0.00,0.00,0.00,0.00,0.00,0.00,0.00,0.00,0.00,3.30,0.00,0.00,0.00,26.00,0.00,0.00,0.70,1.00,0.00,0.00,6.00,0.00,3.00,0.00,0.00,0.00,0.00,0.00,0.00,0.00,0.00,3.70,0.00,0.00,0.00,2.30,0.00,0.00,0.00,0.00,0.00,0.00,1.00,0.00,0.00,0.00,0.00,0.00,0.00,0.00,2.00,1.00,0.00,0.00,0.00,0.00,0.00,0.00,0.00,0.00,0.00,0.00,0.00,0.00,0.00,0.00,0.00,0.00,0.00,0.00,0.00,0.00,0.00,0.00,0.00,0.00,0.00,2.70,0.00,0.00,0.00,3.70,0.00,0.00,12.70,91.47,1.61,6.91,14.30,-0.21,0.610,,,,,
495,M07-08,4815.50,Jurassic,34.70,1.30,1.00,0.00,0.00,4.70,0.00,0.70,1.30,0.00,0.00,0.00,0.00,0.00,0.00,0.00,0.00,0.00,0.00,0.00,0.30,0.00,0.00,0.00,0.00,0.00,0.00,0.00,0.00,0.00,0.00,0.00,0.00,0.00,0.00,3.30,0.00,0.00,0.00,18.00,0.00,0.00,0.30,0.30,0.00,0.00,14.70,0.00,1.30,0.00,0.00,0.00,0.00,0.00,0.00,0.00,0.00,8.30,0.00,0.00,0.00,3.70,0.00,0.00,0.00,0.00,0.00,0.00,1.00,0.00,0.00,0.00,0.00,0.00,0.00,0.00,4.00,0.00,0.30,0.00,0.00,0.00,0.00,0.00,0.00,0.00,0.00,0.00,0.00,0.00,0.00,0.00,0.00,0.00,0.00,0.00,0.00,0.00,0.00,0.00,0.00,0.00,0.00,0.30,0.00,0.00,0.00,0.30,0.00,0.00,17.60,81.82,10.68,7.50,10.50,-1.40,0.040,,,,,
496,M07-08,4821.50,Jurassic,41.30,1.00,1.00,0.00,0.00,1.70,0.00,0.30,0.70,0.00,0.00,0.00,0.00,0.00,0.00,0.00,0.00,0.00,0.00,0.00,3.00,0.00,0.00,0.00,0.00,0.00,0.00,0.00,0.00,0.00,0.00,0.00,0.00,0.00,0.00,1.70,0.00,0.00,0.00,24.70,0.00,0.00,0.70,1.00,0.00,0.00,15.70,0.00,1.30,0.00,0.00,0.00,0.00,0.00,0.00,0.00,0.00,4.00,0.00,0.00,0.00,0.00,0.00,0.00,0.00,0.00,0.00,0.00,0.30,0.00,0.00,0.00,0.00,0.00,0.00,0.00,1.30,0.00,0.00,0.00,0.00,0.00,0.00,0.00,0.00,0.00,0.00,0.00,0.00,0.00,0.00,0.00,0.00,0.00,0.00,0.00,0.00,0.00,0.00,0.00,0.00,0.00,0.00,0.00,0.00,0.00,0.00,0.30,0.00,0.00,5.60,86.33,3.47,10.20,11.10,-0.35,0.450,,,,,
497,M07-08,4822.00,Jurassic,37.00,1.70,0.00,0.00,0.00,1.70,0.00,0.00,0.70,0.00,0.00,0.00,0.00,0.00,0.00,0.00,0.00,0.00,0.00,0.00,0.30,0.00,0.00,0.00,0.00,0.00,0.00,0.00,0.00,0.00,0.00,0.00,0.00,0.00,0.00,4.00,0.00,0.00,0.00,25.70,0.00,0.00,0.30,1.70,0.00,0.00,8.00,0.00,1.00,0.00,0.00,0.00,0.00,0.00,0.00,0.00,0.00,1.30,0.00,0.00,0.00,5.00,0.00,0.00,0.00,0.00,0.00,0.00,3.00,0.00,0.00,0.00,0.00,0.00,0.00,0.00,3.30,0.30,0.30,0.00,0.00,0.00,0.00,0.00,0.00,0.00,0.00,0.00,0.00,0.00,0.00,0.00,0.00,0.00,0.00,0.00,0.00,0.00,0.00,0.00,0.00,0.00,0.00,2.30,0.00,0.00,0.00,2.30,0.00,0.00,15.50,93.48,4.11,2.42,13.10,-0.70,0.200,,,,,
498,M07-08,4823.30,Jurassic,44.30,0.70,0.30,0.00,0.00,1.30,0.00,1.70,1.70,0.00,0.00,0.00,0.00,0.00,0.00,0.00,0.00,0.00,0.00,0.00,0.30,0.00,0.00,0.00,0.00,0.00,0.00,0.00,0.00,0.00,0.00,0.00,0.00,0.00,0.00,2.70,0.00,0.00,0.00,21.00,0.00,0.00,0.30,1.00,0.00,0.00,4.30,0.00,2.30,0.00,0.00,0.00,0.00,0.00,0.00,0.00,0.00,0.70,0.00,0.00,0.00,3.00,0.00,0.00,0.00,0.00,0.00,0.00,3.30,0.00,0.00,0.00,0.00,0.00,0.00,0.00,1.30,1.00,1.00,0.00,0.00,0.00,0.00,0.00,0.00,0.00,0.00,0.00,0.00,0.00,0.00,0.00,0.00,0.00,0.00,0.00,0.00,0.00,0.00,0.00,0.00,0.00,0.00,3.70,0.00,0.00,0.00,4.00,0.00,0.00,14.00,89.46,2.58,7.95,15.10,-0.41,0.390,,,,,
499,P11-06,1800.00,Buntsandstein,36.30,9.30,0.00,0.00,0.00,2.30,0.00,1.50,0.00,0.00,0.00,7.70,0.00,0.00,0.00,0.00,0.00,0.30,0.00,0.00,0.00,0.00,0.00,0.00,0.00,0.00,0.00,0.00,0.00,0.00,0.00,0.00,0.00,0.00,0.00,0.00,0.00,0.00,0.00,0.00,0.00,0.00,0.70,0.30,0.00,0.00,0.00,0.00,0.00,0.00,0.00,0.00,0.00,0.00,0.30,0.00,0.00,1.00,0.00,0.00,0.00,0.00,0.00,0.00,0.00,0.00,0.00,0.00,3.00,0.00,0.00,0.00,0.30,0.00,0.00,0.00,0.30,0.00,3.30,0.00,0.00,0.00,0.00,0.00,9.70,0.00,0.00,0.00,0.00,0.00,0.00,0.00,0.00,0.00,0.00,0.00,0.00,0.00,0.00,0.00,0.00,0.00,0.00,16.30,0.00,0.00,0.00,7.30,0.00,0.00,33.90,79.44,4.53,16.03,32.30,1.56,35.900,,,,,
500,P11-06,1792.30,Buntsandstein,36.30,6.70,0.00,0.00,0.00,6.30,3.30,0.00,0.00,0.00,0.00,8.70,0.00,0.00,0.00,0.00,0.00,0.00,0.00,0.00,0.00,0.00,0.00,1.30,0.00,0.00,0.00,0.00,0.00,0.00,0.00,0.00,0.00,0.00,0.00,0.00,0.00,0.00,0.00,0.00,0.00,0.00,0.00,0.00,0.00,0.00,0.00,0.00,0.00,0.00,0.00,0.00,0.00,0.00,0.00,0.30,0.00,0.60,0.00,0.00,0.00,0.00,0.00,0.00,0.00,0.00,0.00,0.00,1.00,0.00,0.00,0.00,0.00,0.00,0.00,0.00,0.00,0.00,4.30,0.00,0.00,0.00,0.00,1.30,9.30,0.00,0.00,0.00,0.00,0.00,0.00,0.00,0.00,0.00,0.00,0.00,0.00,0.00,0.00,0.00,0.00,0.00,0.00,14.30,0.00,0.00,0.00,6.30,0.00,0.00,31.10,70.15,15.66,14.19,28.00,1.74,55.000,,,,,
501,P11-06,1776.40,Buntsandstein,37.30,10.30,0.00,0.00,0.00,6.00,1.30,1.00,0.00,0.00,0.00,5.30,0.00,0.00,0.00,0.00,0.00,0.00,0.00,0.00,0.00,0.00,0.00,3.70,0.00,0.00,0.00,0.30,0.00,0.00,0.00,0.00,0.00,0.00,0.00,0.00,0.00,0.00,0.00,0.00,0.00,0.00,0.30,0.00,0.00,0.00,0.00,0.00,0.00,0.00,0.00,0.00,0.00,0.00,0.30,0.00,0.00,0.30,0.00,0.00,0.00,0.00,0.00,0.00,0.00,0.00,0.00,0.00,2.00,0.00,0.00,0.00,0.00,0.00,0.00,0.00,0.00,0.00,4.70,0.00,0.00,0.00,0.00,0.70,7.00,0.00,0.00,0.00,0.00,0.00,0.00,0.00,0.00,0.00,0.00,0.00,0.00,0.00,0.00,0.70,0.00,0.00,0.00,14.70,0.00,0.00,0.00,4.00,0.00,0.00,29.40,77.78,11.93,10.29,25.50,1.65,44.400,,,,,
502,P11-06,1757.40,Buntsandstein,38.70,6.00,0.00,0.00,0.00,6.70,1.30,0.00,0.00,0.00,0.00,1.70,0.00,0.00,0.00,0.00,0.00,0.00,0.00,0.00,0.00,0.00,0.00,1.70,0.00,0.00,1.70,0.30,0.00,0.00,0.00,0.00,0.00,0.00,0.00,0.00,0.00,0.00,0.00,0.00,0.00,0.00,0.00,0.00,0.00,0.00,0.00,0.00,0.00,0.00,0.00,0.00,0.00,0.00,0.30,0.00,0.00,0.00,0.00,0.00,0.00,0.00,0.00,0.00,0.00,0.00,0.00,0.00,2.00,0.00,0.00,0.00,0.30,0.00,0.00,0.00,0.00,0.00,5.30,0.00,0.00,0.00,0.00,0.00,10.30,0.00,0.00,0.00,0.00,0.00,0.00,0.00,0.00,0.00,0.00,0.00,0.00,0.00,0.00,1.70,0.00,0.00,0.00,16.70,0.00,0.00,0.00,5.30,0.00,0.00,34.60,82.17,14.71,3.13,28.10,1.82,66.300,,,,,
503,P11-06,1751.00,Buntsandstein,39.00,10.70,0.00,0.00,0.00,4.30,0.70,1.70,0.00,0.00,0.00,2.70,0.00,0.00,0.00,0.00,0.00,0.00,0.00,0.00,0.00,0.00,0.00,3.30,0.00,0.00,1.00,0.30,0.00,0.00,0.00,0.00,0.00,0.00,0.00,0.00,0.00,0.00,0.00,0.00,0.00,0.00,0.70,0.00,0.00,0.00,0.00,0.00,0.00,0.00,0.00,0.00,0.00,0.00,1.30,0.00,0.00,0.60,0.00,0.00,0.00,0.00,0.00,0.00,0.00,0.00,0.00,0.00,1.00,0.00,0.00,0.00,0.00,0.00,0.00,0.00,0.00,0.00,4.00,0.00,0.00,0.00,0.00,0.00,11.70,0.00,0.00,0.00,0.00,0.00,0.00,0.00,0.00,0.00,0.00,0.00,0.00,0.00,0.00,0.00,0.00,0.00,0.00,12.00,0.00,0.00,0.00,5.00,0.00,0.00,29.30,84.09,8.46,7.45,24.80,1.94,86.400,,,,,
504,P11-06,1738.80,Buntsandstein,36.30,16.70,0.00,0.00,0.00,1.80,0.00,1.30,0.00,0.00,0.00,4.30,0.00,0.00,0.00,0.00,0.00,0.00,0.00,0.00,0.00,0.00,0.00,0.70,0.00,0.00,0.00,0.00,0.00,0.00,0.00,0.00,0.00,0.00,0.00,0.00,0.00,0.00,0.00,0.00,0.00,0.00,0.00,0.00,0.00,0.00,0.00,0.00,0.00,0.00,0.00,0.00,0.00,0.00,3.70,0.00,0.00,0.00,0.00,0.00,0.00,0.00,0.00,0.00,0.00,0.00,0.00,0.00,1.30,0.00,0.00,0.00,0.00,0.00,0.00,0.00,0.00,0.00,2.70,0.00,0.00,0.00,0.00,0.00,6.00,0.00,0.00,0.00,0.00,0.00,0.00,0.00,0.00,0.00,0.00,0.00,0.00,0.00,0.00,0.00,0.00,0.00,0.00,18.00,0.00,0.00,0.00,7.30,0.00,0.00,28.00,87.75,2.98,9.27,28.50,2.91,807.000,,,,,
505,P11-06,1720.40,Buntsandstein,33.00,9.70,0.00,0.00,0.00,3.30,0.70,1.00,0.00,0.00,0.00,4.70,0.00,0.00,0.00,0.00,0.00,0.00,0.00,0.00,0.00,0.00,0.00,0.70,0.00,0.00,0.30,0.30,0.00,0.00,0.00,0.00,0.00,0.00,0.00,0.00,0.00,0.00,0.00,0.00,0.00,0.00,0.70,0.00,0.00,0.00,0.00,0.00,0.00,0.00,0.00,0.00,0.00,0.00,0.30,0.00,0.00,0.00,0.00,0.00,0.00,0.00,0.00,0.00,0.00,0.00,0.00,0.00,0.30,0.00,0.00,0.00,0.00,0.00,0.00,0.00,0.00,0.00,5.00,0.00,0.00,0.00,0.00,0.30,15.70,0.00,0.00,0.00,0.00,0.00,0.00,0.00,0.00,0.00,0.00,0.00,0.00,0.00,0.00,1.30,0.00,0.00,0.00,13.00,0.00,0.00,0.00,9.70,0.00,0.00,34.30,81.49,7.63,10.88,28.10,2.16,145.000,,,,,
506,P11-06,1709.25,Buntsandstein,37.70,11.70,0.00,0.00,0.00,4.00,0.00,3.00,0.00,0.00,0.00,1.00,0.00,0.00,0.00,0.00,0.00,0.00,0.00,0.00,0.00,0.00,0.00,0.00,0.00,0.00,0.00,0.00,0.00,0.00,0.00,0.00,0.00,0.00,0.00,0.00,0.00,0.00,0.00,0.00,0.00,0.00,0.00,0.30,0.00,0.00,0.00,0.00,0.00,0.00,0.00,0.00,0.00,0.00,3.30,1.00,30.30,0.00,0.00,0.00,0.00,0.00,0.00,0.00,0.00,0.00,0.00,0.00,0.00,0.00,0.00,0.00,0.00,0.00,0.00,0.00,0.00,0.00,0.70,0.00,0.00,0.00,0.00,0.00,1.70,0.00,0.00,0.00,0.00,0.00,0.00,0.00,0.00,0.00,0.00,0.00,0.00,0.00,0.00,0.00,0.00,0.00,0.00,4.00,0.00,0.00,0.00,1.30,0.00,0.00,37.70,86.06,6.97,6.97,7.20,-0.04,0.912,,,,,
507,P11-06,1786.00,Buntsandstein,32.70,14.70,0.00,0.00,0.00,3.70,1.30,2.00,0.00,0.00,0.00,4.70,0.00,0.00,0.00,0.00,0.00,0.00,0.00,0.00,0.00,0.00,0.00,4.00,0.00,0.00,0.30,0.30,0.00,0.00,0.00,0.00,0.00,0.00,0.00,0.00,0.00,0.00,0.00,0.00,0.00,0.00,0.00,0.00,0.00,0.00,0.00,0.00,0.00,0.00,0.00,0.00,0.00,0.00,0.70,0.00,0.00,0.00,0.00,0.00,0.00,0.00,0.00,0.00,0.00,0.00,0.00,0.00,0.70,0.00,0.00,0.00,0.00,0.00,0.00,0.00,0.00,0.00,7.30,0.00,0.00,0.00,0.00,1.30,8.00,0.00,0.00,0.00,0.00,0.00,0.00,0.00,0.00,0.00,0.00,0.00,0.00,0.00,0.00,0.30,0.00,0.00,0.00,8.70,0.00,0.00,0.00,9.30,0.00,0.00,26.00,80.20,8.46,11.34,27.30,1.67,47.200,,,,,
508,P11-06,1760.80,Buntsandstein,31.70,12.00,0.00,0.00,0.00,6.70,0.70,1.00,0.00,0.00,0.00,5.00,0.00,0.00,0.00,0.00,0.00,0.00,0.00,0.00,0.00,0.00,0.00,2.00,0.00,0.00,0.00,0.00,0.00,0.00,0.00,0.00,0.00,0.00,0.00,0.00,0.00,0.00,0.00,0.00,0.00,0.00,1.00,0.00,0.00,0.00,0.00,0.00,0.00,0.00,0.00,0.00,0.00,0.00,0.30,0.00,0.00,0.00,0.00,0.00,0.00,0.00,0.00,0.00,0.00,0.00,0.00,0.00,0.30,0.00,0.00,0.00,0.00,0.00,0.00,0.00,0.00,0.00,5.70,0.00,0.00,0.00,0.00,1.00,12.70,0.00,0.00,0.00,0.00,0.00,0.00,0.00,0.00,0.00,0.00,0.00,0.00,0.00,0.00,0.30,0.00,0.00,0.00,15.30,0.00,0.00,0.00,4.30,0.00,0.00,35.00,76.53,12.96,10.51,28.10,1.74,55.100,,,,,
509,P11-06,1725.40,Buntsandstein,33.30,9.70,0.00,0.00,0.00,5.30,0.00,1.70,0.00,0.00,0.00,5.70,0.00,0.00,0.00,0.00,0.00,0.00,0.00,0.00,0.00,0.00,0.00,4.60,0.00,0.00,1.70,0.00,0.00,0.00,0.00,0.00,0.00,0.00,0.00,0.00,0.00,0.00,0.00,0.00,0.00,0.00,0.00,0.00,0.00,0.00,0.00,0.00,0.00,0.00,0.00,0.30,0.00,0.00,2.70,0.00,0.00,0.00,0.00,0.00,0.00,0.00,0.00,0.00,0.00,0.00,0.00,0.00,0.30,0.00,0.00,0.00,0.00,0.00,0.00,0.00,0.00,0.00,5.30,0.00,0.00,0.00,0.00,0.70,7.70,0.00,0.00,0.00,0.00,0.00,0.00,0.00,0.00,0.00,0.00,0.00,0.00,0.00,0.00,0.70,0.00,0.00,0.00,16.00,0.00,0.00,0.00,4.30,0.00,0.00,30.00,77.20,9.52,13.29,27.30,2.32,211.000,,,,,
510,P11-06,1878.60,Buntsandstein,38.30,11.70,0.00,0.00,0.00,7.00,0.00,5.00,0.00,0.00,0.00,1.70,0.00,0.00,0.00,0.00,0.00,0.00,0.00,0.00,0.00,0.00,0.00,0.00,0.00,0.00,0.00,0.30,0.00,0.00,0.00,0.00,0.00,0.00,0.00,0.00,0.00,0.00,0.00,0.00,0.00,0.00,0.30,0.30,0.00,0.00,0.00,0.00,0.00,0.00,0.00,0.30,0.00,0.00,0.00,0.00,0.00,6.30,0.00,0.00,0.00,0.00,0.00,0.00,0.00,0.00,0.00,0.00,1.30,0.00,0.00,0.00,0.00,0.00,0.00,0.00,0.00,0.00,1.00,0.00,0.00,0.00,0.00,0.70,7.70,0.00,0.00,0.00,0.00,0.00,0.00,0.00,0.00,0.00,0.00,0.00,0.00,0.00,0.00,0.00,0.00,0.00,0.00,15.00,0.00,0.00,0.00,3.00,0.00,0.00,32.00,78.49,10.99,10.52,24.90,2.60,397.000,,,,,
511,P11-06,1797.30,Buntsandstein,33.70,14.30,0.00,0.00,0.00,4.70,0.00,4.70,0.00,0.00,0.00,5.00,0.00,0.00,0.00,0.00,0.00,0.00,0.00,0.00,0.00,0.00,0.00,1.00,0.00,0.00,0.70,0.00,0.00,0.00,0.00,0.00,0.00,0.00,0.00,0.00,0.00,0.00,0.00,0.00,0.00,0.00,0.70,0.00,0.00,0.00,0.00,0.00,0.00,0.00,0.00,0.00,0.00,0.00,0.00,0.00,0.00,0.00,0.00,0.00,0.00,0.00,0.00,0.00,0.00,0.00,0.00,0.00,1.70,0.00,0.00,0.00,0.00,0.00,0.00,0.00,0.00,0.00,0.70,0.00,0.00,0.00,0.00,0.30,7.30,0.00,0.00,0.00,0.00,0.00,0.00,0.00,0.00,0.00,0.00,0.00,0.00,0.00,0.00,0.30,0.00,0.00,0.00,16.70,0.00,0.00,0.00,8.30,0.00,0.00,26.70,76.92,7.53,15.54,31.80,2.21,162.000,,,,,
512,P11-06,1764.50,Buntsandstein,33.70,7.70,0.00,0.00,0.00,8.70,0.00,2.70,0.00,0.00,0.00,2.30,0.00,0.00,0.00,0.00,0.00,0.00,0.00,0.00,0.00,0.00,0.00,2.60,0.00,0.00,0.30,0.30,0.00,0.00,0.00,0.00,0.00,0.00,0.00,0.00,0.00,0.00,0.00,0.00,0.00,0.00,0.00,0.30,0.00,0.00,0.00,0.00,0.00,0.00,0.00,0.00,0.00,0.00,1.00,0.00,0.00,0.00,0.00,0.00,0.00,0.00,0.00,0.00,0.00,0.00,0.00,0.00,1.00,0.00,0.00,0.00,0.00,0.00,0.00,0.00,0.00,0.00,8.70,0.00,0.00,0.00,0.00,0.70,11.70,0.00,0.00,0.00,0.00,0.00,0.00,0.00,0.00,0.00,0.00,0.00,0.00,0.00,0.00,1.40,0.00,0.00,0.00,14.30,0.00,0.00,0.00,2.70,0.00,0.00,36.40,75.14,15.79,9.07,22.40,-0.26,0.552,,,,,
513,P11-06,1747.50,Buntsandstein,43.30,12.70,0.00,0.00,0.00,6.00,0.00,2.00,0.00,0.00,0.00,2.70,0.00,0.00,0.00,0.00,0.00,0.00,0.00,0.00,0.00,0.00,0.00,1.00,0.00,0.00,0.00,0.30,0.00,0.00,0.00,0.00,0.00,0.00,0.00,0.00,0.00,0.00,0.00,0.00,0.00,0.00,0.30,0.30,0.00,0.00,0.00,0.00,0.00,0.00,0.00,0.00,0.00,0.00,0.70,0.00,0.00,0.00,0.00,0.00,0.00,0.00,0.00,0.00,0.00,0.00,0.00,0.00,0.70,0.00,0.00,0.00,0.00,0.00,0.00,0.00,0.00,0.00,3.70,0.00,0.00,0.00,0.00,0.00,10.00,0.00,0.00,0.00,0.00,0.00,0.00,0.00,0.00,0.00,0.00,0.00,0.00,0.00,0.00,0.00,0.00,0.00,0.00,13.70,0.00,0.00,0.00,2.70,0.00,0.00,28.10,83.96,9.00,7.05,22.30,0.66,4.561,,,,,
514,P11-06,1723.00,Buntsandstein,32.70,15.70,0.00,0.00,0.00,7.70,0.00,5.00,0.00,0.00,0.00,4.70,0.00,0.00,0.00,0.00,0.00,0.00,0.00,0.00,0.00,0.00,0.00,0.00,0.00,0.00,0.00,0.00,0.00,0.00,0.00,0.00,0.00,0.00,0.00,0.00,0.00,0.00,0.00,0.00,0.00,0.00,0.00,0.70,0.00,0.00,0.00,0.00,0.00,0.00,0.00,0.00,0.00,0.00,0.00,0.00,0.00,0.00,0.00,0.00,0.00,0.00,0.00,0.00,0.00,0.00,0.00,0.00,0.30,0.00,0.00,0.00,0.00,0.00,0.00,0.00,0.00,0.00,0.30,0.00,0.00,0.00,0.00,0.00,9.70,0.00,0.00,0.00,0.00,0.00,0.00,0.00,0.00,0.00,0.00,0.00,0.00,0.00,0.00,0.00,0.00,0.00,0.00,16.30,0.00,0.00,0.00,7.00,0.00,0.00,26.60,73.56,11.70,14.74,33.10,3.18,1503.000,,,,,
515,P06-A-07,4191.60,Rotliegend,26.30,16.30,0.70,0.00,0.00,5.70,4.30,0.00,5.70,0.00,0.00,0.00,0.00,0.00,0.00,0.00,0.00,0.00,4.00,0.00,0.00,0.00,0.00,0.00,0.00,0.00,0.00,0.00,0.00,0.00,0.00,0.00,0.00,0.00,0.00,0.00,0.00,0.00,0.00,0.00,0.00,0.00,0.00,0.00,0.00,0.00,0.00,0.00,0.00,0.00,0.00,0.00,0.00,0.00,0.00,0.00,0.00,1.30,0.00,3.00,0.00,0.00,0.00,0.00,7.00,0.00,0.00,0.00,5.30,0.00,0.00,0.00,1.00,0.00,0.00,0.00,0.00,0.00,0.00,0.00,7.00,3.30,0.00,0.00,0.00,0.00,0.00,0.00,0.00,0.00,0.00,0.00,3.30,0.00,0.00,0.00,0.70,0.70,0.00,0.00,0.00,0.00,0.00,4.00,0.00,0.00,0.00,0.30,0.00,0.00,28.60,67.62,22.22,10.16,14.81,,,,,,,
516,P06-A-07,4186.25,Rotliegend,29.70,20.30,0.70,0.00,0.00,6.30,3.70,0.00,5.00,0.00,0.00,0.00,0.00,0.00,0.00,0.00,0.00,0.00,3.00,0.00,0.00,0.00,0.00,0.00,0.00,0.00,0.00,0.00,0.00,0.00,0.00,0.00,0.00,0.00,0.00,0.00,0.00,0.00,0.00,0.00,0.00,0.00,0.00,0.00,0.00,0.00,0.00,0.00,0.00,0.00,0.00,0.00,0.00,0.00,0.00,0.00,0.00,0.70,0.00,2.30,0.00,0.00,0.00,0.00,7.00,0.00,0.00,0.00,2.30,0.00,0.00,0.00,1.00,0.00,0.00,0.00,0.00,0.00,0.00,0.00,7.70,5.00,0.00,0.00,0.00,0.00,0.00,0.00,0.00,0.00,0.00,0.00,0.30,0.00,0.00,0.00,0.70,0.30,0.00,0.30,0.00,0.00,0.00,3.30,0.00,0.00,0.00,0.30,0.00,0.00,24.30,72.78,18.92,8.30,14.57,-0.88,0.131,,,,,
517,P06-A-07,4194.00,Rotliegend,31.00,16.00,0.70,0.00,0.00,5.70,2.30,0.00,7.70,0.00,0.00,0.00,0.00,0.00,0.00,0.00,0.00,0.00,2.30,0.00,0.00,0.00,0.00,0.00,0.00,0.00,0.00,0.00,0.00,0.00,0.00,0.00,0.00,0.00,0.00,0.00,0.00,0.00,0.00,0.00,0.00,0.00,0.00,0.00,0.00,0.00,0.00,0.00,0.00,0.00,0.00,0.00,0.00,0.00,0.00,0.00,0.00,0.30,0.00,11.70,0.00,0.00,0.00,0.00,5.00,0.00,0.00,0.00,3.00,0.00,0.00,0.00,0.70,0.00,0.00,0.00,0.00,0.00,0.00,0.00,2.00,4.30,0.00,0.00,0.00,0.00,0.00,0.00,0.00,0.00,0.00,0.00,3.30,0.00,0.00,0.00,1.00,0.00,0.00,0.00,0.00,0.00,0.00,3.00,0.00,0.00,0.00,0.00,0.00,0.00,25.70,71.54,15.68,12.79,9.66,-1.09,0.081,,,,,
518,P06-A-07,4193.25,Rotliegend,33.70,15.30,1.00,0.00,0.00,5.70,1.70,0.00,8.00,0.00,0.00,0.00,0.00,0.00,0.00,0.00,0.00,0.00,2.70,0.00,0.00,0.00,0.00,0.00,0.00,0.00,0.00,0.00,0.00,0.00,0.00,0.00,0.00,0.00,0.00,0.00,0.00,0.00,0.00,0.00,0.00,0.00,0.00,0.00,0.00,0.00,0.00,0.00,0.00,0.00,0.00,0.00,0.00,0.00,0.00,0.00,0.00,1.00,0.00,6.70,0.00,0.00,0.00,0.00,6.30,0.00,0.00,0.00,3.70,0.00,0.00,0.00,1.30,0.00,0.00,0.00,0.00,0.00,0.00,0.00,4.00,4.30,0.00,0.00,0.00,0.00,0.00,0.00,0.00,0.00,0.00,0.00,0.30,0.00,0.00,0.00,1.30,0.70,0.00,0.00,0.00,0.00,0.00,2.30,0.00,0.00,0.00,0.00,0.00,0.00,25.30,71.95,14.83,13.22,11.05,-1.22,0.060,,,,,
519,P06-A-07,4186.75,Rotliegend,30.30,13.00,1.70,0.00,0.00,6.30,4.00,0.00,4.00,0.00,0.00,0.00,0.00,0.00,0.00,0.00,0.00,0.00,5.30,0.00,0.00,0.00,0.00,0.00,0.00,0.00,0.00,0.00,0.00,0.00,0.00,0.00,0.00,0.00,0.00,0.00,0.00,0.00,0.00,0.00,0.00,0.00,0.00,0.00,0.00,0.00,0.00,0.00,0.00,0.00,0.00,0.00,0.00,0.00,0.00,0.00,0.00,1.70,0.00,4.00,0.00,0.00,0.00,0.00,6.30,0.00,0.00,0.00,2.00,0.00,0.00,0.00,0.70,0.00,0.00,0.00,0.00,0.00,0.00,0.00,7.70,5.70,0.00,0.00,0.00,0.00,0.00,0.00,0.00,0.00,0.00,0.00,1.00,0.00,0.00,0.00,1.30,0.30,0.00,0.30,0.00,0.00,0.00,4.00,0.00,0.00,0.00,0.30,0.00,0.00,26.40,67.03,24.15,8.82,14.24,-1.05,0.090,,,,,
520,P06-A-07,4194.35,Rotliegend,22.30,21.00,0.70,0.00,0.00,8.00,1.70,0.00,5.00,0.00,0.00,0.00,0.00,0.00,0.00,0.00,0.00,0.00,3.30,0.00,0.00,0.00,0.00,0.00,0.00,0.00,0.00,0.00,0.00,0.00,0.00,0.00,0.00,0.00,0.00,0.00,0.00,0.00,0.00,0.00,0.00,0.00,0.00,0.00,0.00,0.00,0.00,0.00,0.00,0.00,0.00,0.00,0.00,0.00,0.00,0.00,0.00,1.70,0.00,7.70,0.00,0.00,0.00,0.00,5.70,0.00,0.00,0.00,2.70,0.00,0.00,0.00,1.00,0.00,0.00,0.00,0.00,0.00,0.00,0.00,6.00,3.70,0.00,0.00,0.00,0.00,0.00,0.00,0.00,0.00,0.00,0.00,4.00,0.00,0.00,0.00,0.70,0.00,0.00,0.00,0.00,0.00,0.00,4.70,0.00,0.00,0.00,0.00,0.00,0.00,29.50,69.84,20.97,9.19,,-2.00,0.010,,,,,
521,P06-A-07,4188.32,Rotliegend,27.00,12.70,1.00,0.00,0.00,5.70,1.70,0.00,5.30,0.00,0.00,0.00,0.00,0.00,0.00,0.00,0.00,0.00,6.00,0.00,0.00,0.00,0.00,0.00,0.00,0.00,0.00,0.00,0.00,0.00,0.00,0.00,0.00,0.00,0.00,0.00,0.00,0.00,0.00,0.00,0.00,0.00,0.00,0.00,0.00,0.00,0.00,0.00,0.00,0.00,0.00,0.00,0.00,0.00,0.00,0.00,0.00,2.00,0.00,12.70,0.00,0.00,0.00,0.00,7.70,0.00,0.00,0.00,2.30,0.00,0.00,0.00,1.30,0.00,0.00,0.00,0.00,0.00,0.00,0.00,7.00,4.30,0.00,0.00,0.00,0.00,0.00,0.00,0.00,0.00,0.00,0.00,1.30,0.00,0.00,0.00,0.00,0.00,0.00,0.00,0.00,0.00,0.00,1.30,0.00,0.00,0.00,0.70,0.00,0.00,34.30,66.84,22.56,10.61,11.55,-1.42,0.038,,,,,
522,P06-A-07,4189.20,Rotliegend,29.30,18.00,1.30,0.00,0.00,4.30,2.30,0.00,3.70,0.00,0.00,0.00,0.00,0.00,0.00,0.00,0.00,0.00,6.30,0.00,0.00,0.00,0.00,0.00,0.00,0.00,0.00,0.00,0.00,0.00,0.00,0.00,0.00,0.00,0.00,0.00,0.00,0.00,0.00,0.00,0.00,0.00,0.00,0.00,0.00,0.00,0.00,0.00,0.00,0.00,0.00,0.00,0.00,0.00,0.00,0.00,0.00,1.30,0.00,6.30,0.00,0.00,0.00,0.00,5.30,0.00,0.00,0.00,3.30,0.00,0.00,0.00,0.70,0.00,0.00,0.00,0.00,0.00,0.00,0.00,7.30,6.30,0.00,0.00,0.00,0.00,0.00,0.00,0.00,0.00,0.00,0.00,1.00,0.00,0.00,0.00,0.30,0.30,0.00,0.00,0.00,0.00,0.00,2.70,0.00,0.00,0.00,0.00,0.00,0.00,26.90,72.55,19.79,7.67,11.76,-1.08,0.083,,,,,
523,P06-A-07,4189.40,Rotliegend,27.30,17.30,1.30,0.00,0.00,5.30,3.30,0.00,2.00,0.00,0.00,0.00,0.00,0.00,0.00,0.00,0.00,0.00,8.00,0.00,0.00,0.00,0.00,0.00,0.00,0.00,0.00,0.00,0.00,0.00,0.00,0.00,0.00,0.00,0.00,0.00,0.00,0.00,0.00,0.00,0.00,0.00,0.00,0.00,0.00,0.00,0.00,0.00,0.00,0.00,0.00,0.00,0.00,0.00,0.00,0.00,0.00,1.70,0.00,6.00,0.00,0.00,0.00,0.00,6.30,0.00,0.00,0.00,3.30,0.00,0.00,0.00,1.00,0.00,0.00,0.00,0.00,0.00,0.00,0.00,7.00,6.00,0.00,0.00,0.00,0.00,0.00,0.00,0.00,0.00,0.00,0.00,0.30,0.00,0.00,0.00,1.00,0.30,0.00,0.30,0.00,0.00,0.00,1.70,0.00,0.00,0.00,0.70,0.00,0.00,27.00,69.15,25.74,5.12,11.91,-1.19,0.064,,,,,
524,P06-A-07,4190.12,Rotliegend,29.30,22.30,1.00,0.00,0.00,8.00,3.00,0.00,4.30,0.00,0.00,0.00,0.00,0.00,0.00,0.00,0.00,0.00,2.00,0.00,0.00,0.00,0.00,0.00,0.00,0.00,0.00,0.00,0.00,0.00,0.00,0.00,0.00,0.00,0.00,0.00,0.00,0.00,0.00,0.00,0.00,0.00,0.00,0.00,0.00,0.00,0.00,0.00,0.00,0.00,0.00,0.00,0.00,0.00,0.00,0.00,0.00,0.30,0.00,4.00,0.00,0.00,0.00,0.00,6.30,0.00,0.00,0.00,4.00,0.00,0.00,0.00,1.00,0.00,0.00,0.00,0.00,0.00,0.00,0.00,6.30,4.00,0.00,0.00,0.00,0.00,0.00,0.00,0.00,0.00,0.00,0.00,1.00,0.00,0.00,0.00,0.70,0.30,0.00,0.00,0.00,0.00,0.00,1.70,0.00,0.00,0.00,0.30,0.00,0.00,23.60,73.82,18.60,7.58,12.57,-1.11,0.078,,,,,
525,P06-A-07,4190.40,Rotliegend,29.70,13.30,1.30,0.00,0.00,6.00,3.70,0.00,5.70,0.00,0.00,0.00,0.00,0.00,0.00,0.00,0.00,0.00,3.00,0.00,0.00,0.00,0.00,0.00,0.00,0.00,0.00,0.00,0.00,0.00,0.00,0.00,0.00,0.00,0.00,0.00,0.00,0.00,0.00,0.00,0.00,0.00,0.00,0.00,0.00,0.00,0.00,0.00,0.00,0.00,0.00,0.00,0.00,0.00,0.00,0.00,0.00,1.30,0.00,5.70,0.00,0.00,0.00,0.00,9.00,0.00,0.00,0.00,3.30,0.00,0.00,0.00,1.00,0.00,0.00,0.00,0.00,0.00,0.00,0.00,5.30,5.00,0.00,0.00,0.00,0.00,0.00,0.00,0.00,0.00,0.00,0.00,2.00,0.00,0.00,0.00,1.30,0.00,0.00,0.00,0.00,0.00,0.00,2.70,0.00,0.00,0.00,0.70,0.00,0.00,28.30,68.58,20.26,11.16,13.24,-1.11,0.078,,,,,
526,P06-A-07,4192.30,Rotliegend,26.00,17.70,0.70,0.00,0.00,5.00,1.30,0.00,7.00,0.00,0.00,0.00,0.00,0.00,0.00,0.00,0.00,0.00,4.00,0.00,0.00,0.00,0.00,0.00,0.00,0.00,0.00,0.00,0.00,0.00,0.00,0.00,0.00,0.00,0.00,0.00,0.00,0.00,0.00,0.00,0.00,0.00,0.00,0.00,0.00,0.00,0.00,0.00,0.00,0.00,0.00,0.00,0.00,0.00,0.00,0.00,0.00,1.30,0.00,9.30,0.00,0.00,0.00,0.00,7.70,0.00,0.00,0.00,4.70,0.00,0.00,0.00,1.00,0.00,0.00,0.00,0.00,0.00,0.00,0.00,1.30,5.00,0.00,0.00,0.00,0.00,0.00,0.00,0.00,0.00,0.00,0.00,3.00,0.00,0.00,0.00,0.30,0.30,0.00,0.30,0.00,0.00,0.00,3.70,0.00,0.00,0.00,0.30,0.00,0.00,29.00,70.83,16.69,12.48,11.46,-1.24,0.058,,,,,
527,P10-05,2255.03,Buntsandstein,38.67,13.67,1.00,0.00,0.00,0.00,0.10,11.33,0.00,0.00,0.00,3.33,0.00,0.00,3.00,0.00,0.00,0.00,2.33,0.00,0.00,0.00,0.00,0.00,0.33,0.00,0.00,0.10,0.00,0.10,0.00,0.00,0.00,0.00,0.00,0.00,0.00,0.00,0.00,0.00,0.00,0.00,0.00,0.00,0.00,0.00,4.00,0.00,0.00,0.00,0.00,0.00,0.00,0.00,0.00,0.00,0.00,0.00,0.00,0.00,0.00,0.00,0.00,0.00,0.00,0.00,0.00,0.00,6.33,0.00,0.00,0.00,0.00,0.00,0.00,0.00,0.10,0.00,0.00,0.00,1.67,0.00,0.00,0.00,3.33,0.00,0.00,0.00,0.00,0.00,0.00,0.00,0.00,0.00,0.00,0.00,0.00,0.00,0.00,0.00,0.00,0.00,0.00,8.00,0.00,0.00,0.00,3.00,0.00,0.00,19.43,71.28,3.31,25.41,22.90,2.47,294.000,,,,,
528,P10-05,2256.25,Buntsandstein,34.33,12.67,0.67,0.00,0.00,0.00,0.33,5.67,0.00,0.00,0.00,1.33,0.00,0.00,6.67,0.00,0.00,0.00,1.33,0.00,0.00,0.00,0.00,0.00,0.10,0.00,0.00,0.10,0.00,0.10,0.00,0.00,0.00,0.00,0.00,0.00,0.00,0.00,0.00,0.00,0.00,0.00,0.00,0.00,0.00,0.00,1.00,0.00,0.00,0.00,0.00,0.00,0.00,0.00,0.00,0.00,0.00,0.00,0.00,0.00,0.00,0.00,0.00,0.00,0.00,0.00,0.00,0.00,9.67,0.00,0.00,0.00,0.00,0.00,0.00,0.00,0.00,0.00,0.00,0.00,0.67,0.00,0.00,0.00,3.67,0.00,0.00,0.00,0.00,0.00,0.00,0.00,0.00,0.00,0.00,0.00,0.00,0.00,0.00,0.00,0.00,0.00,0.00,17.00,0.00,0.00,0.00,5.00,0.00,0.00,31.01,74.60,2.63,22.76,20.50,2.27,185.000,,,,,
529,P10-05,2257.22,Buntsandstein,34.33,12.33,0.67,0.00,0.00,0.00,0.33,3.67,0.00,0.00,0.00,2.33,0.00,0.00,7.00,0.00,0.00,0.00,1.00,0.00,0.00,0.00,0.00,0.00,0.10,0.10,0.00,0.10,0.00,0.10,0.00,0.00,0.00,0.00,0.00,0.00,0.00,0.00,0.00,0.00,0.00,0.00,0.00,0.00,0.00,0.00,2.00,0.00,0.00,0.00,0.00,0.00,0.00,0.00,0.00,0.00,0.00,0.00,0.00,0.00,0.00,0.00,0.00,0.00,0.00,0.00,0.00,0.00,9.00,0.00,0.00,0.00,0.00,0.00,0.10,0.00,0.10,0.00,0.00,0.00,1.00,0.00,0.00,0.00,3.00,0.00,0.00,0.00,0.00,0.00,0.00,0.00,0.00,0.00,0.00,0.00,0.00,0.00,0.00,0.00,0.00,0.00,0.00,19.67,0.00,0.00,0.00,3.67,0.00,0.00,32.87,75.67,2.16,22.17,25.90,2.99,986.000,,,,,
530,P10-05,2259.03,Buntsandstein,38.00,12.67,1.33,0.00,0.00,0.00,0.10,2.33,0.00,0.00,0.00,1.67,0.00,0.00,3.00,0.00,0.00,0.00,5.33,0.10,0.00,0.00,0.00,0.00,0.10,0.00,0.00,0.10,0.00,0.10,0.00,0.00,0.00,0.00,0.00,0.00,0.00,0.00,0.00,0.00,0.00,0.00,0.00,0.00,0.00,0.00,6.33,0.00,0.00,0.00,0.00,0.00,0.00,0.00,0.00,0.00,0.00,0.00,0.00,0.00,0.00,0.00,0.00,0.00,0.00,0.00,0.00,0.00,4.00,0.00,0.00,0.00,0.00,0.00,0.00,0.00,0.67,0.00,0.00,0.00,0.33,0.00,0.00,0.00,2.67,0.00,0.00,0.00,0.00,0.00,0.00,0.00,0.00,0.00,0.00,0.00,0.00,0.00,0.00,0.00,0.00,0.00,0.00,18.33,0.00,0.00,0.00,3.33,0.00,0.00,26.00,78.52,8.41,13.06,33.40,2.92,834.000,,,,,
531,P10-05,2260.03,Buntsandstein,29.33,13.33,0.67,0.00,0.00,0.00,0.10,4.33,0.00,0.00,0.00,2.33,0.00,0.00,5.33,0.00,0.00,0.00,1.00,0.00,0.00,0.00,0.00,0.00,0.10,0.00,0.00,0.10,0.00,0.10,0.00,0.00,0.00,0.00,0.00,0.00,0.00,0.00,0.00,0.00,0.00,0.00,0.00,0.00,0.00,0.00,2.00,0.00,0.00,0.00,0.00,0.00,0.00,0.00,0.00,0.00,0.00,0.00,0.00,0.00,0.00,0.00,0.00,0.00,0.00,0.00,0.00,0.00,10.00,0.00,0.33,0.00,0.00,0.00,0.10,0.00,0.10,0.00,0.00,0.00,1.33,0.00,0.00,0.00,2.33,0.00,0.00,0.00,0.00,0.00,0.00,0.00,0.00,0.00,0.00,0.00,0.00,0.00,0.00,0.00,0.00,0.00,0.00,22.67,0.00,0.00,0.00,5.00,0.00,0.00,36.86,75.61,1.95,22.44,28.40,3.20,1601.000,,,,,
532,P10-05,2263.77,Buntsandstein,32.67,13.67,1.67,0.00,0.00,0.00,0.00,11.00,0.00,0.00,0.00,2.67,0.00,0.00,9.33,0.00,0.00,0.00,2.67,0.00,0.00,0.00,0.00,0.00,0.33,0.00,0.00,0.10,0.00,0.10,0.00,0.00,0.00,0.00,0.00,0.00,0.00,0.00,0.00,0.00,0.00,0.00,0.10,0.00,0.00,0.00,2.00,0.00,0.00,0.00,0.00,0.00,0.00,0.00,0.00,0.00,0.00,0.00,0.00,0.00,0.00,0.00,0.00,0.00,0.00,0.00,0.00,0.00,6.00,0.00,0.00,0.00,0.00,0.00,0.00,0.00,0.10,0.00,0.00,0.00,1.33,0.00,0.00,0.00,3.67,0.00,0.00,0.00,0.00,0.00,0.00,0.00,0.00,0.00,0.00,0.00,0.00,0.00,0.00,0.00,0.00,0.00,0.00,10.00,0.00,0.00,0.00,3.00,0.00,0.00,21.10,62.89,3.62,33.48,19.80,2.08,121.000,,,,,
533,P10-05,2265.97,Buntsandstein,27.00,11.67,1.00,0.00,0.00,0.10,0.00,6.33,0.00,0.00,0.00,6.33,0.00,0.00,8.67,0.00,0.00,0.00,0.67,0.00,0.00,0.00,0.00,0.00,0.10,0.00,0.00,0.10,0.00,0.10,0.00,0.00,0.00,0.00,0.00,0.00,0.00,0.00,0.00,0.00,0.00,0.00,0.00,0.00,0.00,0.00,1.67,0.00,0.00,0.00,0.00,0.00,0.00,0.00,0.00,0.00,0.00,0.00,0.00,0.00,0.00,0.00,0.00,0.00,0.00,0.00,0.00,0.00,10.33,0.00,0.00,0.00,0.00,0.00,0.00,0.00,0.00,0.00,0.00,0.00,0.67,0.00,0.00,0.00,4.00,0.00,0.00,0.00,0.00,0.00,0.00,0.00,0.00,0.00,0.00,0.00,0.00,0.00,0.00,0.00,0.00,0.00,0.00,19.00,0.00,0.00,0.00,2.67,0.00,0.00,34.00,62.60,1.25,36.15,24.70,2.66,458.000,,,,,
534,P10-05,2268.03,Buntsandstein,34.33,15.33,1.67,0.00,0.00,0.00,0.00,0.33,0.00,0.00,0.00,2.00,0.00,0.00,3.00,0.00,0.00,0.00,3.67,0.00,0.00,0.00,0.00,0.00,0.10,0.00,0.00,0.10,0.00,0.10,0.00,0.00,0.00,0.00,0.00,0.00,0.00,0.00,0.00,0.00,0.00,0.00,0.00,0.00,0.00,0.00,0.67,0.00,0.00,0.00,0.00,0.00,0.00,0.00,0.00,0.00,0.00,0.00,0.00,0.00,0.00,0.00,0.00,0.00,0.00,0.00,0.00,0.00,6.67,0.00,0.00,0.00,0.00,0.00,0.43,0.00,0.10,0.00,0.00,0.00,1.00,0.00,0.00,0.00,10.00,0.00,0.00,0.00,0.00,0.00,0.00,0.00,0.00,0.00,0.00,0.00,0.00,0.00,0.00,0.00,0.00,0.00,0.00,19.33,0.00,0.00,0.00,1.67,0.00,0.00,37.53,82.31,6.08,11.60,30.00,2.72,523.000,,,,,
535,P10-05,2270.25,Buntsandstein,31.33,11.67,1.67,0.00,0.00,0.00,0.00,3.00,0.00,0.00,0.00,5.67,0.00,0.00,3.67,0.00,0.00,0.00,0.67,0.00,0.00,0.00,0.00,0.00,0.33,0.00,0.00,0.10,0.00,0.10,0.00,0.00,0.00,0.00,0.00,0.00,0.00,0.00,0.00,0.00,0.00,0.00,0.00,0.00,0.00,0.00,0.33,0.00,0.00,0.00,0.00,0.00,0.00,0.00,0.00,0.00,0.00,0.00,0.00,0.00,0.00,0.00,0.00,0.00,0.00,0.00,0.00,0.00,8.33,0.00,0.00,0.00,0.00,0.00,0.10,0.00,0.10,0.00,0.00,0.00,1.67,0.00,0.00,0.00,9.67,0.00,0.00,0.00,0.00,0.00,0.00,0.00,0.00,0.00,0.00,0.00,0.00,0.00,0.00,0.00,0.00,0.00,0.00,19.00,0.00,0.00,0.00,3.00,0.00,0.00,38.87,74.55,1.16,24.29,26.10,2.37,234.000,,,,,
536,P10-05,2274.76,Buntsandstein,34.67,5.67,1.00,0.00,0.00,0.00,0.10,1.00,0.00,0.00,0.00,6.33,0.00,0.00,5.67,0.00,0.00,0.00,1.33,0.00,0.00,0.00,0.00,0.00,0.00,0.00,0.00,0.10,0.00,0.10,0.00,0.00,0.00,0.00,0.00,0.00,0.00,0.00,0.00,0.00,0.00,0.00,0.10,0.00,0.00,0.00,1.33,0.00,0.00,0.00,0.00,0.00,0.00,0.00,0.00,0.00,0.00,0.00,0.00,0.00,0.00,0.00,0.00,0.00,0.00,0.00,0.00,0.00,8.00,0.00,0.00,0.00,0.00,0.00,0.00,0.00,0.10,0.00,0.00,0.00,0.67,0.00,0.00,0.00,7.00,0.00,0.00,0.00,0.00,0.00,0.00,0.00,0.00,0.00,0.00,0.00,0.00,0.00,0.00,0.00,0.00,0.00,0.00,24.33,0.00,0.00,0.00,3.00,0.00,0.00,40.10,72.33,2.56,25.10,29.80,3.02,1049.000,,,,,
537,P10-05,2275.03,Buntsandstein,32.00,14.00,1.00,0.00,0.00,0.00,0.33,0.33,0.00,0.00,0.00,3.67,0.00,0.00,2.33,0.00,0.00,0.00,3.67,0.10,0.00,0.00,0.00,0.00,0.10,0.00,0.00,0.33,0.00,0.10,0.00,0.00,0.00,0.00,0.00,0.00,0.00,0.00,0.00,0.00,0.00,0.00,0.00,0.00,0.00,0.00,1.33,0.00,0.00,0.00,0.00,0.00,0.00,0.00,0.00,0.00,0.00,0.00,0.00,0.00,0.00,0.00,0.00,0.00,0.00,0.00,0.00,0.00,7.67,0.00,0.00,0.00,0.00,0.00,0.33,0.00,0.10,0.00,0.00,0.00,1.33,0.00,0.00,0.00,10.33,0.00,0.00,0.00,0.00,0.00,0.00,0.00,0.00,0.00,0.00,0.00,0.00,0.00,0.00,0.00,0.00,0.00,0.00,18.67,0.00,0.00,0.00,2.67,0.00,0.00,38.43,80.10,6.97,12.94,31.40,2.82,656.000,,,,,
538,P10-05,2277.25,Buntsandstein,43.67,6.67,0.67,0.00,0.00,0.00,0.33,1.67,0.00,0.00,0.00,1.33,0.00,0.00,1.67,0.00,0.00,0.00,1.00,0.00,0.00,0.00,0.00,0.00,1.33,0.10,0.00,0.10,0.00,0.10,0.00,0.00,0.00,0.00,0.00,0.00,0.00,0.00,0.00,0.00,0.00,0.00,0.00,0.00,0.00,0.00,4.67,0.00,0.00,0.00,0.00,0.00,0.00,0.00,0.00,0.00,0.00,0.00,0.00,0.10,0.00,1.67,0.00,0.00,0.00,0.00,0.00,0.00,7.00,0.00,0.00,0.00,0.00,0.00,0.10,0.00,0.33,0.00,0.00,0.00,4.33,0.00,0.00,0.00,11.33,0.00,0.00,0.00,0.00,0.00,0.00,0.00,0.00,0.00,0.00,0.00,0.00,0.00,0.00,0.00,0.00,0.00,0.00,11.33,0.00,0.00,0.00,1.00,0.00,0.00,36.19,88.30,2.33,9.37,16.60,-0.27,0.531,,,,,
539,P10-05,2279.17,Buntsandstein,36.67,9.67,1.67,0.00,0.00,0.10,0.33,0.67,0.00,0.00,0.00,1.67,0.00,0.00,0.33,0.00,0.00,0.00,2.67,0.00,0.00,0.00,0.00,0.00,0.10,0.00,0.00,0.33,0.00,0.00,0.00,0.00,0.00,0.00,0.00,0.00,0.00,0.00,0.00,0.00,0.00,0.00,0.00,0.00,0.00,0.00,4.33,0.00,0.00,0.00,0.00,0.00,0.00,0.00,0.00,0.00,0.00,0.10,0.00,0.33,0.00,2.67,0.00,0.00,0.00,0.00,0.00,0.00,9.00,0.00,0.00,0.00,0.00,0.00,0.10,0.00,0.33,0.00,0.00,0.00,2.33,0.00,0.00,0.00,12.67,0.00,0.00,0.00,0.00,0.00,0.00,0.00,0.00,0.00,0.00,0.00,0.00,0.00,0.00,0.00,0.00,0.00,0.00,12.67,0.00,0.00,0.00,1.66,0.00,0.00,40.20,86.17,5.76,8.07,22.30,0.97,9.351,,,,,
540,P10-05,2282.06,Buntsandstein,39.00,10.67,1.33,0.00,0.00,0.10,0.33,0.33,0.00,0.00,0.00,1.67,0.00,0.00,1.33,0.00,0.00,0.00,0.67,0.00,0.00,0.00,0.00,0.00,0.10,0.00,0.00,0.10,0.00,0.10,0.00,0.00,0.00,0.00,0.00,0.00,0.00,0.00,0.00,0.00,0.00,0.00,0.00,0.00,0.00,0.00,2.33,0.00,0.00,0.00,0.00,0.00,0.00,0.00,0.00,0.00,0.00,0.10,0.00,1.00,0.00,3.67,0.00,0.00,0.00,0.00,0.00,0.00,8.33,0.00,0.00,0.00,0.00,0.00,0.00,0.00,0.10,0.00,0.00,0.00,1.33,0.00,0.00,0.00,9.00,0.00,0.00,0.00,0.00,0.00,0.00,0.00,0.00,0.00,0.00,0.00,0.00,0.00,0.00,0.00,0.00,0.00,0.00,15.67,0.00,0.00,0.00,3.33,0.00,0.00,39.20,89.61,1.98,8.41,26.80,1.83,67.900,,,,,
541,P10-05,2283.75,Buntsandstein,27.33,7.67,1.33,0.00,0.00,0.00,0.00,0.10,0.00,0.00,0.00,4.67,0.00,0.00,5.00,0.00,0.00,0.00,2.33,0.00,0.00,0.00,0.00,0.00,0.33,0.00,0.00,0.33,0.00,0.00,0.00,0.00,0.00,0.00,0.00,0.00,0.00,0.00,0.00,0.00,0.00,0.00,0.00,0.00,0.00,0.00,1.00,0.00,0.00,0.00,0.00,0.00,0.00,0.00,0.00,0.00,0.00,0.10,0.00,1.00,0.00,2.00,0.00,0.00,0.00,0.00,0.00,0.00,8.00,0.00,0.00,0.00,0.00,0.00,0.00,0.00,0.10,0.00,0.00,0.00,1.33,0.00,0.00,0.00,10.33,0.00,0.00,0.00,0.00,0.00,0.00,0.00,0.00,0.00,0.00,0.00,0.00,0.00,0.00,0.00,0.00,0.00,0.00,25.00,0.00,0.00,0.00,2.33,0.00,0.00,47.86,72.27,4.81,22.92,23.30,1.25,17.900,,,,,
542,P10-05,2286.91,Buntsandstein,34.33,17.33,1.67,0.00,0.00,0.00,0.00,0.33,0.00,0.00,0.00,3.33,0.00,0.00,2.00,0.00,0.00,0.00,3.67,0.00,0.00,0.00,0.00,0.00,0.10,0.33,0.00,0.33,0.00,0.33,0.00,0.00,0.00,0.00,0.00,0.00,0.00,0.00,0.00,0.00,0.00,0.00,0.00,0.00,0.00,0.00,5.00,0.00,0.00,0.00,0.00,0.00,0.00,0.00,0.00,0.00,0.00,0.00,0.00,0.67,0.00,3.33,0.00,0.00,0.00,0.00,0.00,0.00,7.00,0.00,0.00,0.00,0.00,0.00,0.00,0.00,0.67,0.00,0.00,0.00,1.33,0.00,0.00,0.00,4.67,0.00,0.00,0.00,0.00,0.00,0.00,0.00,0.00,0.00,0.00,0.00,0.00,0.00,0.00,0.00,0.00,0.00,0.00,12.00,0.00,0.00,0.00,1.67,0.00,0.00,29.67,82.44,5.86,11.70,20.00,0.88,7.541,,,,,
543,P10-05,2289.97,Buntsandstein,27.00,8.67,1.33,0.00,0.00,0.10,0.00,3.00,0.00,0.00,0.00,7.67,0.00,0.00,5.00,0.00,0.00,0.00,1.00,0.00,0.00,0.00,0.00,0.00,0.33,0.00,0.00,0.10,0.00,0.10,0.00,0.00,0.00,0.00,0.00,0.00,0.00,0.00,0.00,0.00,0.00,0.00,0.00,0.00,0.00,0.00,1.67,0.00,0.00,0.00,0.00,0.00,0.00,0.00,0.00,0.00,0.00,0.33,0.00,1.33,0.00,4.00,0.00,0.00,0.00,0.00,0.00,0.00,8.33,0.00,0.00,0.00,0.00,0.00,0.43,0.00,0.33,0.00,0.00,0.00,1.67,0.00,0.00,0.00,10.00,0.00,0.00,0.00,0.00,0.00,0.00,0.00,0.00,0.00,0.00,0.00,0.00,0.00,0.00,0.00,0.00,0.00,0.00,16.00,0.00,0.00,0.00,2.00,0.00,0.00,42.42,66.34,2.05,31.62,26.50,2.22,166.000,,,,,
544,P10-05,2292.03,Buntsandstein,26.67,14.33,1.67,0.00,0.00,0.10,0.33,7.67,0.00,0.00,0.00,7.67,0.00,0.00,2.00,0.00,0.00,0.00,4.67,0.00,0.00,0.00,0.00,0.00,0.33,0.33,0.00,0.10,0.00,0.10,0.00,0.00,0.00,0.00,0.00,0.00,0.00,0.00,0.00,0.00,0.00,0.00,0.00,0.00,0.00,0.00,1.33,0.00,0.00,0.00,0.00,0.00,0.00,0.00,0.00,0.00,0.00,0.10,0.00,0.10,0.00,3.00,0.00,0.00,0.10,0.00,0.00,0.00,6.33,0.00,0.00,0.00,0.00,0.00,0.00,0.00,0.10,0.00,0.00,0.00,3.33,0.00,0.00,0.00,7.00,0.00,0.00,0.00,0.00,0.00,0.00,0.00,0.00,0.00,0.00,0.00,0.00,0.00,0.00,0.00,0.00,0.00,0.00,11.00,0.00,0.00,0.00,2.33,0.00,0.00,31.06,62.97,7.83,29.20,24.50,1.59,38.500,,,,,
545,P10-05,2292.75,Buntsandstein,25.67,9.67,1.00,0.00,0.00,0.33,0.00,2.33,0.00,0.00,0.00,7.33,0.00,0.00,6.33,0.00,0.00,0.00,1.33,0.00,0.00,0.00,0.00,0.00,0.67,0.33,0.00,0.10,0.00,0.10,0.00,0.00,0.00,0.00,0.00,0.00,0.00,0.00,0.00,0.00,0.00,0.00,0.00,0.00,0.00,0.00,2.00,0.00,0.00,0.00,0.00,0.00,0.00,0.00,0.00,0.00,0.00,0.10,0.00,0.67,0.00,4.00,0.00,0.00,0.00,0.00,0.00,0.00,6.67,0.00,0.00,0.00,0.00,0.00,0.66,0.00,0.10,0.10,0.00,0.00,3.00,0.00,0.00,0.00,8.00,0.00,0.00,0.00,0.00,0.00,0.00,0.00,0.00,0.00,0.00,0.00,0.00,0.00,0.00,0.00,0.00,0.00,0.00,16.67,0.00,0.00,0.00,3.33,0.00,0.00,39.97,65.46,3.07,31.47,23.20,1.62,42.000,,,,,
546,P10-05,2295.75,Buntsandstein,31.33,9.33,0.10,0.00,0.00,1.67,0.33,5.67,0.00,0.00,0.00,7.67,0.00,0.00,3.00,0.00,0.00,0.00,2.67,0.00,0.00,0.00,0.00,0.00,1.67,1.00,0.00,0.67,0.00,0.33,0.00,0.00,0.00,0.00,0.00,0.00,0.00,0.00,0.00,0.00,0.00,0.00,0.10,0.00,0.00,0.00,3.67,0.00,0.00,0.00,0.00,0.00,0.00,0.00,0.00,0.00,0.00,0.10,0.00,0.10,0.00,0.00,0.00,0.00,0.00,0.00,0.00,0.00,6.33,0.00,0.10,0.00,0.00,0.00,0.33,0.00,0.67,0.00,0.00,0.00,2.00,0.00,0.00,0.00,4.67,0.00,0.00,0.00,0.00,0.00,0.00,0.00,0.00,0.00,0.00,0.00,0.00,0.00,0.00,0.00,0.00,0.00,0.00,15.67,0.00,0.00,0.00,1.33,0.00,0.00,29.97,65.82,7.56,26.61,24.20,1.72,52.900,,,,,
547,P10-05,2299.26,Buntsandstein,24.33,14.00,0.10,0.00,0.00,2.67,0.00,7.33,0.00,0.00,0.00,6.67,0.00,0.00,2.33,0.00,0.00,0.00,1.33,0.00,0.00,0.00,0.00,0.00,1.00,0.33,0.00,0.10,0.00,0.10,0.00,0.00,0.00,0.00,0.00,0.00,0.00,0.00,0.00,0.00,0.00,0.00,0.00,0.00,0.00,0.00,4.67,0.00,0.00,0.00,0.00,0.00,0.00,0.00,0.00,0.00,0.00,2.33,0.00,0.33,0.00,1.33,0.00,0.00,0.00,0.00,0.00,0.00,3.67,0.00,0.00,0.00,0.00,0.00,0.10,0.00,0.00,0.00,0.00,0.00,1.33,0.00,0.00,0.00,6.00,0.00,0.00,0.00,0.00,0.00,0.00,0.00,0.00,0.00,0.00,0.00,0.00,0.00,0.00,0.00,0.00,0.00,0.00,17.00,0.00,0.00,0.00,3.33,0.00,0.00,32.09,65.23,6.81,27.96,25.80,2.14,138.000,,,,,
548,P10-05,2299.76,Buntsandstein,29.00,12.67,0.33,0.00,0.00,4.33,0.00,7.00,0.00,0.00,0.00,6.67,0.00,0.00,1.67,0.00,0.00,0.00,3.33,0.33,0.00,0.00,0.00,0.00,0.33,0.67,0.00,0.10,0.00,0.10,0.00,0.00,0.00,0.00,0.00,0.00,0.00,0.00,0.00,0.00,0.00,0.00,0.00,0.00,0.00,0.00,2.67,0.00,0.00,0.00,0.00,0.00,0.00,0.00,0.00,0.00,0.00,0.10,0.00,0.10,0.00,0.00,0.00,0.00,0.00,0.00,0.00,0.00,7.33,0.00,0.00,0.00,0.00,0.00,0.33,0.00,0.33,0.00,0.00,0.00,2.67,0.00,0.00,0.00,4.67,0.00,0.00,0.00,0.00,0.00,0.00,0.00,0.00,0.00,0.00,0.00,0.00,0.00,0.00,0.00,0.00,0.00,0.00,12.00,0.00,0.00,0.00,3.67,0.00,0.00,27.53,63.78,11.73,24.49,27.40,2.03,106.000,,,,,
549,P10-05,2302.75,Buntsandstein,31.67,11.00,0.33,0.00,0.00,9.00,0.33,0.67,0.00,0.00,0.00,4.67,0.00,0.00,2.33,0.00,0.00,0.00,3.67,0.00,0.00,0.00,0.00,0.00,0.10,0.00,0.00,0.10,0.00,0.10,0.00,0.00,0.00,0.00,0.00,0.00,0.00,0.00,0.00,0.00,0.00,0.00,0.00,0.00,0.00,0.00,3.67,0.00,0.00,0.00,0.00,0.00,0.00,0.00,0.00,0.00,0.00,0.00,0.00,0.00,0.00,0.10,0.00,0.00,0.00,0.00,0.00,0.00,7.00,0.33,0.33,0.00,0.00,0.00,0.00,0.00,0.10,0.33,0.00,0.00,1.67,0.00,0.00,0.00,3.67,0.00,0.00,0.00,0.00,0.00,0.00,0.00,0.00,0.00,0.00,0.00,0.00,0.00,0.00,0.00,0.00,0.00,0.00,16.67,0.00,0.00,0.00,2.67,0.00,0.00,30.20,67.02,20.42,12.56,25.80,1.72,52.700,,,,,
550,P10-05,2306.24,Buntsandstein,27.00,4.67,0.67,0.00,0.00,12.33,0.00,1.33,0.00,0.00,0.00,3.33,0.00,0.00,1.67,0.00,0.00,0.00,3.00,0.00,0.00,0.00,0.00,0.00,0.33,0.00,0.00,0.33,0.00,0.10,0.00,0.00,0.00,0.00,0.00,0.00,0.00,0.00,0.00,0.00,0.00,0.00,0.00,0.00,0.00,0.00,6.67,0.00,0.00,0.00,0.00,0.00,0.00,0.00,0.00,0.00,0.00,0.33,0.00,0.33,0.00,0.00,0.00,0.00,0.00,0.00,0.00,0.00,6.00,0.10,0.00,0.00,0.00,0.00,0.33,0.00,0.10,0.00,0.00,0.00,2.00,0.00,0.00,0.00,3.33,0.00,0.00,0.00,0.00,0.00,0.00,0.00,0.00,0.00,0.00,0.00,0.00,0.00,0.00,0.00,0.00,0.00,0.00,23.67,0.00,0.00,0.00,2.67,0.00,0.00,36.19,58.65,28.39,12.96,27.50,1.96,90.600,,,,,
551,P10-05,2308.03,Buntsandstein,27.33,10.00,0.33,0.00,0.00,9.00,0.33,3.67,0.00,0.00,0.00,6.00,0.00,0.00,0.67,0.00,0.00,0.00,4.33,0.00,0.00,0.00,0.00,0.00,0.33,0.33,0.00,0.10,0.00,0.33,0.00,0.00,0.00,0.00,0.00,0.00,0.00,0.00,0.00,0.00,0.00,0.00,0.00,0.00,0.00,0.00,2.00,0.00,0.00,0.00,0.00,0.00,0.00,0.00,0.00,0.00,0.00,0.10,0.00,0.10,0.00,0.00,0.00,0.00,0.00,0.00,0.00,0.00,7.33,0.10,0.00,0.00,0.00,0.00,0.00,0.00,0.10,0.00,0.00,0.00,2.33,0.00,0.00,0.00,6.33,0.00,0.00,0.00,0.00,0.00,0.00,0.00,0.00,0.00,0.00,0.00,0.00,0.00,0.00,0.00,0.00,0.00,0.00,17.33,0.00,0.00,0.00,2.00,0.00,0.00,33.72,60.54,22.15,17.30,26.60,1.52,33.200,,,,,
552,P11-11,2897.20,Buntsandstein,29.70,12.30,4.30,0.00,0.00,7.00,0.70,0.00,0.30,2.30,2.70,0.00,0.00,0.00,0.00,0.00,0.00,0.00,0.30,0.00,0.00,0.00,0.00,0.00,0.70,0.00,0.00,0.00,0.00,0.30,0.00,0.00,0.00,0.00,0.00,0.00,0.00,0.00,0.00,0.00,0.00,0.00,0.00,0.00,0.00,0.00,0.00,0.00,0.00,0.00,0.00,0.00,0.00,0.00,0.00,0.00,0.00,4.00,0.00,0.00,0.00,0.00,0.00,0.00,0.00,0.00,0.00,0.10,1.00,0.00,0.00,0.00,0.00,0.00,0.00,0.00,0.30,0.00,0.00,0.00,0.00,2.30,0.00,0.00,0.00,0.00,0.00,0.00,0.00,0.00,0.00,8.30,0.00,0.00,0.00,0.00,0.00,0.00,0.00,0.00,0.00,1.00,0.00,13.70,2.00,1.70,5.00,0.00,0.00,0.00,26.10,70.47,13.42,16.11,23.30,3.21,1603.500,,,,,
553,P11-11,2900.09,Buntsandstein,28.30,8.30,3.00,0.00,0.00,11.00,1.00,0.00,0.30,1.30,0.00,0.00,0.00,0.00,0.00,0.00,0.00,0.00,0.30,0.00,0.00,0.00,0.00,0.00,3.70,0.00,0.00,1.70,0.00,0.70,0.00,0.00,0.00,0.00,0.00,0.00,0.00,0.00,0.00,0.00,0.00,0.00,0.00,0.00,0.00,2.00,0.00,0.00,0.00,0.00,0.00,0.00,0.00,0.00,0.00,0.00,0.00,2.30,0.00,1.70,0.00,0.00,0.00,0.00,0.00,0.00,0.00,0.00,1.70,0.00,0.00,0.00,0.00,0.00,0.00,0.00,0.00,0.00,0.00,0.00,4.30,2.00,0.00,0.00,0.00,0.00,0.00,0.00,0.00,0.00,0.00,9.00,2.00,0.00,0.00,0.00,1.00,0.00,0.00,0.00,0.00,0.00,0.00,6.30,4.00,4.00,0.00,0.00,0.00,0.00,20.30,68.41,22.99,8.60,17.00,1.04,10.900,,,,,
554,P11-11,2901.37,Buntsandstein,30.30,7.70,4.00,0.00,0.00,7.00,0.30,0.00,0.00,2.00,0.00,0.00,0.00,0.00,0.70,0.00,0.00,0.00,0.00,0.00,0.00,0.00,0.00,0.00,2.30,0.00,0.00,1.00,0.00,0.70,0.00,0.00,0.00,0.00,0.00,0.00,0.00,0.00,0.00,0.00,0.00,0.00,0.00,0.00,0.00,0.00,0.00,0.00,0.00,0.00,0.00,0.00,0.00,0.00,0.00,0.00,0.00,5.00,0.00,0.70,0.00,0.00,0.00,0.00,0.00,0.00,0.00,0.00,2.00,0.00,0.00,0.00,0.00,0.00,0.00,0.00,0.30,0.00,0.00,0.00,4.00,1.70,0.00,0.00,0.00,0.00,0.00,0.00,0.00,0.00,0.00,8.70,1.30,0.00,0.00,0.00,0.70,0.00,0.00,0.00,0.00,0.00,0.00,10.00,2.70,6.00,1.00,0.00,0.00,0.00,25.70,73.08,14.04,12.88,24.10,2.46,291.300,,,,,
555,P11-11,2904.13,Buntsandstein,36.70,2.30,2.70,0.00,0.00,8.00,0.70,0.00,0.30,0.00,0.00,0.00,0.00,0.00,0.00,0.00,0.00,0.00,0.00,0.00,0.00,0.00,0.00,0.00,6.00,0.00,0.00,1.70,0.00,1.30,0.00,0.00,0.00,0.00,0.00,0.00,0.00,0.00,0.00,0.00,0.00,0.00,0.00,0.00,0.00,0.00,0.00,0.00,0.00,0.00,0.00,0.00,0.00,0.00,0.00,0.00,0.00,4.00,0.00,0.00,0.00,0.00,0.00,0.00,0.00,0.00,0.00,0.00,2.30,0.00,0.00,0.00,0.00,0.00,0.00,0.00,0.00,0.00,0.00,0.00,4.00,1.00,0.00,0.00,0.00,0.00,0.00,0.00,0.00,0.00,0.00,9.30,0.00,0.00,0.00,0.00,0.30,0.00,0.00,1.30,0.00,0.00,0.00,8.00,5.00,5.00,0.00,0.00,0.00,0.00,23.30,76.92,17.16,5.92,19.20,1.52,33.100,,,,,
556,P11-11,2905.08,Buntsandstein,40.70,2.00,1.00,0.00,0.00,8.30,1.70,0.00,0.30,0.70,0.70,0.00,0.00,0.00,0.00,0.00,0.00,0.00,0.00,0.00,0.00,0.00,0.00,0.00,5.00,0.00,0.00,2.30,0.00,2.30,0.00,0.00,0.00,0.00,0.00,0.00,0.00,0.00,0.00,0.00,0.00,0.00,0.00,0.00,0.00,3.70,0.00,0.00,0.00,0.00,0.00,0.00,0.00,0.00,0.00,0.00,0.00,1.70,0.00,0.70,0.00,0.00,0.00,0.00,0.00,0.00,0.00,0.00,0.70,0.00,0.00,0.00,0.00,0.00,0.00,0.00,0.00,0.00,0.00,0.00,5.00,1.00,0.00,0.00,0.10,0.00,0.00,0.00,0.00,0.00,0.00,6.00,3.00,0.00,0.00,0.00,0.00,0.00,0.00,2.70,0.00,1.00,0.00,3.70,1.00,5.00,0.00,0.00,0.00,0.00,12.90,77.08,18.05,4.87,10.70,-0.92,0.120,,,,,
557,P11-11,2906.56,Buntsandstein,31.70,3.00,1.70,0.00,0.00,11.70,0.70,0.00,0.30,0.00,0.00,0.00,0.00,0.00,0.00,0.00,0.00,0.00,0.00,0.00,0.00,0.00,0.00,0.00,6.00,0.00,0.00,2.30,0.00,2.30,0.00,0.00,0.00,0.00,0.00,0.00,0.00,0.00,0.00,0.00,0.00,0.00,0.00,0.00,0.00,2.00,0.00,0.00,0.00,0.00,0.00,0.00,0.00,0.00,0.00,0.00,0.00,2.00,0.00,0.00,0.00,0.00,0.00,0.00,0.00,0.00,0.00,0.00,1.00,0.00,0.00,0.00,0.00,0.00,0.00,0.00,0.00,0.00,0.00,0.00,6.00,1.00,0.00,0.00,0.00,0.00,0.00,0.00,0.00,0.00,0.00,6.30,3.70,0.00,0.00,0.00,0.00,0.00,0.00,3.00,0.00,0.70,0.00,5.30,2.00,7.30,0.00,0.00,0.00,0.00,16.30,70.67,25.25,4.07,15.90,0.49,3.100,,,,,
558,P11-11,2910.08,Buntsandstein,33.70,5.30,2.70,0.00,0.00,8.30,2.70,0.00,0.30,0.00,0.00,0.00,0.00,0.00,2.00,0.00,0.00,0.00,0.30,0.00,0.00,0.00,0.00,0.00,3.70,0.00,0.00,1.70,0.00,1.30,0.00,0.00,0.00,0.00,0.00,0.00,0.00,0.00,0.00,0.00,0.00,0.00,0.00,0.00,0.00,2.70,0.00,0.00,0.00,0.00,0.00,0.00,0.00,0.00,0.00,0.00,0.00,5.00,0.00,0.00,0.00,0.00,0.00,0.00,0.00,0.00,0.00,0.00,0.70,0.00,0.00,0.00,0.00,0.00,0.00,0.00,0.00,0.00,0.00,0.00,5.30,2.00,0.00,0.00,0.00,0.00,0.00,0.00,0.00,0.00,0.00,8.00,0.30,0.00,0.00,0.00,0.70,0.00,0.00,2.00,0.00,0.00,0.00,4.00,2.30,5.00,0.00,0.00,0.00,0.00,17.30,70.52,20.43,9.04,11.10,0.18,1.500,,,,,
559,P11-11,2914.28,Buntsandstein,24.00,21.00,4.00,0.00,0.00,4.30,0.70,0.00,0.00,4.00,2.70,0.00,0.00,0.00,0.00,0.00,0.00,0.00,1.00,0.00,0.00,0.00,0.00,0.00,0.70,0.00,0.00,1.00,0.00,1.00,0.00,0.00,0.00,0.00,0.00,0.00,0.00,0.00,0.00,0.00,0.00,0.00,0.00,0.00,0.00,2.00,0.00,0.00,0.00,0.00,0.00,0.00,0.00,0.00,0.00,0.00,0.00,3.00,0.00,0.30,0.00,0.00,0.00,0.00,0.00,0.00,0.00,0.10,0.30,0.00,0.00,0.00,0.00,0.00,0.00,0.00,0.00,0.00,0.00,0.00,1.00,3.00,0.00,0.00,0.30,0.00,0.00,0.00,0.00,0.00,0.00,4.00,0.70,0.00,0.00,0.00,0.00,0.00,0.00,0.00,0.00,0.70,0.00,13.00,0.70,2.70,4.00,0.00,0.00,0.00,22.70,72.93,9.72,17.34,22.40,3.52,3288.300,,,,,
560,P11-11,2916.03,Buntsandstein,22.70,23.00,7.00,0.00,0.00,6.30,0.30,0.00,0.00,3.70,1.00,0.00,0.00,0.00,2.70,0.00,0.00,0.00,0.00,0.00,0.00,0.00,0.00,0.00,0.00,0.00,0.00,1.70,0.00,1.00,0.00,0.00,0.00,0.00,0.00,0.00,0.00,0.00,0.00,0.00,0.00,0.00,0.00,0.00,0.00,0.00,0.00,0.00,0.00,0.00,0.00,0.00,0.00,0.00,0.00,0.00,0.00,3.00,0.00,0.30,0.00,0.00,0.00,0.00,0.00,0.00,0.00,0.00,1.70,0.00,0.00,0.00,0.00,0.00,0.00,0.00,1.30,0.00,0.00,0.00,2.00,3.30,0.00,0.00,0.00,0.00,0.00,0.00,0.00,0.00,0.00,4.00,0.70,0.00,0.00,0.00,0.00,0.00,0.00,0.00,0.00,0.00,0.00,8.00,0.70,2.70,3.00,0.00,0.00,0.00,20.00,68.52,9.90,21.59,16.40,2.48,303.700,,,,,
561,P11-11,2917.51,Buntsandstein,20.30,22.70,4.30,0.00,0.00,6.00,1.00,0.00,0.00,2.70,2.00,0.00,0.00,0.00,1.30,0.00,0.00,0.00,0.70,0.00,0.00,0.00,0.00,0.00,0.00,0.00,0.00,0.70,0.00,0.70,0.00,0.00,0.00,0.00,0.00,0.00,0.00,0.00,0.00,0.00,0.00,0.00,0.00,0.00,0.00,0.00,0.00,0.00,0.00,0.00,0.00,0.00,0.00,0.00,0.00,0.00,0.00,2.70,0.00,0.00,0.00,0.00,0.00,0.00,0.00,0.00,0.00,0.00,7.30,0.00,0.00,0.00,0.00,0.00,0.00,0.00,0.30,0.00,0.00,0.00,0.30,2.00,0.00,0.00,0.00,0.00,0.00,0.00,0.00,0.00,0.00,6.70,0.00,0.00,0.00,0.00,0.00,0.00,0.00,0.00,0.00,0.70,0.00,13.00,2.30,0.30,2.00,0.00,0.00,0.00,27.90,70.49,12.62,16.89,19.30,3.02,1049.200,,,,,
562,P11-11,2919.55,Buntsandstein,34.00,9.00,3.00,0.00,0.00,7.30,1.70,0.00,0.70,4.00,0.00,0.00,0.00,0.00,2.70,0.00,0.00,0.00,0.00,0.00,0.00,0.00,0.00,0.00,1.30,0.00,0.00,2.30,0.00,0.70,0.00,0.00,0.00,0.00,0.00,0.00,0.00,0.00,0.00,0.00,0.00,0.00,0.00,0.00,0.00,0.00,0.00,0.00,0.00,0.00,0.00,0.00,0.00,0.00,0.00,0.00,0.00,2.00,0.00,0.00,0.00,0.00,0.00,0.00,0.00,0.00,0.00,0.10,6.30,0.00,0.00,0.00,0.00,0.00,0.00,0.00,0.70,0.00,0.00,0.00,2.00,1.70,0.00,0.00,0.00,0.00,0.00,0.00,0.00,0.00,0.00,1.30,0.00,0.00,0.00,0.00,0.00,0.00,0.00,0.00,0.00,0.70,0.00,13.30,1.30,1.00,3.00,0.00,0.00,0.00,28.70,68.91,14.42,16.67,19.80,2.47,292.000,,,,,
563,P11-11,2923.52,Buntsandstein,32.30,11.00,4.30,0.00,0.00,6.00,1.30,0.00,0.00,3.70,1.00,0.00,0.00,0.00,5.00,0.00,0.00,0.00,0.00,0.00,0.00,0.00,0.00,0.00,0.30,0.00,0.00,1.00,0.00,0.00,0.00,0.00,0.00,0.00,0.00,0.00,0.00,0.00,0.00,0.00,0.00,0.00,0.00,0.00,0.00,0.00,0.00,0.00,0.00,0.00,0.00,0.00,0.00,0.00,0.00,0.00,0.00,1.00,0.00,0.70,0.00,0.00,0.00,0.00,0.00,0.00,0.00,0.00,4.00,0.00,0.00,0.00,0.00,0.00,0.00,0.00,0.00,0.00,0.00,0.00,0.70,1.30,0.00,0.00,0.30,0.00,0.00,0.00,0.00,0.00,0.00,5.00,2.00,0.00,0.00,0.00,0.00,0.00,0.00,0.00,0.00,1.70,0.00,14.00,1.00,0.30,2.00,0.00,0.00,0.00,23.70,67.03,11.30,21.67,18.10,2.37,232.600,,,,,
564,Q01-27,3028.22,Buntsandstein,55.00,8.00,0.30,0.00,0.00,2.00,4.70,0.00,0.00,0.00,0.00,1.70,0.00,0.00,0.00,0.00,0.00,0.00,0.00,0.00,2.30,0.00,0.00,0.00,0.00,0.00,0.00,0.00,0.00,0.00,0.00,0.00,0.00,0.00,0.00,0.00,0.00,0.00,0.00,0.00,0.00,0.00,0.00,0.00,0.00,0.00,0.00,0.00,0.00,0.00,0.00,0.00,0.00,0.00,1.00,0.00,0.00,0.00,0.00,0.30,0.00,0.00,0.00,0.00,1.00,0.00,0.00,0.00,6.30,0.00,0.30,0.00,0.00,0.70,0.00,0.00,0.00,0.10,0.00,0.00,1.30,4.00,0.00,0.00,0.00,0.00,0.00,0.00,0.00,0.00,0.00,0.00,0.00,0.00,0.00,0.00,0.00,0.00,0.00,0.70,1.00,0.00,0.00,5.70,0.00,0.00,0.00,3.70,0.00,0.00,15.70,85.14,9.05,5.81,9.70,-0.33,0.470,,,,,
565,Q01-27,3110.23,Buntsandstein,45.00,15.00,1.00,0.00,0.00,3.70,3.30,0.00,0.30,0.00,0.00,1.00,0.00,0.00,0.00,0.00,0.00,0.00,0.00,0.30,3.70,0.00,0.00,0.00,0.00,0.00,0.00,0.00,0.00,0.00,0.00,0.00,0.00,0.00,0.00,0.00,0.00,0.00,0.00,0.00,0.00,0.00,0.00,0.00,0.00,0.00,0.00,0.00,0.00,0.00,0.00,0.00,0.00,0.00,1.00,0.00,0.00,0.70,0.00,1.30,0.00,0.00,0.00,0.00,1.70,0.00,0.30,0.30,3.70,0.00,1.00,0.00,0.00,2.30,0.00,0.00,0.00,0.00,0.00,0.00,0.00,0.00,0.00,0.00,0.00,0.00,0.00,0.00,0.00,0.00,0.00,0.30,0.30,0.00,0.00,0.00,0.00,0.00,0.00,1.70,0.00,0.00,0.00,6.70,1.00,0.00,0.00,4.00,0.00,0.00,19.00,81.86,9.55,8.59,14.00,0.62,4.200,,,,,
566,Q01-27,3112.80,Buntsandstein,52.70,10.00,0.00,0.00,0.00,2.00,3.00,1.00,0.00,0.00,0.00,2.00,0.00,0.00,0.00,0.00,0.00,0.00,0.00,0.00,2.00,0.00,0.00,0.00,0.00,0.00,0.00,0.00,0.00,0.00,0.00,0.00,0.00,0.00,0.00,0.00,0.00,0.00,0.00,0.00,0.00,0.00,0.00,0.00,0.00,0.00,0.00,0.00,0.00,0.00,0.00,0.00,0.00,0.00,0.00,0.00,0.00,0.30,0.00,1.30,0.00,0.00,0.00,0.00,2.00,0.00,0.00,0.00,2.70,0.00,0.30,0.00,0.00,4.70,0.00,0.00,0.00,0.00,0.00,0.00,0.00,0.00,0.00,0.00,0.00,0.00,0.00,0.00,0.00,0.00,0.00,0.70,0.00,0.00,0.00,0.00,0.30,0.00,0.00,1.00,0.00,0.00,0.00,8.00,0.70,0.00,0.00,5.00,0.00,0.00,20.00,86.24,6.88,6.88,17.60,1.55,35.800,,,,,
567,Q01-27,3031.00,Buntsandstein,49.00,11.00,0.00,0.00,0.00,1.00,5.30,0.30,0.30,0.00,0.00,1.70,0.00,0.00,0.00,0.00,0.00,0.00,0.00,0.00,4.30,0.00,0.00,0.30,0.00,0.00,0.00,0.00,0.00,0.00,0.00,0.00,0.00,0.00,0.00,0.00,0.00,0.00,0.00,0.00,0.00,0.00,0.00,0.00,0.00,0.00,0.00,0.00,0.00,0.00,0.00,0.00,0.00,0.00,0.30,0.00,0.00,1.00,0.00,2.00,0.00,0.00,0.00,0.00,0.70,0.00,0.00,0.30,6.70,0.00,0.30,0.00,0.00,0.00,0.00,0.00,0.70,0.10,0.00,0.00,0.30,5.00,0.00,0.00,0.00,0.00,0.00,0.00,0.00,0.00,0.00,0.00,0.00,0.00,0.00,0.00,0.00,0.00,0.00,2.70,0.00,0.00,0.00,3.70,0.00,0.00,0.00,3.30,0.00,0.00,15.80,82.30,8.64,9.05,10.50,-1.00,0.100,,,,,
568,Q01-27,3031.81,Buntsandstein,47.30,19.00,0.00,0.00,0.00,0.00,1.30,0.00,0.00,0.00,0.00,0.30,0.00,0.00,0.00,0.00,0.00,0.00,0.00,0.30,1.70,0.00,0.00,0.00,0.00,0.00,0.00,0.00,0.00,0.00,0.00,0.00,0.00,0.00,0.00,0.00,0.00,0.00,0.00,0.00,0.00,0.00,0.00,0.00,0.00,0.00,0.00,0.00,0.00,0.00,0.00,0.00,0.00,0.00,0.30,0.00,0.00,0.00,0.00,1.70,0.00,0.00,0.00,0.00,11.00,0.00,0.00,0.00,8.70,0.00,0.00,0.00,0.00,0.00,0.00,0.00,0.00,0.10,0.00,0.00,0.00,0.30,0.00,0.00,0.00,0.00,0.00,0.00,0.00,0.00,0.00,0.00,0.00,0.00,0.00,0.00,0.30,0.00,0.00,1.70,0.00,0.00,0.00,4.30,0.00,0.00,0.00,1.00,0.00,0.00,25.80,94.85,1.86,3.29,5.70,-0.70,0.200,,,,,
569,Q01-27,3114.55,Buntsandstein,41.00,9.00,0.30,0.00,0.00,1.30,10.30,0.70,0.30,0.00,0.00,1.30,0.00,0.00,0.00,0.00,0.00,0.00,0.00,0.00,1.30,0.00,0.00,0.70,0.00,0.00,0.00,0.00,0.00,0.00,0.00,0.00,0.00,0.00,0.00,0.00,0.00,0.00,0.00,0.00,0.00,0.00,0.00,0.00,0.00,0.00,0.70,0.00,0.00,0.00,0.00,0.00,0.00,0.00,0.00,0.00,0.00,1.70,0.00,3.30,0.00,0.00,0.00,0.00,0.70,0.00,0.00,0.00,4.70,0.00,0.30,0.00,0.70,7.00,0.00,0.00,0.70,0.00,0.00,0.00,0.70,0.30,0.00,0.00,0.00,0.00,0.00,0.00,0.00,0.00,0.00,0.30,0.00,0.00,0.00,0.00,0.00,0.00,0.00,1.70,0.00,0.00,0.00,7.30,0.00,0.00,0.00,3.70,0.00,0.00,27.10,76.34,17.71,5.95,14.40,0.44,2.780,,,,,
570,Q01-27,3116.00,Buntsandstein,44.00,9.70,0.00,0.00,0.00,1.70,4.30,0.00,0.00,0.00,0.00,0.70,0.00,0.00,0.00,0.00,0.00,0.00,0.00,0.00,2.00,0.00,0.00,0.00,0.00,0.00,0.00,0.30,0.00,0.00,0.00,0.30,0.00,0.00,0.00,0.00,0.00,0.00,0.00,0.00,0.00,0.00,0.00,0.00,0.00,0.00,0.30,0.00,0.00,0.00,0.00,0.00,0.00,0.00,0.00,0.00,0.00,5.00,0.00,5.00,0.00,0.00,0.00,0.00,4.00,0.00,0.00,0.00,1.70,0.00,0.00,0.00,0.30,10.00,0.00,0.00,0.00,0.00,0.00,0.00,0.00,0.00,0.00,0.00,0.00,0.00,0.00,0.00,0.00,0.00,0.00,2.30,1.30,0.00,0.00,0.00,0.30,0.00,0.00,0.30,0.00,0.00,0.00,2.70,0.00,0.00,0.00,3.30,0.00,0.00,28.70,85.65,9.57,4.78,11.00,0.39,2.450,,,,,
571,Q01-27,3034.26,Buntsandstein,31.30,2.30,0.00,0.00,0.00,0.00,4.70,0.00,0.00,0.00,0.00,0.00,0.00,0.00,0.00,0.00,0.00,0.00,0.00,0.00,4.70,0.00,0.00,0.70,0.00,0.00,0.00,0.30,0.00,0.00,0.00,5.30,0.00,0.00,0.30,0.00,0.00,0.00,0.00,0.00,0.00,0.00,0.00,0.00,0.00,0.00,0.30,0.00,0.00,0.00,0.00,0.00,0.00,0.00,0.00,0.70,0.00,2.00,1.30,14.00,0.00,0.00,0.00,0.00,3.00,0.00,0.00,0.00,8.70,0.00,1.00,0.00,0.30,6.70,0.00,0.00,0.70,0.00,0.00,0.00,0.00,0.00,0.00,0.00,0.00,0.00,0.00,0.00,0.00,0.00,0.00,2.30,8.00,0.00,0.00,0.00,0.30,0.00,0.00,0.00,0.30,0.00,0.00,0.00,0.00,0.00,0.00,0.30,0.00,0.00,38.40,69.57,9.73,20.70,5.70,,,,,,,
572,Q01-27,3120.25,Buntsandstein,44.30,12.00,1.30,0.00,0.00,1.30,4.30,2.00,0.00,0.00,0.00,2.30,0.00,0.00,0.00,0.00,0.00,0.00,0.00,0.00,2.00,0.00,0.00,0.00,0.00,0.00,0.00,0.00,0.00,0.00,0.00,0.00,0.00,0.00,0.00,0.00,0.00,0.00,0.00,0.00,0.00,0.00,0.00,0.00,0.00,0.00,0.00,0.00,0.00,0.00,0.00,0.00,0.00,0.00,0.00,0.00,0.00,1.00,0.00,5.70,0.00,0.00,0.00,0.00,7.00,0.00,0.00,0.30,1.70,0.00,0.00,0.00,0.00,1.70,0.00,0.00,0.00,0.00,0.00,0.00,0.30,0.00,0.00,0.00,0.00,0.00,0.00,0.00,0.00,0.00,0.00,0.00,0.70,0.00,0.00,0.00,0.30,0.00,0.00,1.70,0.00,0.00,0.00,5.30,1.00,0.00,0.00,3.70,0.00,0.00,24.00,81.01,8.06,10.94,10.80,0.84,6.860,,,,,
573,Q01-27,3038.48,Buntsandstein,27.00,3.00,0.00,0.00,0.00,0.30,7.70,0.30,9.00,0.00,0.00,0.00,0.00,0.00,0.00,0.00,0.00,0.00,0.00,0.00,3.30,0.00,0.00,0.00,0.00,0.00,0.00,0.30,0.00,0.00,0.00,14.00,0.00,0.00,0.30,0.00,0.00,0.00,0.00,0.00,0.00,0.00,0.00,0.00,0.00,0.00,0.00,0.00,0.00,0.00,0.00,0.00,0.00,0.00,0.00,0.70,0.00,0.70,0.70,10.00,0.00,0.00,0.00,0.00,5.70,0.00,0.30,0.00,3.70,0.00,0.70,0.00,0.70,2.70,0.00,0.00,0.70,0.00,0.00,0.00,0.00,0.30,0.00,0.00,0.00,0.00,0.00,0.00,0.00,0.00,0.00,1.00,7.00,0.00,0.00,0.00,0.30,0.00,0.00,0.00,0.00,0.00,0.00,0.00,0.00,0.00,0.00,0.00,0.00,0.00,26.60,46.44,12.38,41.18,2.70,,,,,,,
574,Q01-27,3040.21,Buntsandstein,32.00,5.00,0.00,0.00,0.00,0.30,2.00,0.00,31.00,0.00,0.00,0.70,0.00,0.00,0.00,0.00,0.00,0.00,0.00,0.00,2.70,0.00,0.00,0.30,0.00,0.00,0.00,0.30,0.00,0.00,0.00,3.70,0.00,0.00,0.00,0.00,0.00,0.00,0.00,0.00,0.00,0.00,0.00,0.00,0.00,0.00,2.30,0.00,0.00,0.00,0.00,0.00,0.00,0.00,0.00,0.00,0.00,0.30,0.70,6.30,0.00,0.00,0.00,0.00,0.30,0.00,0.00,0.00,2.30,0.00,0.30,0.00,0.30,3.00,0.00,0.00,0.30,0.00,0.00,0.00,0.00,0.00,0.00,0.00,0.00,0.00,0.00,0.00,0.00,0.00,0.00,1.00,4.00,0.00,0.00,0.00,0.00,0.00,0.00,0.30,0.30,0.00,0.00,0.00,0.00,0.00,0.00,0.00,0.00,0.00,13.80,47.80,2.97,49.22,2.60,-2.00,0.010,,,,,
575,Q01-27,3122.24,Buntsandstein,46.30,12.00,0.30,0.00,0.00,1.30,4.00,0.70,0.00,0.00,0.00,0.30,0.00,0.00,0.00,0.00,0.00,0.00,0.00,0.00,2.30,0.00,0.00,0.00,0.00,0.00,0.00,0.00,0.00,0.00,0.00,1.70,0.00,0.00,0.00,0.00,0.00,0.00,0.00,0.00,0.00,0.00,0.00,0.00,0.00,0.00,0.00,0.00,0.00,0.00,0.00,0.00,0.00,0.00,0.00,0.00,0.00,0.00,0.00,2.00,0.00,0.00,0.00,0.00,2.30,0.00,0.00,0.00,9.70,0.00,0.00,0.00,0.00,2.00,0.00,0.00,0.00,0.00,0.00,0.00,0.00,0.00,0.00,0.00,0.00,0.00,0.00,0.00,0.00,0.00,0.00,0.00,2.00,0.00,0.00,0.00,0.00,0.00,0.00,1.00,0.00,0.00,0.00,5.00,0.00,0.00,0.00,6.70,0.00,0.00,21.00,84.62,7.69,7.69,12.90,0.12,1.310,,,,,
576,Q01-27,3124.00,Buntsandstein,35.70,20.00,0.00,0.00,0.00,1.00,2.30,0.70,0.70,0.00,0.00,3.70,0.00,0.00,0.00,0.00,0.00,0.00,0.00,0.00,2.00,0.00,0.00,0.00,0.00,0.00,0.00,0.00,0.00,0.00,0.00,2.00,0.00,0.00,0.00,0.00,0.00,0.00,0.00,0.00,0.00,0.00,0.00,0.00,0.00,0.00,0.00,0.00,0.00,0.00,0.00,0.00,0.00,0.00,0.00,0.00,0.00,0.00,0.00,1.70,0.00,0.00,0.00,0.00,10.00,0.00,0.00,0.00,11.00,0.00,0.00,0.00,0.00,1.00,0.00,0.00,0.00,0.00,0.00,0.00,0.30,0.00,0.00,0.00,0.00,0.00,0.00,0.00,0.00,0.00,0.00,0.70,0.00,0.00,0.00,0.00,0.70,0.00,0.00,2.00,0.00,0.00,0.00,2.70,0.00,0.00,0.00,1.70,0.00,0.00,26.70,81.79,4.85,13.36,5.23,-1.00,0.100,,,,,
577,Q01-27,3044.10,Buntsandstein,34.70,6.30,0.70,0.00,0.00,0.70,4.00,1.00,0.00,0.00,0.00,2.70,0.00,0.00,0.00,0.00,0.00,0.00,0.00,0.00,3.70,0.00,0.00,0.00,0.00,0.00,0.00,0.00,0.00,0.00,0.00,12.00,0.00,0.00,0.30,0.00,0.00,0.00,0.00,0.00,0.00,0.00,0.00,0.00,0.00,0.00,1.00,0.00,0.00,0.00,0.00,0.00,0.00,0.00,0.00,4.30,0.00,0.70,1.30,4.00,0.00,0.00,0.00,0.00,2.00,0.00,0.00,0.00,2.00,0.00,0.00,0.00,0.30,13.00,0.00,0.00,0.30,0.00,0.00,0.00,0.00,0.00,0.00,0.00,0.00,0.00,0.00,0.00,0.00,0.00,0.00,2.00,2.70,0.00,0.00,0.00,0.00,0.00,0.00,0.00,0.00,0.00,0.00,0.00,0.00,0.00,0.00,0.00,0.00,0.00,27.90,62.31,7.14,30.55,3.10,-3.00,0.001,,,,,
578,Q01-27,3127.75,Buntsandstein,37.70,15.00,0.70,0.00,0.00,2.00,1.00,0.00,0.00,0.00,0.00,2.70,0.00,0.00,0.00,0.00,0.00,0.00,0.00,0.00,1.30,0.00,0.00,0.00,0.00,0.00,0.00,0.00,0.00,0.00,0.00,3.30,0.00,0.00,0.00,0.00,0.00,0.00,0.00,0.00,0.00,0.00,0.00,0.00,0.00,0.00,0.00,0.00,0.00,0.00,0.00,0.00,0.00,0.00,0.00,0.00,0.00,1.00,0.00,1.70,0.00,0.00,0.00,0.00,18.00,0.00,0.00,0.00,9.00,0.00,0.00,0.00,0.00,0.30,0.00,0.00,0.30,0.00,0.00,0.00,0.00,0.00,0.00,0.00,0.00,0.00,0.00,0.00,0.00,0.00,0.00,0.70,0.30,0.00,0.00,0.00,2.70,0.00,0.00,1.00,0.00,0.00,0.00,0.00,0.00,0.00,0.00,1.30,0.00,0.00,30.30,82.73,4.71,12.56,3.31,-1.52,0.030,,,,,
579,Q01-27,3047.02,Buntsandstein,29.70,6.30,0.70,0.00,0.00,0.70,8.00,0.30,0.70,0.00,0.00,3.00,0.00,0.00,0.00,0.00,0.00,0.00,0.00,0.30,2.70,0.00,0.00,0.00,0.00,0.00,0.00,0.70,0.00,0.00,0.00,9.70,0.00,0.00,1.00,0.00,0.00,0.00,0.00,0.00,0.00,0.00,0.00,0.00,0.00,0.00,0.30,0.00,0.00,0.00,0.00,0.00,0.00,0.00,0.00,9.70,0.00,0.30,0.70,4.30,0.00,0.00,0.00,0.00,1.70,0.00,0.00,0.00,4.70,0.00,0.70,0.00,0.70,7.00,0.00,0.00,0.70,0.00,0.00,0.00,0.00,0.00,0.00,0.00,0.00,0.00,0.00,0.00,0.00,0.00,0.00,1.70,3.30,0.00,0.00,0.00,0.70,0.00,0.00,0.00,0.00,0.00,0.00,0.00,0.00,0.00,0.00,0.00,0.00,0.00,30.50,57.97,14.01,28.02,4.10,,,,,,,
580,Q01-27,3130.00,Buntsandstein,43.70,8.70,0.70,0.00,0.00,4.00,3.00,0.30,0.00,0.00,0.00,2.30,0.00,0.00,0.00,0.00,0.00,0.00,0.00,0.30,2.70,0.00,0.00,0.30,0.00,0.00,0.00,0.30,0.00,0.00,0.00,1.00,0.00,0.00,0.30,0.00,0.00,0.00,0.00,0.00,0.00,0.00,0.00,0.00,0.00,0.00,0.00,0.00,0.00,0.00,0.00,0.00,0.00,0.00,0.00,0.70,0.00,2.70,0.30,6.00,0.00,0.00,0.00,0.00,4.70,0.00,0.00,0.00,3.70,0.00,0.70,0.00,0.00,4.70,0.00,0.00,0.00,0.00,0.00,0.00,0.00,0.00,0.00,0.00,0.00,0.00,0.00,0.00,0.00,0.00,0.00,0.30,0.30,0.00,0.00,0.00,0.30,0.00,0.00,0.30,0.00,0.00,0.00,5.70,0.00,0.00,0.00,2.00,0.00,0.00,29.20,78.56,10.49,10.94,8.83,-0.23,0.590,,,,,
581,Q01-27,3110.55,Buntsandstein,44.30,18.00,1.00,0.00,0.00,2.00,3.30,1.30,0.00,0.00,0.00,2.30,0.00,0.00,0.00,0.00,0.00,0.00,0.00,0.00,1.30,0.00,0.00,0.00,0.00,0.00,0.00,0.00,0.00,0.00,0.00,0.00,0.00,0.00,0.00,0.00,0.00,0.00,0.00,0.00,0.00,0.00,0.00,0.00,0.00,0.00,1.30,0.00,0.00,0.00,0.00,0.00,0.00,0.00,0.30,0.00,0.00,0.00,0.00,0.70,0.00,0.00,0.00,0.00,2.70,0.00,0.00,0.00,1.70,0.00,0.00,0.00,0.30,5.00,0.00,0.00,0.00,0.00,0.00,0.00,0.30,0.00,0.00,0.00,0.00,0.00,0.00,0.00,0.00,0.00,0.00,0.00,0.30,0.00,0.00,0.00,0.00,0.00,0.00,1.30,0.00,0.00,0.00,6.70,0.70,0.00,0.00,5.30,0.00,0.00,18.10,84.76,7.21,8.03,,2.26,183.000,,,,,
582,Q01-27,3113.65,Buntsandstein,39.00,14.00,1.00,0.00,0.00,2.30,2.70,0.70,0.00,0.00,0.00,2.70,0.00,0.00,0.00,0.00,0.00,0.00,0.00,0.00,1.30,0.00,0.00,0.00,0.00,0.00,0.00,0.30,0.00,0.00,0.00,0.30,0.00,0.00,0.00,0.00,0.00,0.00,0.00,0.00,0.00,0.00,0.00,0.00,0.00,0.00,0.00,0.00,0.00,0.00,0.00,0.00,0.00,0.00,0.00,0.00,0.00,2.00,0.00,0.70,0.00,0.00,0.00,0.00,3.00,0.00,0.00,0.30,14.00,0.00,0.30,0.00,0.30,4.70,0.00,0.00,0.30,0.00,0.00,0.00,0.00,0.00,0.00,0.00,0.00,0.00,0.00,0.00,0.00,0.00,0.00,0.00,0.00,0.00,0.00,0.00,0.30,0.00,0.00,1.00,0.00,0.00,0.00,4.30,0.00,0.00,0.00,4.70,0.00,0.00,29.90,82.81,7.81,9.38,,2.41,255.000,,,,,
583,Q01-27,3035.63,Buntsandstein,0.00,0.00,0.00,0.00,0.00,0.00,0.00,0.00,0.00,0.00,0.00,0.00,0.00,0.00,0.00,0.00,0.00,0.00,0.00,0.00,0.00,0.00,0.00,0.00,0.00,0.00,0.00,0.00,0.00,0.00,0.00,0.00,0.00,0.00,0.00,0.00,0.00,0.00,0.00,0.00,0.00,0.00,0.00,0.00,0.00,0.00,0.00,0.00,0.00,0.00,0.00,0.00,0.00,0.00,0.00,0.00,0.00,0.00,0.00,0.00,0.00,0.00,0.00,0.00,0.00,0.00,0.00,0.00,0.00,0.00,0.00,0.00,0.00,0.00,0.00,0.00,0.00,0.00,0.00,0.00,0.00,0.00,0.00,0.00,0.00,0.00,0.00,0.00,0.00,0.00,0.00,0.00,0.00,0.00,0.00,0.00,0.00,0.00,0.00,0.00,0.00,0.00,0.00,0.00,0.00,0.00,0.00,0.00,0.00,0.00,0.00,,,,3.70,0.11,1.280,,,,,
584,Q01-27,3041.35,Buntsandstein,30.70,11.00,0.30,0.00,0.00,1.00,3.00,0.70,1.70,0.00,0.00,1.00,0.00,0.00,0.00,0.00,0.00,0.00,0.00,0.00,0.70,0.00,0.00,0.70,0.00,0.00,0.00,0.00,0.00,0.00,0.00,17.00,0.00,0.00,0.30,0.00,0.00,0.00,0.00,0.00,0.00,0.00,0.00,0.00,0.00,0.00,0.00,0.00,0.00,0.00,0.00,0.00,0.00,0.00,0.00,0.70,0.00,2.70,0.00,8.00,0.00,0.00,0.00,0.00,2.00,0.00,0.00,0.00,13.00,0.00,0.30,0.00,0.00,0.00,0.00,0.00,0.70,0.00,0.00,0.00,0.00,0.00,0.00,0.00,0.00,0.00,0.00,0.00,0.00,0.00,0.00,1.00,3.30,0.00,0.00,0.00,0.70,0.00,0.00,0.00,0.30,0.00,0.00,0.00,0.00,0.00,0.00,0.00,0.00,0.00,27.40,62.15,5.96,31.89,2.70,-0.85,0.140,,,,,
585,Q01-28,3139.52,Buntsandstein,45.70,8.00,0.00,0.00,0.00,0.70,0.00,1.70,0.00,0.00,0.00,3.70,0.00,0.00,0.00,0.00,0.00,0.00,0.30,0.00,0.70,0.00,0.00,0.30,0.00,0.00,0.00,0.30,0.00,0.00,0.00,10.00,0.00,0.00,1.00,0.00,0.00,0.00,0.00,0.00,0.00,0.00,0.00,0.00,0.00,0.00,0.00,0.00,0.00,0.00,0.00,0.00,0.00,0.00,0.00,0.70,0.00,7.30,0.00,4.00,0.00,0.30,0.00,0.00,0.30,0.00,0.00,0.00,3.30,0.00,0.00,0.00,0.00,0.00,0.00,0.00,0.00,0.00,0.00,0.00,0.00,0.70,0.30,0.00,1.00,0.00,0.00,0.00,0.00,0.00,0.00,0.00,4.00,0.00,0.00,0.00,0.30,0.00,0.00,0.30,0.00,2.70,0.00,0.00,0.00,0.00,0.00,0.30,0.00,0.00,17.20,75.85,1.41,22.74,6.90,-1.40,0.040,,,,,
586,Q01-28,3139.73,Buntsandstein,34.70,7.00,0.00,0.00,0.00,0.70,1.00,1.00,0.00,0.00,0.00,1.00,0.00,0.00,0.00,0.00,0.00,0.00,0.00,0.00,2.00,0.00,0.00,0.00,0.00,0.00,0.00,0.30,0.00,0.00,0.00,11.00,0.00,0.00,1.00,0.00,0.00,0.00,0.00,0.00,0.00,0.00,0.00,0.00,0.00,0.00,0.00,0.00,0.00,0.00,0.00,0.00,0.00,0.00,0.00,2.00,0.00,2.70,0.00,6.00,0.00,0.00,0.00,0.00,20.00,0.00,0.00,0.00,4.00,0.00,0.00,0.00,0.00,0.00,0.00,0.00,0.00,0.00,0.00,0.00,0.00,0.10,1.30,0.00,0.00,0.00,0.00,0.00,0.00,0.00,0.00,0.00,2.00,0.00,0.00,0.00,0.00,0.00,0.00,0.00,0.00,0.00,0.00,1.00,0.00,0.00,0.00,0.70,0.00,0.00,37.00,71.40,2.91,25.68,5.10,-1.52,0.030,,,,,
587,Q01-28,3155.46,Buntsandstein,37.70,3.30,0.00,0.00,0.00,1.30,0.00,0.30,0.00,0.00,0.00,1.00,0.00,0.00,0.00,0.00,0.00,0.00,0.70,0.00,3.30,0.00,0.00,0.00,0.00,0.00,0.00,0.00,0.00,0.00,0.00,25.00,0.00,0.00,1.30,0.00,0.00,0.00,0.00,0.00,0.00,0.00,0.00,0.00,0.00,0.00,0.00,0.00,0.00,0.00,0.00,0.00,0.00,0.00,0.00,0.00,0.00,4.30,0.00,7.30,0.00,0.00,0.00,0.00,1.70,0.00,0.00,0.00,1.30,0.00,0.00,0.00,0.00,0.00,0.00,0.00,0.00,0.00,0.00,0.00,0.00,0.30,1.30,0.00,0.00,0.00,0.00,0.00,0.00,0.00,0.00,0.00,6.70,0.00,0.00,0.00,1.00,0.00,0.00,0.00,0.00,0.30,0.00,1.00,0.00,0.00,0.00,0.30,0.00,0.00,16.90,56.47,2.75,40.77,3.40,-2.00,0.010,,,,,
588,Q01-28,3118.13,Buntsandstein,46.70,16.00,0.30,0.00,0.00,0.30,0.00,1.30,0.70,0.00,0.00,2.00,0.00,0.00,0.00,0.00,0.00,0.00,0.00,0.00,1.70,0.00,0.00,0.00,0.00,0.00,0.00,0.00,0.00,0.00,0.00,2.30,0.00,0.00,0.30,0.00,0.00,0.00,0.00,0.00,0.00,0.00,0.00,0.00,0.00,0.00,0.00,0.00,0.00,0.00,0.00,0.00,0.00,0.00,0.00,0.00,0.00,3.00,0.00,3.00,0.00,0.00,0.00,0.00,0.30,0.00,0.00,0.00,3.30,0.00,0.00,0.00,0.00,0.00,0.00,0.00,0.00,0.00,0.00,0.00,0.00,0.30,0.00,0.00,2.00,0.00,0.00,0.00,0.00,0.00,0.00,0.00,3.40,0.00,0.00,0.00,1.00,0.00,0.00,0.70,0.00,1.30,0.00,4.70,0.70,0.00,0.00,1.70,1.00,0.00,17.00,87.94,0.42,11.64,14.60,0.23,1.710,,,,,
589,Q01-28,3119.31,Buntsandstein,51.30,12.00,0.70,0.00,0.00,0.30,0.30,0.70,0.00,0.00,0.00,1.00,0.00,0.00,0.00,0.00,0.00,0.00,0.00,0.00,2.00,0.00,0.00,0.30,0.00,0.00,0.00,0.30,0.00,0.00,0.00,0.70,0.00,0.00,0.00,0.00,0.00,0.00,0.00,0.00,0.00,0.00,0.00,0.00,0.00,0.00,0.30,0.00,0.00,0.00,0.00,0.00,0.00,0.00,0.00,0.00,0.00,3.70,0.00,4.70,0.00,0.30,0.00,0.00,0.00,0.00,0.00,0.00,3.30,0.00,0.00,0.00,0.00,0.00,0.00,0.00,0.00,0.00,0.00,0.00,0.70,0.30,0.00,0.00,1.30,0.00,0.00,0.00,0.00,0.00,0.00,0.00,0.70,0.00,0.00,0.00,1.00,0.00,0.00,0.70,0.00,3.00,0.00,7.00,0.00,0.00,0.00,2.30,1.00,0.00,21.00,91.74,0.87,7.39,12.40,-0.43,0.370,,,,,
590,Q01-28,3120.27,Buntsandstein,45.30,14.00,0.00,0.00,0.00,0.30,0.00,2.30,0.00,0.00,0.00,1.30,0.00,0.00,0.00,0.00,0.00,0.00,0.00,0.00,2.00,0.00,0.00,0.70,0.00,0.00,0.00,0.30,0.00,0.00,0.00,0.00,0.00,0.00,0.00,0.00,0.00,0.00,0.00,0.00,0.00,0.00,0.00,0.00,0.00,0.00,0.70,0.00,0.00,0.00,0.00,0.00,0.00,0.00,1.00,2.00,0.00,1.70,0.00,5.30,0.00,0.00,0.00,0.00,8.00,0.00,0.00,0.30,5.70,0.00,0.00,0.00,0.00,0.00,0.00,0.00,0.00,0.00,0.00,0.00,0.00,0.70,0.70,0.00,0.30,0.00,0.00,0.00,0.00,0.00,0.00,0.00,1.00,0.00,0.00,0.00,1.00,0.00,0.00,0.00,0.00,0.30,0.00,3.00,0.00,0.00,0.00,1.30,0.30,0.00,27.00,90.95,0.46,8.59,5.50,-0.43,0.370,,,,,
591,Q01-28,3122.12,Buntsandstein,37.30,20.00,0.70,0.00,0.00,1.00,0.00,0.70,4.70,0.00,0.00,0.70,0.00,0.00,0.00,0.00,0.00,0.00,0.00,0.00,1.00,0.00,0.00,0.00,0.00,0.00,0.00,0.00,0.00,0.00,0.00,4.00,0.00,0.00,0.30,0.00,0.00,0.00,0.00,0.00,0.00,0.00,0.00,0.00,0.00,0.00,0.00,0.00,0.00,0.00,0.00,0.00,0.00,0.00,0.00,1.30,0.00,2.40,0.00,1.70,0.00,0.00,0.00,0.00,0.30,0.00,0.00,0.00,7.30,0.00,0.00,0.00,0.00,0.00,0.00,0.00,0.00,0.00,0.00,0.00,0.00,0.30,0.30,0.00,0.30,0.00,0.00,0.00,0.00,0.00,0.00,0.30,2.00,0.00,0.00,0.00,0.00,0.00,0.00,0.30,0.00,1.70,0.00,9.30,0.30,0.00,0.00,2.00,0.00,0.00,23.20,81.74,1.43,16.83,15.20,2.03,106.000,,,,,
592,Q01-28,3123.11,Buntsandstein,51.70,11.00,0.70,0.00,0.00,0.00,0.00,0.30,0.00,0.00,0.00,2.00,0.00,0.00,0.00,0.00,0.00,0.00,0.00,0.00,1.70,0.00,0.00,0.00,0.00,0.00,0.00,0.00,0.00,0.00,0.00,3.30,0.00,0.00,0.00,0.00,0.00,0.00,0.00,0.00,0.00,0.00,0.00,0.00,0.00,0.00,0.00,0.00,0.00,0.00,0.00,0.00,0.00,0.00,0.00,0.00,0.00,2.00,0.00,3.70,0.00,0.00,0.00,0.00,0.00,0.00,0.00,0.30,4.30,0.00,0.00,0.00,0.00,0.00,0.00,0.00,0.00,0.00,0.00,0.00,0.00,0.70,0.00,0.00,1.00,0.00,0.00,0.00,0.00,0.00,0.00,0.00,0.70,0.00,0.00,0.00,0.00,0.00,0.00,1.30,0.00,3.00,0.00,9.30,1.70,0.00,0.00,0.70,0.70,0.00,22.30,88.68,0.00,11.32,16.10,1.54,34.800,,,,,
593,Q01-28,3128.40,Buntsandstein,54.00,11.00,0.00,0.00,0.00,0.00,0.30,0.70,0.00,0.00,0.00,0.30,0.00,0.00,0.00,0.00,0.00,0.00,0.00,0.00,2.70,0.00,0.00,0.70,0.00,0.00,0.00,0.00,0.00,0.00,0.00,0.70,0.00,0.00,0.00,0.00,0.00,0.00,0.00,0.00,0.00,0.00,0.00,0.00,0.00,0.00,0.70,0.00,0.00,0.00,0.00,0.00,0.00,0.00,0.30,0.00,0.00,5.30,0.00,8.00,0.00,0.00,0.00,0.00,0.30,0.00,0.00,0.00,2.30,0.00,0.00,0.00,0.00,0.00,0.00,0.00,0.00,0.00,0.00,0.00,0.00,0.70,0.30,0.00,0.70,0.00,0.00,0.00,0.00,0.00,0.00,0.30,1.00,0.00,0.00,0.00,0.00,0.00,0.00,1.00,0.00,1.70,0.00,5.70,0.00,0.00,0.00,1.00,0.00,0.00,22.60,93.26,0.43,6.31,10.50,-0.64,0.230,,,,,
594,Q01-28,3134.32,Buntsandstein,40.30,15.00,0.00,0.00,0.00,0.70,0.30,1.00,0.00,0.00,0.00,2.70,0.00,0.00,0.00,0.00,0.00,0.00,0.00,0.00,1.30,0.00,0.00,0.00,0.00,0.00,0.00,0.00,0.00,0.00,0.00,10.00,0.00,0.00,1.00,0.00,0.00,0.00,0.00,0.00,0.00,0.00,0.00,0.00,0.00,0.00,0.00,0.00,0.00,0.00,0.00,0.00,0.00,0.00,0.00,0.30,0.00,5.30,0.00,4.70,0.00,0.30,0.00,0.00,0.00,0.00,0.00,0.00,5.30,0.00,0.00,0.00,0.00,0.00,0.00,0.00,0.00,0.00,0.00,0.00,0.00,0.70,0.00,0.00,0.30,0.00,0.00,0.00,0.00,0.00,0.00,0.00,2.40,0.00,0.00,0.00,0.00,0.00,0.00,0.70,0.00,2.00,0.00,4.00,0.00,0.00,0.00,0.70,0.30,0.00,20.20,77.56,1.40,21.04,8.78,-0.29,0.510,,,,,
595,Q01-28,3138.39,Buntsandstein,42.00,6.70,0.30,0.00,0.00,1.70,0.30,0.70,0.00,0.00,0.00,1.70,0.00,0.00,0.00,0.00,0.00,0.00,0.00,0.00,2.30,0.00,0.00,0.00,0.00,0.00,0.00,0.00,0.00,0.00,0.00,6.70,0.00,0.00,0.30,0.00,0.00,0.00,0.00,0.00,0.00,0.00,0.00,0.00,0.00,0.00,0.00,0.00,0.00,0.00,0.00,0.00,0.00,0.00,0.00,0.00,0.00,5.00,0.00,12.00,0.00,0.00,0.00,0.00,0.30,0.00,0.00,0.00,3.70,0.00,0.00,0.00,0.00,0.00,0.00,0.00,0.00,0.00,0.00,0.00,0.00,0.30,0.00,0.00,0.30,0.00,0.00,0.00,0.00,0.00,0.00,0.00,4.00,0.00,0.00,0.00,6.30,0.00,0.00,0.30,0.00,0.30,0.00,4.00,0.00,0.00,0.00,1.00,0.00,0.00,25.30,78.04,3.21,18.75,7.60,-1.70,0.020,,,,,
596,Q01-28,3142.12,Buntsandstein,34.30,5.70,0.70,0.00,0.00,0.70,0.70,1.00,1.00,0.00,0.00,0.00,0.00,0.00,0.00,0.00,0.00,0.00,0.00,0.00,3.00,0.00,0.00,0.30,0.00,0.00,0.00,0.30,0.00,0.00,0.00,21.00,0.00,0.00,4.00,0.00,0.00,0.00,0.00,0.00,0.00,0.00,0.00,0.00,0.00,0.00,0.00,0.00,0.00,0.00,0.00,0.00,0.00,0.00,0.00,0.00,0.00,5.30,0.00,5.70,0.00,0.30,0.00,0.00,0.00,0.00,0.00,0.00,2.00,0.00,0.00,0.00,0.00,0.00,0.00,0.00,0.00,0.00,0.00,0.00,0.00,0.00,3.70,0.00,0.30,0.00,0.00,0.00,0.00,0.00,0.00,0.00,3.70,0.00,0.00,0.00,4.00,0.00,0.00,0.00,0.00,0.30,0.00,1.00,0.00,0.00,0.00,0.30,0.30,0.00,18.30,58.74,2.06,39.21,5.36,-2.00,0.010,,,,,
597,Q01-28,3150.30,Buntsandstein,40.70,9.00,0.00,0.00,0.00,0.70,0.30,1.70,0.00,0.00,0.00,0.00,0.00,0.00,0.00,0.00,0.00,0.00,0.70,0.00,1.70,0.00,0.00,0.30,0.00,0.00,0.00,0.00,0.00,0.00,0.00,12.00,0.00,0.00,3.30,0.00,0.00,0.00,0.00,0.00,0.00,0.00,0.00,0.00,0.00,0.00,3.00,0.00,0.00,0.00,0.00,0.00,0.00,0.00,0.30,0.30,0.00,5.60,0.00,3.00,0.00,0.00,0.00,0.00,0.00,0.00,0.00,0.00,2.30,0.00,0.00,0.00,0.00,0.00,0.00,0.00,0.00,0.00,0.00,0.00,0.00,0.00,6.30,0.00,0.70,0.00,0.00,0.00,0.00,0.00,0.00,0.00,4.00,0.00,0.00,0.00,2.00,0.00,0.00,0.00,0.00,0.00,0.00,1.00,0.00,0.00,0.00,0.70,0.00,0.00,19.20,74.40,2.54,23.05,4.91,-2.00,0.010,,,,,
598,Q01-28,3157.41,Buntsandstein,42.00,10.00,0.00,0.00,0.00,1.30,0.70,1.00,0.00,0.00,0.00,3.00,0.00,0.00,0.00,0.00,0.00,0.00,0.00,0.00,3.00,0.00,0.00,0.00,0.00,0.00,0.00,0.00,0.00,0.00,0.00,2.30,0.00,0.00,0.70,0.00,0.00,0.00,0.00,0.00,0.00,0.00,0.00,0.00,0.00,0.00,0.00,0.00,0.00,0.00,0.00,0.00,0.00,0.00,0.00,0.70,0.00,1.70,0.00,5.30,0.00,0.00,0.00,0.00,5.00,0.00,0.00,0.00,6.00,0.00,0.70,0.00,0.00,0.00,0.00,0.00,0.00,0.00,0.00,0.00,0.00,0.70,0.30,0.00,0.70,0.00,0.00,0.00,0.00,0.00,0.00,0.00,3.30,0.00,0.00,0.00,0.70,0.00,0.00,1.00,0.00,0.00,0.00,7.30,0.00,0.00,0.00,1.70,0.70,0.00,27.70,82.15,3.16,14.69,8.54,-1.52,0.030,,,,,
599,Q01-28,3110.12,Buntsandstein,56.30,15.00,0.00,0.00,0.00,1.00,0.30,0.70,0.00,0.00,0.00,1.70,0.00,0.00,0.00,0.00,0.00,0.00,0.00,0.00,1.70,0.00,0.00,0.10,0.00,0.00,0.00,0.10,0.00,0.00,0.00,0.00,0.00,0.00,0.30,0.00,0.00,0.00,0.00,0.00,0.00,0.00,0.00,0.00,0.00,0.00,2.00,0.00,0.00,0.00,0.00,0.00,0.00,0.00,0.30,0.00,0.00,0.00,0.00,1.00,0.00,0.30,0.00,0.00,0.00,0.00,0.00,0.30,0.70,0.00,0.00,0.00,0.00,0.00,0.00,0.00,0.00,0.00,0.00,0.00,1.30,2.00,0.00,0.00,1.00,0.00,0.00,0.00,0.00,0.00,0.00,0.30,0.30,0.00,0.00,0.00,0.10,0.00,0.00,0.70,0.00,3.00,0.00,4.30,0.30,0.00,0.00,1.70,2.70,0.00,9.20,92.96,1.69,5.35,14.30,0.56,3.660,,,,,
600,Q01-28,3113.88,Buntsandstein,50.70,13.00,0.00,0.00,0.00,0.30,1.00,0.70,0.00,0.00,0.00,1.30,0.00,0.00,0.00,0.00,0.00,0.00,0.00,0.00,3.30,0.00,0.00,0.30,0.00,0.00,0.00,0.00,0.00,0.00,0.00,0.00,0.00,0.00,0.00,0.00,0.00,0.00,0.00,0.00,0.00,0.00,0.00,0.00,0.00,0.00,0.00,0.00,0.00,0.00,0.00,0.00,0.00,0.00,0.00,0.00,0.00,1.70,0.00,3.30,0.00,0.30,0.00,0.00,0.00,0.00,0.00,0.00,4.30,0.00,0.00,0.00,0.00,0.00,0.00,0.00,0.00,0.00,0.00,0.00,0.70,0.70,0.00,0.00,1.30,0.00,0.00,0.00,0.00,0.00,0.00,0.00,0.00,0.00,0.00,0.00,0.00,0.00,0.00,1.30,0.00,1.00,0.00,9.70,0.70,0.00,0.00,2.70,1.30,0.00,22.00,90.61,1.85,7.54,15.10,0.46,2.900,,,,,
601,Q01-28,3116.14,Buntsandstein,45.70,18.00,0.30,0.00,0.00,0.70,0.30,1.70,0.00,0.00,0.00,1.00,0.00,0.00,0.00,0.00,0.00,0.00,0.00,0.00,2.00,0.00,0.00,0.30,0.00,0.00,0.00,0.00,0.00,0.00,0.00,0.70,0.00,0.00,0.00,0.00,0.00,0.00,0.00,0.00,0.00,0.00,0.00,0.00,0.00,0.00,0.00,0.00,0.00,0.00,0.00,0.00,0.00,0.00,0.00,0.00,0.00,1.60,0.00,4.70,0.00,0.00,0.00,0.00,0.00,0.00,0.00,0.00,3.00,0.00,0.00,0.00,0.00,0.00,0.00,0.00,0.00,0.00,0.00,0.00,0.00,0.70,0.00,0.00,1.70,0.00,0.00,0.00,0.00,0.00,0.00,0.00,2.30,0.00,0.00,0.00,0.00,0.00,0.00,0.70,0.00,2.30,0.00,9.70,0.00,0.00,0.00,2.30,0.70,0.00,20.70,90.48,1.42,8.10,12.50,0.23,1.710,,,,,
602,Q04-C-02,3621.96,Buntsandstein,43.70,12.00,0.00,0.00,0.00,4.30,2.30,1.70,0.00,0.00,0.00,0.00,0.00,0.00,0.00,0.00,0.00,0.00,1.30,0.00,0.00,0.00,0.00,0.00,0.00,0.00,0.00,0.30,0.00,0.00,0.00,0.00,0.00,0.00,0.00,0.00,0.00,0.00,0.00,0.00,0.00,0.00,0.00,0.00,0.00,0.00,0.00,0.00,0.00,0.00,0.00,0.00,0.00,0.00,0.00,0.00,0.00,5.30,0.00,2.30,0.00,0.00,0.00,0.00,7.00,0.00,0.00,0.00,1.30,0.00,0.00,0.00,0.10,0.00,0.00,0.00,0.00,0.00,0.00,0.00,0.00,1.30,0.00,0.00,0.70,0.00,0.00,0.00,0.00,0.00,0.00,0.00,0.00,0.00,0.00,0.00,0.00,0.00,0.00,0.00,0.00,0.00,0.00,13.00,0.00,0.00,0.00,3.30,0.00,0.00,29.70,85.30,12.10,2.60,19.60,3.43,2720.000,,,,,
603,Q04-C-02,3716.91,Buntsandstein,42.00,9.30,0.00,0.00,0.00,12.70,4.00,4.70,0.00,0.00,0.00,0.00,0.00,0.00,0.00,0.00,0.00,0.00,0.00,0.00,0.00,0.00,0.00,0.30,0.00,0.00,0.00,0.30,0.00,0.00,0.00,0.70,0.00,0.00,0.00,0.00,0.00,0.00,0.00,0.00,0.00,0.00,0.00,0.00,0.00,0.00,0.00,0.00,0.00,0.00,0.00,0.00,0.00,0.00,0.00,4.00,0.00,1.00,0.00,0.70,0.00,0.00,0.00,0.00,3.00,0.00,0.00,0.00,0.70,0.00,0.00,0.00,0.10,0.00,0.00,0.00,0.00,0.00,0.00,0.00,0.00,1.00,0.00,0.00,0.00,0.00,0.00,0.00,0.00,0.00,0.00,0.00,0.00,0.00,0.00,0.00,0.00,0.00,0.00,0.00,0.00,0.00,0.00,15.30,0.00,0.00,0.00,0.30,0.00,0.00,24.80,69.89,22.75,7.36,20.40,2.39,248.000,,,,,
604,Q04-C-02,3719.10,Buntsandstein,37.00,1.70,0.00,0.00,0.00,9.00,1.70,5.30,0.00,0.00,0.00,0.00,0.00,0.00,0.00,0.00,0.00,0.00,0.70,0.00,0.00,0.00,0.00,0.00,0.00,0.00,0.00,0.00,0.00,0.00,0.00,3.70,0.00,0.00,0.00,0.00,0.00,0.00,0.00,0.00,0.00,0.00,0.00,0.00,0.00,0.00,0.00,0.00,0.00,0.00,0.00,0.00,0.00,0.00,0.00,7.00,0.00,0.70,0.00,12.30,0.00,0.00,0.00,0.00,1.30,0.00,0.00,0.00,1.00,0.00,0.00,0.00,0.10,0.00,0.00,0.00,0.00,0.00,0.00,0.00,0.00,0.10,0.00,0.00,0.00,0.00,0.00,0.00,0.00,0.00,0.00,0.00,0.00,0.00,0.00,0.00,0.00,0.00,0.00,0.00,0.00,0.00,0.00,15.00,0.00,0.00,0.00,1.70,0.00,0.00,37.40,65.48,19.29,15.23,19.10,1.38,23.900,,,,,
605,Q04-C-02,3623.12,Buntsandstein,42.70,4.70,0.00,0.00,0.00,5.30,7.70,2.70,0.00,0.00,0.00,0.00,0.00,0.00,0.00,0.00,0.00,0.00,1.30,0.00,0.00,0.00,0.00,1.00,0.00,0.00,0.00,0.30,0.00,0.00,0.00,0.00,0.00,0.00,0.00,0.00,0.00,0.00,0.00,0.00,0.00,0.00,0.00,0.00,0.00,0.00,0.00,0.00,0.00,0.00,0.00,0.00,0.00,0.00,0.00,0.00,0.00,4.70,0.00,1.70,0.00,0.00,0.00,0.00,4.00,0.00,0.00,0.00,2.00,0.00,0.00,0.00,0.10,0.00,0.00,0.00,0.00,0.00,0.00,0.00,0.00,2.00,0.00,0.00,0.70,0.00,0.00,0.00,0.00,0.00,0.00,0.00,0.00,0.00,0.00,0.00,0.00,0.00,0.00,0.00,0.00,0.00,0.00,15.00,0.00,0.00,0.00,4.30,0.00,0.00,28.20,73.60,22.20,4.19,17.70,1.00,9.900,,,,,
606,Q04-C-02,3623.91,Buntsandstein,45.00,6.00,0.00,0.00,0.00,6.70,2.70,2.00,0.00,0.00,0.00,0.00,0.00,0.00,0.00,0.00,0.00,0.00,0.30,0.70,0.00,0.00,0.00,0.30,0.00,0.00,0.00,0.70,0.00,0.00,0.00,0.00,0.00,0.00,0.00,0.00,0.00,0.00,0.00,0.00,0.00,0.00,0.00,0.00,0.00,0.00,0.30,0.00,0.00,0.00,0.00,0.00,0.00,0.00,0.00,0.00,0.00,3.70,0.00,2.00,0.00,0.00,0.00,0.00,3.30,0.00,0.00,0.00,1.70,0.00,0.00,0.00,0.10,0.00,0.00,0.00,0.00,0.00,0.00,0.00,0.00,1.30,0.00,0.00,1.00,0.00,0.00,0.00,0.00,0.00,0.00,0.00,0.00,0.00,0.00,0.00,0.00,0.00,0.00,0.00,0.00,0.00,0.00,19.70,0.00,0.00,0.00,2.70,0.00,0.00,31.50,80.44,15.30,4.26,23.70,2.67,463.000,,,,,
607,Q04-C-02,3623.86,Buntsandstein,47.00,6.30,0.00,0.00,0.00,7.00,4.70,3.00,0.00,0.00,0.00,0.00,0.00,0.00,0.00,0.00,0.00,0.00,0.70,1.00,0.00,0.00,0.00,1.30,0.00,0.00,0.00,0.00,0.00,0.00,0.00,0.00,0.00,0.00,0.00,0.00,0.00,0.00,0.00,0.00,0.00,0.00,0.00,0.00,0.00,0.00,2.00,0.00,0.00,0.00,0.00,0.00,0.00,0.00,0.00,0.00,0.00,4.00,0.00,1.70,0.00,0.00,0.00,0.00,0.70,0.00,0.00,0.00,0.10,0.00,0.00,0.00,0.10,0.00,0.00,0.00,0.00,0.00,0.00,0.00,0.00,1.30,0.00,0.00,2.00,0.00,0.00,0.00,0.00,0.00,0.00,0.00,0.00,0.00,0.00,0.00,0.00,0.00,0.00,0.00,0.00,0.00,0.00,12.30,0.00,0.00,0.00,5.00,0.00,0.00,20.90,76.47,17.79,5.74,23.70,2.67,463.000,,,,,
608,Q04-C-02,3625.13,Buntsandstein,37.00,18.70,0.00,0.00,0.00,4.70,2.70,1.70,0.00,0.00,0.00,0.00,0.00,0.00,0.00,0.00,0.00,0.00,0.30,0.30,0.00,0.00,0.00,0.00,0.00,0.00,0.00,0.30,0.00,0.00,0.00,0.00,0.00,0.00,0.00,0.00,0.00,0.00,0.00,0.00,0.00,0.00,0.00,0.00,0.00,0.00,0.00,0.00,0.00,0.00,0.00,0.00,0.00,0.00,0.00,0.00,0.00,1.00,0.00,0.30,0.00,0.00,0.00,0.00,0.70,0.00,0.00,0.00,2.30,0.00,0.00,0.00,0.10,0.00,0.00,0.00,0.00,0.00,0.00,0.00,0.00,1.30,0.00,0.00,2.00,0.00,0.00,0.00,0.00,0.00,0.00,0.00,0.00,0.00,0.00,0.00,0.00,0.00,0.00,0.00,0.00,0.00,0.00,23.70,0.00,0.00,0.00,3.00,0.00,0.00,30.10,85.17,11.77,3.06,27.10,3.73,5408.000,,,,,
609,Q04-C-02,3625.44,Buntsandstein,32.00,2.00,0.00,0.00,0.00,3.70,9.30,0.00,0.00,0.00,0.00,0.00,0.00,0.00,0.00,0.00,0.00,0.00,0.00,0.00,4.00,0.00,0.00,1.00,0.00,0.00,0.00,0.70,0.00,2.70,0.00,1.70,0.00,0.00,0.00,0.00,0.00,0.00,0.00,0.00,0.00,0.00,0.00,0.00,0.00,0.00,5.00,0.00,0.00,0.00,0.00,0.00,0.00,0.00,0.00,0.00,0.00,16.70,0.00,11.00,0.00,0.00,0.00,0.00,0.00,0.00,0.00,0.00,0.70,0.00,0.00,0.00,4.70,0.00,0.00,0.00,0.00,0.00,0.00,0.00,0.00,0.30,0.00,0.00,1.30,0.00,0.00,0.00,0.00,0.00,0.00,0.00,0.00,0.00,0.00,0.00,0.00,0.00,0.00,0.00,0.00,0.00,0.00,2.00,0.00,0.00,0.00,1.30,0.00,0.00,36.40,64.52,24.67,10.82,5.30,-1.99,0.010,,,,,
610,Q04-C-02,3625.83,Buntsandstein,25.70,6.00,0.00,0.00,0.00,3.70,4.00,6.70,0.00,0.00,0.00,0.00,0.00,0.00,0.00,0.00,0.00,0.00,1.30,0.00,0.00,0.00,0.00,0.00,0.00,0.00,0.00,0.00,0.00,0.30,0.00,1.00,0.00,0.00,0.00,0.00,0.00,0.00,0.00,0.00,0.00,0.00,0.00,0.00,0.00,0.00,0.00,0.00,0.00,0.00,0.00,0.00,0.00,0.00,0.00,0.00,0.00,10.30,0.00,2.00,0.00,0.00,0.00,0.00,25.70,0.00,0.00,0.00,1.30,0.00,0.00,0.00,7.30,0.00,0.00,0.00,0.00,0.00,0.00,0.00,0.00,0.10,0.00,0.00,0.00,0.00,0.00,0.00,0.00,0.00,0.00,0.00,0.00,0.00,0.00,0.00,0.00,0.00,0.00,0.00,0.00,0.00,0.00,4.00,0.00,0.00,0.00,0.70,0.00,0.00,50.60,65.50,18.60,15.91,10.10,-0.72,0.190,,,,,
611,Q04-C-02,3626.06,Buntsandstein,34.00,3.70,0.00,0.00,0.00,6.30,5.70,3.30,0.00,0.00,0.00,0.00,0.00,0.00,0.00,0.00,0.00,0.00,1.70,0.00,0.00,0.00,0.00,0.00,0.00,0.00,0.00,0.30,0.00,0.30,0.00,2.00,0.00,0.00,0.00,0.00,0.00,0.00,0.00,0.00,0.00,0.00,0.00,0.00,0.00,0.00,0.00,0.00,0.00,0.00,0.00,0.00,0.00,0.00,0.00,0.00,0.00,8.70,0.00,4.00,0.00,0.00,0.00,0.00,7.70,0.00,0.00,0.00,0.70,0.00,0.00,0.00,7.00,0.00,0.00,0.00,0.00,0.00,0.00,0.00,0.00,0.30,0.00,0.00,1.70,0.00,0.00,0.00,0.00,0.00,0.00,0.00,0.00,0.00,0.00,0.00,0.00,0.00,0.00,0.00,0.00,0.00,0.00,8.70,0.00,0.00,0.00,4.00,0.00,0.00,38.50,66.49,24.16,9.35,15.20,0.49,3.060,,,,,
612,Q04-C-02,3627.86,Buntsandstein,33.70,3.70,0.00,0.00,0.00,3.70,6.00,4.30,0.00,0.00,0.00,0.00,0.00,0.00,0.00,0.00,0.00,0.00,1.30,0.00,0.00,0.00,0.00,0.30,0.00,0.00,0.00,0.00,0.00,0.00,0.00,0.70,0.00,0.00,0.00,0.00,0.00,0.00,0.00,0.00,0.00,0.00,0.00,0.00,0.00,0.00,0.00,0.00,0.00,0.00,0.00,0.00,0.00,0.00,0.00,0.00,0.00,2.00,0.00,3.70,0.00,0.00,0.00,0.00,20.30,0.00,0.00,0.00,3.30,0.00,0.00,0.00,3.30,0.00,0.00,0.00,0.00,0.00,0.00,0.00,0.00,0.10,0.00,0.00,1.00,0.00,0.00,0.00,0.00,0.00,0.00,0.00,0.00,0.00,0.00,0.00,0.00,0.00,0.00,0.00,0.00,0.00,0.00,11.30,0.00,0.00,0.00,1.30,0.00,0.00,44.90,70.04,20.60,9.36,13.10,-0.14,0.720,,,,,
613,Q04-C-02,3628.32,Buntsandstein,35.00,1.30,0.00,0.00,0.00,7.70,5.70,4.30,0.00,0.00,0.00,0.00,0.00,0.00,0.00,0.00,0.00,0.00,0.00,0.00,0.00,0.00,0.00,0.70,0.00,0.00,0.00,0.00,0.00,0.70,0.00,4.30,0.00,0.00,0.00,0.00,0.00,0.00,0.00,0.00,0.00,0.00,0.00,0.00,0.00,0.00,2.70,0.00,0.00,0.00,0.00,0.00,0.00,0.00,0.00,0.00,0.00,11.00,0.00,12.30,0.00,0.00,0.00,0.00,3.30,0.00,0.00,0.00,0.10,0.00,0.00,0.00,0.30,0.00,0.00,0.00,0.00,0.00,0.00,0.00,0.00,0.10,0.00,0.00,2.30,0.00,0.00,0.00,0.00,0.00,0.00,0.00,0.00,0.00,0.00,0.00,0.00,0.00,0.00,0.00,0.00,0.00,0.00,6.00,0.00,0.00,0.00,2.30,0.00,0.00,35.30,62.26,22.98,14.75,19.30,1.27,18.800,,,,,
614,Q04-C-02,3620.12,Buntsandstein,38.66,12.00,0.00,0.00,0.00,4.66,4.33,3.00,0.00,0.00,0.00,0.00,0.00,0.00,0.00,0.00,0.00,0.00,2.33,0.70,0.00,0.00,0.00,0.66,0.00,0.00,0.00,0.70,0.00,0.00,0.00,0.00,0.00,0.00,0.00,0.00,0.00,0.00,0.00,0.00,0.00,0.00,0.00,0.00,0.00,0.00,0.00,0.00,0.00,0.00,0.00,0.00,0.00,0.00,0.00,0.00,0.00,0.70,0.00,0.30,0.00,0.00,0.00,0.00,0.70,0.00,0.00,0.00,2.70,0.00,0.10,0.00,0.30,0.00,0.00,0.00,0.00,0.00,0.00,0.00,0.00,4.00,0.00,0.00,2.70,0.00,0.00,0.00,0.00,0.00,0.00,0.00,0.00,0.00,0.00,0.00,0.00,0.00,0.00,0.00,0.00,0.00,0.00,18.70,0.00,0.00,0.00,3.30,0.00,0.00,26.20,77.13,17.24,5.63,24.20,2.50,319.000,,,,,
615,Q04-C-02,3702.29,Buntsandstein,40.00,7.30,0.00,0.00,0.00,11.00,1.70,4.00,0.00,0.00,0.00,0.00,0.00,0.00,0.00,0.00,0.00,0.00,0.30,1.30,0.00,0.00,0.00,0.30,0.00,0.00,0.00,0.30,0.00,0.00,0.00,0.00,0.00,0.00,0.00,0.00,0.00,0.00,0.00,0.00,0.00,0.00,0.00,0.00,0.00,0.00,0.30,0.00,0.00,0.00,0.00,0.00,0.00,0.00,0.00,0.30,0.00,2.00,0.00,3.70,0.00,0.00,0.00,0.00,5.30,0.00,0.00,0.00,3.00,0.00,0.00,0.00,0.10,0.00,0.00,0.00,0.00,0.00,0.00,0.00,0.00,0.10,0.00,0.00,0.70,0.00,0.00,0.00,0.00,0.00,0.00,0.00,0.00,0.00,0.00,0.00,0.00,0.00,0.00,0.00,0.00,0.00,0.00,17.00,0.00,0.00,0.00,1.30,0.00,0.00,32.10,72.10,19.82,8.08,22.50,2.23,171.000,,,,,
616,Q04-C-02,3704.21,Buntsandstein,47.30,7.70,0.00,0.00,0.00,10.00,3.30,4.30,0.00,0.00,0.00,0.00,0.00,0.00,0.00,0.00,0.00,0.00,0.00,0.00,0.00,0.00,0.00,0.00,0.00,0.00,0.00,0.70,0.00,0.00,0.00,0.00,0.00,0.00,0.00,0.00,0.00,0.00,0.00,0.00,0.00,0.00,0.00,0.00,0.00,0.00,0.00,0.00,0.00,0.00,0.00,0.00,0.00,0.00,0.00,3.70,0.00,0.10,0.00,0.70,0.00,0.00,0.00,0.00,0.30,0.00,0.00,0.00,0.10,0.00,0.30,0.00,0.10,0.00,0.00,0.00,0.00,0.00,0.00,0.00,0.00,1.30,0.00,0.00,0.00,0.00,0.00,0.00,0.00,0.00,0.00,0.00,0.00,0.00,0.00,0.00,0.00,0.00,0.00,0.00,0.00,0.00,0.00,19.00,0.00,0.00,0.00,1.30,0.00,0.00,24.30,75.76,18.32,5.92,24.70,3.04,1088.000,,,,,
617,Q04-C-02,3621.57,Buntsandstein,39.00,15.00,0.00,0.00,0.00,4.70,5.30,1.00,0.00,0.00,0.00,0.00,0.00,0.00,0.00,0.00,0.00,0.00,2.70,1.00,0.00,0.00,0.00,0.30,0.00,0.00,0.00,0.00,0.00,0.00,0.00,0.00,0.00,0.00,0.00,0.00,0.00,0.00,0.00,0.00,0.00,0.00,0.00,0.00,0.00,0.00,0.00,0.00,0.00,0.00,0.00,0.00,0.00,0.00,0.00,0.00,0.00,3.00,0.00,2.00,0.00,0.00,0.00,0.00,0.30,0.00,0.00,0.00,0.70,0.00,0.00,0.00,0.10,0.00,0.00,0.00,0.00,0.00,0.00,0.00,0.00,3.00,0.00,0.00,2.70,0.00,0.00,0.00,0.00,0.00,0.00,0.00,0.00,0.00,0.00,0.00,0.00,0.00,0.00,0.00,0.00,0.00,0.00,18.00,0.00,0.00,0.00,1.30,0.00,0.00,26.80,78.60,18.49,2.91,25.30,,,,,,,
618,Q04-C-02,3712.59,Buntsandstein,44.30,6.30,0.00,0.00,0.00,10.70,2.00,3.00,0.00,0.00,0.00,0.00,0.00,0.00,0.00,0.00,0.00,0.00,0.30,0.00,0.00,0.00,0.00,0.30,0.00,0.00,0.00,0.70,0.00,0.00,0.00,2.30,0.00,0.00,0.00,0.00,0.00,0.00,0.00,0.00,0.00,0.00,0.00,0.00,0.00,0.00,0.00,0.00,0.00,0.00,0.00,0.00,0.00,0.00,0.00,1.00,0.00,2.30,0.00,4.70,0.00,0.00,0.00,0.00,0.30,0.00,0.00,0.00,2.30,0.00,0.30,0.00,0.10,0.00,0.00,0.00,0.00,0.00,0.00,0.00,0.00,1.00,0.00,0.00,0.30,0.00,0.00,0.00,0.00,0.00,0.00,0.00,0.00,0.00,0.00,0.00,0.00,0.00,0.00,0.00,0.00,0.00,0.00,16.00,0.00,0.00,0.00,1.30,0.00,0.00,27.30,73.44,18.87,7.69,23.50,3.17,1470.000,,,,,
619,WellA_Buntsandstein,1133.40,Buntsandstein,33.33,11.33,0.00,0.00,0.00,9.67,0.00,0.00,0.00,0.33,0.00,6.00,1.00,2.33,0.00,0.00,0.00,0.00,0.67,0.00,0.00,1.67,0.00,0.00,3.67,0.00,0.00,0.33,0.67,0.67,0.00,0.00,0.00,0.00,0.00,0.00,0.00,0.00,0.00,0.00,0.00,0.00,0.00,0.00,0.00,0.00,0.00,0.00,0.33,0.00,0.00,0.00,0.00,0.00,0.00,0.00,0.00,0.33,0.00,0.00,0.00,0.00,0.00,0.00,0.00,0.00,0.00,0.00,8.33,2.33,0.00,0.00,0.00,0.00,0.00,0.00,0.00,0.00,0.00,0.00,3.33,2.67,0.00,0.00,0.33,0.00,0.00,0.00,0.00,0.00,0.00,0.00,0.00,0.00,0.00,0.00,0.00,0.00,0.00,1.67,0.00,0.00,0.00,6.33,0.00,0.00,0.00,2.67,0.00,0.00,21.00,68.84,15.58,15.58,14.40,-0.54,0.288,,,,,
620,WellA_Buntsandstein,1133.80,Buntsandstein,29.67,11.33,1.33,0.00,0.00,9.67,0.00,0.00,0.00,0.33,0.33,5.00,0.33,2.33,0.00,0.00,0.00,0.00,0.67,0.00,0.00,2.00,0.00,0.00,2.33,0.00,0.00,0.00,0.00,0.00,0.00,0.00,0.00,0.00,0.00,0.00,0.00,0.00,0.00,0.00,0.00,0.00,0.00,0.00,0.00,0.00,0.00,0.00,0.00,0.00,0.00,0.00,0.00,0.00,0.00,0.00,0.00,2.67,0.00,0.67,0.00,0.00,0.00,0.00,0.00,0.00,0.00,0.00,13.33,2.33,0.00,0.00,0.00,0.00,0.00,0.00,0.00,0.00,0.00,0.00,2.67,2.00,0.00,0.00,0.00,0.00,0.00,0.00,0.00,0.00,0.00,0.00,0.00,0.00,0.00,0.00,0.00,0.00,0.00,0.33,0.00,0.00,0.00,9.00,0.00,0.00,0.00,1.67,0.00,0.00,30.67,65.61,16.40,17.99,19.10,1.80,62.556,,,,,
621,WellA_Buntsandstein,1134.40,Buntsandstein,38.67,13.33,0.33,0.00,0.00,8.67,0.00,0.00,0.00,0.00,0.00,3.00,1.67,3.33,0.00,0.00,0.33,0.00,0.00,0.00,0.00,2.00,0.00,0.00,6.67,0.00,0.00,0.33,0.00,0.00,0.00,0.00,0.00,0.00,0.00,0.00,0.00,0.00,0.00,0.00,0.00,0.00,0.00,0.00,0.00,0.00,0.00,0.00,0.00,0.00,0.00,0.00,0.00,0.00,0.00,0.00,0.00,1.67,0.00,0.00,0.00,0.00,0.00,0.00,0.00,0.00,0.00,0.00,4.00,2.33,0.00,0.00,0.00,0.00,0.33,0.00,0.00,0.00,0.00,0.00,3.33,2.33,0.00,0.00,0.00,0.00,0.00,0.00,0.00,0.00,0.00,0.00,0.00,0.00,0.00,0.00,0.00,0.00,0.00,0.33,0.00,0.00,0.00,6.00,0.00,0.00,0.00,1.33,0.00,0.00,17.67,75.23,12.15,12.62,12.90,-1.22,0.060,,,,,
622,WellA_Buntsandstein,1142.65,Buntsandstein,32.00,12.00,0.67,0.00,0.00,8.67,0.00,0.00,0.00,0.67,0.00,4.33,1.00,2.00,0.00,0.00,0.00,0.00,0.67,0.00,0.00,0.00,0.00,0.00,3.33,0.00,0.00,0.00,0.33,0.33,0.00,0.00,0.00,0.00,0.00,0.00,0.00,0.00,0.00,0.00,0.00,0.00,0.00,0.00,0.00,0.00,0.00,0.00,0.00,0.00,0.00,0.00,0.00,0.00,0.00,0.00,0.00,0.67,0.00,0.00,0.00,0.00,0.00,0.00,0.00,0.00,0.00,0.00,14.67,4.33,0.00,0.00,0.00,0.00,0.00,0.00,0.00,0.00,0.00,0.00,2.00,2.33,0.00,0.00,0.00,0.00,0.00,0.00,0.00,0.00,0.00,0.00,0.00,0.00,0.00,0.00,0.00,0.00,0.00,0.67,0.00,0.67,0.00,6.67,0.00,0.00,0.00,2.00,0.00,0.00,28.33,72.58,15.05,12.37,15.20,-0.20,0.631,,,,,
623,WellA_Buntsandstein,1144.10,Buntsandstein,30.00,14.00,0.00,0.00,0.00,9.00,0.00,0.00,0.00,0.00,0.00,5.33,0.33,2.33,0.00,0.00,0.00,0.00,0.33,0.00,0.00,0.00,0.00,0.00,2.67,0.00,0.00,0.33,0.33,0.00,0.00,0.00,0.00,0.00,0.00,0.00,0.00,0.00,0.00,0.00,0.00,0.00,0.00,0.00,0.00,0.00,0.00,0.00,0.00,0.00,0.00,0.00,0.00,0.00,0.00,0.00,0.00,1.33,0.00,0.00,0.00,0.00,0.00,0.00,0.00,0.00,0.00,0.00,17.00,4.67,0.00,0.00,0.00,0.00,0.33,0.00,0.00,2.00,0.00,0.00,1.67,1.67,0.00,0.00,0.00,0.00,0.00,0.00,0.00,0.00,0.00,0.00,0.00,0.00,0.00,0.00,0.00,0.00,0.00,0.67,0.00,0.33,0.00,4.33,0.00,0.00,0.00,1.33,0.00,0.00,31.33,72.28,15.22,12.50,17.60,0.72,5.189,,,,,
624,WellA_Buntsandstein,1144.50,Buntsandstein,35.33,23.00,0.33,0.00,0.00,8.67,0.00,0.00,0.00,0.33,0.00,1.00,1.33,4.33,0.00,0.00,0.00,0.00,0.33,0.00,0.00,2.00,0.00,0.00,0.33,0.00,0.00,0.00,0.00,0.00,0.00,0.00,0.00,0.00,0.00,0.00,0.00,0.00,0.00,0.00,0.00,0.00,0.00,0.00,0.00,0.00,0.00,0.00,0.33,0.00,0.00,0.00,0.00,0.00,0.00,0.00,0.00,1.00,0.00,0.00,0.00,0.00,0.00,0.00,0.00,0.00,0.00,0.00,4.33,2.67,0.00,0.00,0.00,0.00,0.00,0.00,0.00,0.00,0.00,0.00,2.00,4.00,0.00,0.00,0.00,0.00,0.00,0.00,0.00,0.00,0.00,0.00,0.00,0.00,0.00,0.00,0.00,0.00,0.00,0.33,0.00,0.00,0.00,5.67,0.00,0.00,0.00,2.67,0.00,0.00,15.67,77.83,11.74,10.43,14.50,-0.04,0.909,,,,,
625,WellA_Buntsandstein,1145.95,Buntsandstein,33.67,14.00,0.33,0.00,0.00,8.33,0.00,0.00,0.00,1.00,0.00,3.00,0.67,2.33,0.00,0.00,0.00,0.00,0.00,0.00,0.00,1.00,0.00,0.00,0.67,0.00,0.00,0.00,0.00,0.00,0.00,0.00,0.00,0.00,0.00,0.00,0.00,0.00,0.00,0.00,0.00,0.00,0.00,0.00,0.00,0.00,0.00,0.00,0.00,0.00,0.00,0.00,0.00,0.00,0.00,0.00,0.00,0.00,0.00,0.00,0.00,0.00,0.00,0.00,0.00,0.00,0.00,0.00,17.67,4.00,0.00,0.00,0.00,0.00,0.00,0.00,0.00,1.67,0.00,0.00,1.00,2.00,0.00,0.00,0.00,0.00,0.00,0.00,0.00,0.00,0.00,0.00,0.00,0.00,0.00,0.00,0.00,0.00,0.00,1.00,0.00,0.33,0.00,4.67,0.00,0.00,0.00,2.67,0.00,0.00,29.00,75.13,12.95,11.92,17.40,1.30,19.934,,,,,
626,WellA_Buntsandstein,1146.35,Buntsandstein,29.00,12.67,0.67,0.00,0.00,11.00,0.00,0.00,0.00,1.33,0.33,3.33,1.00,1.00,0.00,0.00,0.00,0.00,0.00,0.00,0.00,0.33,0.00,0.00,1.00,0.00,0.00,0.00,0.00,0.00,0.00,0.00,0.00,0.00,0.00,0.00,0.00,0.00,0.00,0.00,0.00,0.00,0.00,0.00,0.00,0.00,0.00,0.00,0.33,0.00,0.00,0.00,0.00,0.00,0.00,0.00,0.00,0.33,0.00,0.00,0.00,0.00,0.00,0.00,0.00,0.00,0.00,0.00,19.00,4.67,0.00,0.00,0.00,0.00,0.00,0.00,0.00,0.33,0.00,0.00,2.33,1.00,0.00,0.00,0.00,0.00,0.00,0.00,0.00,0.00,0.00,0.00,0.00,0.00,0.00,0.00,0.00,0.00,0.00,0.00,0.00,0.00,0.00,8.00,0.00,0.00,0.00,2.00,0.00,0.33,34.67,70.33,18.13,11.54,19.50,2.12,131.047,,,,,
627,WellA_Buntsandstein,1525.95,Buntsandstein,30.67,22.33,1.00,0.00,0.00,7.00,0.00,0.00,0.00,1.00,2.00,4.33,2.00,0.00,0.00,0.00,0.67,0.00,0.67,0.00,0.00,0.67,0.00,0.00,0.33,0.00,0.00,0.00,0.33,0.00,0.00,0.00,0.00,0.00,0.00,0.00,0.00,0.00,0.00,0.00,0.00,0.00,0.00,0.00,0.00,0.00,0.00,0.00,0.00,0.00,0.00,0.00,0.00,0.00,0.00,0.00,0.00,4.33,0.00,0.00,0.00,0.00,0.00,0.00,0.00,0.00,0.00,0.00,5.00,2.67,0.00,0.00,0.00,0.67,0.00,0.00,0.00,0.00,0.00,0.00,5.00,0.67,0.00,0.00,0.00,0.00,0.00,0.00,0.00,0.00,0.00,0.00,0.00,0.00,0.00,0.00,0.00,0.00,0.00,0.00,0.00,0.00,0.00,6.33,0.00,0.00,0.00,2.33,0.00,0.00,24.00,76.04,10.60,13.36,14.30,0.41,2.596,,,,,
628,WellA_Buntsandstein,1527.00,Buntsandstein,41.67,19.00,0.67,0.00,0.00,8.00,0.00,0.00,0.00,0.67,0.00,4.33,3.00,2.67,0.00,0.00,0.00,0.00,2.00,0.00,0.00,2.00,0.00,0.00,0.67,0.00,0.00,0.00,0.00,0.00,0.00,0.00,0.00,0.00,0.00,0.00,0.00,0.00,0.00,0.00,0.00,0.00,0.00,0.00,0.00,0.00,0.00,0.00,0.00,0.00,0.00,0.00,0.00,0.00,0.00,0.00,0.00,0.33,0.00,0.00,0.00,0.00,0.00,0.00,0.00,0.00,0.00,0.00,5.00,0.33,0.00,0.00,0.33,0.67,0.00,0.00,0.00,0.00,0.00,0.00,3.67,2.67,0.00,0.00,0.00,0.00,0.00,0.00,0.00,0.00,0.00,0.00,0.00,0.00,0.00,0.00,0.00,0.00,0.00,0.33,0.00,0.00,0.00,1.33,0.00,0.00,0.00,0.67,0.00,0.00,11.67,75.79,11.90,12.30,10.10,-1.43,0.037,,,,,
629,WellA_Buntsandstein,1528.35,Buntsandstein,29.33,21.00,0.00,0.00,0.00,8.67,0.00,0.00,0.00,0.33,1.67,2.33,3.00,0.33,0.00,0.00,1.00,0.00,1.33,0.33,0.00,0.00,0.00,0.00,0.33,0.00,0.00,0.00,0.00,0.00,0.00,0.00,0.00,0.00,0.00,0.00,0.00,0.00,0.00,0.00,0.00,0.00,0.00,0.00,0.00,0.00,0.00,0.00,0.00,0.00,0.00,0.00,0.00,0.00,0.00,0.00,0.00,3.67,0.00,0.67,0.00,0.00,0.00,0.00,0.00,0.00,0.00,0.00,6.33,0.33,0.00,0.00,0.67,1.00,0.00,0.00,0.00,0.00,0.00,0.00,5.00,0.67,0.00,0.00,0.00,0.00,0.00,0.00,0.00,0.00,0.00,0.00,0.00,0.00,0.00,0.00,0.00,0.00,0.00,0.33,0.00,0.00,0.00,7.33,0.00,0.00,0.00,3.67,0.00,0.67,25.00,76.92,14.42,8.65,15.30,0.67,4.673,,,,,
630,WellA_Buntsandstein,1528.60,Buntsandstein,37.67,22.67,0.33,0.00,0.00,9.00,0.00,0.00,1.00,0.33,0.00,1.67,2.33,0.33,0.00,0.00,1.33,0.00,1.33,0.67,0.00,2.00,0.00,0.00,0.00,0.00,0.00,0.00,0.33,0.00,0.00,0.00,0.00,0.00,0.00,0.00,0.00,0.00,0.00,0.00,0.00,0.00,0.00,0.00,0.00,0.00,0.00,0.00,0.00,0.00,0.00,0.00,0.00,0.00,0.00,0.00,0.00,0.00,0.00,0.00,0.00,0.00,0.00,0.00,0.00,0.00,0.00,0.00,4.67,1.00,0.00,0.00,0.00,0.67,0.00,0.00,0.00,0.00,0.00,0.00,3.67,1.67,0.00,0.00,0.00,0.00,0.00,0.00,0.00,0.00,0.00,0.00,0.00,0.00,0.00,0.00,0.00,0.00,0.00,0.00,0.00,0.00,0.00,5.33,0.00,0.00,0.00,2.00,0.00,0.00,15.33,77.69,12.81,9.50,12.20,-0.96,0.109,,,,,
631,WellA_Buntsandstein,1529.00,Buntsandstein,33.00,24.33,0.00,0.00,0.00,6.67,0.00,0.00,0.33,0.67,0.33,1.33,2.00,0.67,0.00,0.00,0.33,0.00,1.33,1.00,0.00,0.00,0.00,0.00,0.00,0.00,0.00,0.00,0.00,0.00,0.00,0.00,0.00,0.00,0.00,0.00,0.00,0.00,0.00,0.00,0.00,0.00,0.00,0.00,0.00,0.00,0.00,0.00,0.00,0.00,0.00,0.00,0.00,0.00,0.00,0.00,0.00,1.00,0.00,0.00,0.00,0.00,0.00,0.00,0.00,0.00,0.00,0.00,10.33,1.00,0.00,0.00,0.00,0.67,0.00,0.00,0.00,0.00,0.00,0.00,3.67,1.00,0.00,0.00,0.00,0.00,0.00,0.00,0.00,0.00,0.00,0.33,0.00,0.00,0.00,0.00,0.00,0.00,0.00,0.00,0.00,0.00,0.00,9.00,0.00,0.00,0.00,1.00,0.00,0.00,25.67,82.41,11.11,6.48,13.90,1.13,13.482,,,,,
632,WellA_Buntsandstein,1529.60,Buntsandstein,38.33,23.33,0.33,0.00,0.00,9.00,0.00,0.00,0.33,0.00,0.33,2.00,1.33,1.00,0.00,0.00,0.33,0.00,1.33,0.00,0.00,0.33,0.00,0.00,0.00,0.00,0.00,0.00,0.00,0.00,0.00,0.00,0.00,0.00,0.00,0.00,0.00,0.00,0.00,0.00,0.00,0.00,0.00,0.00,0.00,0.00,0.00,0.00,0.00,0.00,0.00,0.00,0.00,0.00,0.00,0.00,0.00,2.00,0.00,0.33,0.00,0.00,0.00,0.00,0.00,0.00,0.00,0.00,3.67,1.33,0.00,0.00,0.00,1.00,0.00,0.00,0.00,0.00,0.00,0.00,2.67,0.67,0.00,0.00,0.00,0.00,0.00,0.00,0.00,0.00,0.00,0.00,0.00,0.00,0.00,0.00,0.00,0.00,0.00,0.33,0.00,0.00,0.00,8.00,0.00,0.00,0.00,1.67,0.00,0.33,19.00,80.77,13.25,5.98,12.70,0.28,1.924,,,,,
633,WellA_Buntsandstein,1530.30,Buntsandstein,37.00,19.67,0.00,0.00,0.00,8.00,0.00,0.00,0.33,1.67,0.33,3.67,0.33,1.67,0.00,0.00,0.33,0.00,0.33,0.67,0.00,0.33,0.00,0.00,0.00,0.00,0.00,0.00,0.00,0.00,0.00,0.00,0.00,0.00,0.00,0.00,0.00,0.00,0.00,0.00,0.00,0.00,0.00,0.00,0.00,0.00,0.00,0.00,0.00,0.00,0.00,0.00,0.00,0.00,0.00,0.00,0.00,0.67,0.00,0.00,0.00,0.00,0.00,0.00,0.00,0.00,0.00,0.00,10.33,0.67,0.00,0.00,0.00,1.33,0.00,0.00,0.00,0.00,0.00,0.00,2.67,0.67,0.00,0.00,0.00,0.00,0.00,0.00,0.00,0.00,0.00,0.00,0.00,0.00,0.00,0.00,0.00,0.00,0.00,0.33,0.00,0.00,0.00,6.33,0.00,0.00,0.00,2.33,0.00,0.33,22.00,76.68,11.21,12.11,14.00,0.83,6.776,,,,,
634,WellA_Buntsandstein,1530.95,Buntsandstein,32.33,25.00,0.33,0.00,0.00,10.33,0.00,0.00,0.00,0.67,0.00,4.00,3.00,2.67,0.00,0.00,0.67,0.00,1.00,1.00,0.00,4.67,0.00,0.00,0.67,0.00,0.00,0.00,0.00,0.00,0.00,0.00,0.00,0.00,0.00,0.00,0.00,0.00,0.00,0.00,0.00,0.00,0.00,0.00,0.00,0.00,0.00,0.00,0.33,0.00,0.00,0.00,0.00,0.00,0.00,0.00,0.00,0.33,0.00,0.33,0.00,0.00,0.00,0.00,0.00,0.00,0.00,0.00,3.00,0.00,0.00,0.00,0.00,0.00,0.00,0.00,0.00,0.00,0.00,0.00,4.33,4.00,0.00,0.00,0.00,0.00,0.00,0.00,0.00,0.00,0.00,0.00,0.00,0.00,0.00,0.00,0.00,0.00,0.00,0.33,0.00,0.00,0.00,0.67,0.00,0.00,0.00,0.33,0.00,0.00,8.67,70.43,13.23,16.34,7.40,-1.65,0.022,,,,,
635,WellA_Buntsandstein,1531.15,Buntsandstein,29.67,17.33,0.33,0.00,0.00,11.67,0.00,0.00,0.00,2.33,0.67,4.00,3.00,0.33,0.00,0.00,0.33,0.00,0.33,0.33,0.00,0.33,0.00,0.00,0.00,0.00,0.00,0.33,0.00,0.00,0.00,0.00,0.00,0.00,0.00,0.00,0.00,0.00,0.00,0.00,0.00,0.00,0.00,0.00,0.00,0.00,0.00,0.00,0.00,0.00,0.00,0.00,0.00,0.00,0.00,0.00,0.00,0.00,0.00,0.00,0.00,0.00,0.00,0.00,0.00,0.00,0.00,0.00,10.67,1.67,0.00,0.00,0.00,0.67,0.00,0.00,0.00,0.00,0.00,0.00,3.00,0.67,0.00,0.00,0.00,0.00,0.00,0.00,0.00,0.00,0.00,0.00,0.00,0.00,0.00,0.00,0.00,0.00,0.00,0.67,0.00,0.00,0.00,10.33,0.00,0.00,0.00,1.00,0.00,0.33,26.33,70.75,16.98,12.26,16.00,1.48,30.000,,,,,
636,WellA_Buntsandstein,1531.55,Buntsandstein,35.00,19.00,1.00,0.00,0.00,9.67,0.00,0.00,0.00,1.00,0.00,5.00,0.67,0.33,0.00,0.00,0.00,0.00,1.00,1.00,0.00,1.33,0.00,0.00,0.33,0.00,0.00,0.00,0.33,0.00,0.00,0.00,0.00,0.00,0.00,0.00,0.00,0.00,0.00,0.00,0.00,0.00,0.00,0.00,0.00,0.00,0.00,0.00,0.00,0.00,0.00,0.00,0.00,0.00,0.00,0.00,0.00,1.67,0.00,0.33,0.00,0.00,0.00,0.00,0.00,0.00,0.00,0.00,6.67,0.67,0.00,0.00,0.00,2.00,0.00,0.00,0.00,0.00,0.00,0.00,4.33,1.33,0.00,0.00,0.00,0.00,0.00,0.00,0.00,0.00,0.00,0.33,0.00,0.00,0.00,0.00,0.00,0.00,0.00,0.33,0.00,0.00,0.00,5.67,0.00,0.00,0.00,1.00,0.00,0.00,21.33,72.89,14.22,12.89,13.20,1.02,10.443,,,,,
637,WellA_Buntsandstein,1531.80,Buntsandstein,27.00,21.33,1.00,0.00,0.00,12.00,0.00,0.00,0.00,1.33,0.67,2.33,2.00,0.67,0.00,0.00,0.67,0.00,2.67,0.33,0.00,0.00,0.00,0.00,0.33,0.00,0.00,0.00,0.00,0.00,0.00,0.00,0.00,0.00,0.00,0.00,0.00,0.00,0.00,0.00,0.00,0.00,0.00,0.00,0.00,0.00,0.00,0.00,0.00,0.00,0.00,0.00,0.00,0.00,0.00,0.00,0.00,5.00,0.00,0.00,0.00,0.00,0.00,0.00,0.00,0.00,0.00,0.00,8.00,0.67,0.00,0.00,0.33,1.00,0.00,0.00,0.00,0.00,0.00,0.00,4.67,0.33,0.00,0.00,0.00,0.00,0.00,0.00,0.00,0.00,0.00,0.00,0.00,0.00,0.00,0.00,0.00,0.00,0.00,0.00,0.00,0.00,0.00,7.00,0.00,0.00,0.00,0.33,0.00,0.33,26.67,69.91,20.37,9.72,15.30,1.76,58.144,,,,,
638,WellA_Buntsandstein,1534.05,Buntsandstein,31.00,18.33,0.33,0.00,0.00,9.33,0.00,0.00,0.00,1.00,0.33,6.33,0.33,0.67,0.00,0.00,0.33,0.00,1.00,0.33,0.00,0.33,0.00,0.00,0.33,0.00,0.00,0.00,0.33,0.00,0.00,0.00,0.00,0.00,0.00,0.00,0.00,0.00,0.00,0.00,0.00,0.00,0.00,0.00,0.00,0.00,0.00,0.00,0.00,0.00,0.00,0.00,0.00,0.00,0.00,0.00,0.00,2.67,0.00,0.67,0.00,0.00,0.00,0.00,0.00,0.00,0.00,0.00,6.67,0.67,0.00,0.00,0.00,0.67,0.00,0.00,0.00,0.00,0.00,0.00,6.00,0.67,0.00,0.00,0.00,0.00,0.00,0.00,0.00,0.00,0.00,0.00,0.00,0.00,0.00,0.00,0.00,0.00,0.00,0.00,0.00,0.33,0.00,9.00,0.00,0.00,0.00,2.33,0.00,0.00,26.33,71.29,14.83,13.88,15.50,1.63,42.821,,,,,
639,WellA_Buntsandstein,1534.70,Buntsandstein,39.00,19.67,0.67,0.00,0.00,8.33,0.00,0.00,0.00,0.67,0.00,3.67,1.33,1.33,0.00,0.00,1.00,0.00,1.00,0.00,0.00,3.33,0.00,0.00,0.67,0.00,0.00,0.00,0.00,0.00,0.00,0.00,0.00,0.00,0.00,0.00,0.00,0.00,0.00,0.00,0.00,0.00,0.00,0.00,0.00,0.00,0.00,0.00,0.00,0.00,0.00,0.00,0.00,0.00,0.00,0.00,0.00,0.67,0.00,0.00,0.00,0.00,0.00,0.00,0.00,0.00,0.00,0.00,1.33,0.00,0.00,0.00,0.00,1.00,0.00,0.00,0.00,0.00,0.00,0.00,7.00,4.00,0.00,0.00,0.00,0.00,0.00,0.00,0.00,0.00,0.00,0.00,0.00,0.00,0.00,0.00,0.00,0.00,0.00,0.00,0.00,0.00,0.00,4.00,0.00,0.00,0.00,1.33,0.00,0.00,14.00,75.00,11.67,13.33,13.00,-0.49,0.325,,,,,
640,WellA_Buntsandstein,1535.25,Buntsandstein,31.67,20.00,1.00,0.00,0.00,7.67,0.00,0.00,0.00,1.00,1.00,5.33,1.33,0.33,0.00,0.00,1.00,0.00,0.67,0.33,0.00,1.00,0.00,0.00,0.00,0.00,0.00,0.00,0.00,0.00,0.00,0.00,0.00,0.00,0.00,0.00,0.00,0.00,0.00,0.00,0.00,0.00,0.00,0.00,0.00,0.00,0.00,0.00,0.00,0.00,0.00,0.00,0.00,0.00,0.00,0.00,0.00,0.33,0.00,0.00,0.00,0.00,0.00,0.00,0.00,0.00,0.00,0.00,7.33,0.33,0.00,0.00,0.00,1.00,0.00,0.00,0.00,0.00,0.00,0.00,6.33,0.00,0.00,0.00,0.00,0.00,0.00,0.00,0.00,0.00,0.00,0.00,0.00,0.00,0.00,0.00,0.00,0.00,0.00,1.00,0.00,0.67,0.00,8.33,0.00,0.00,0.00,2.33,0.00,0.00,23.67,73.27,11.52,15.21,20.00,1.93,84.341,,,,,
641,WellA_Buntsandstein,1535.70,Buntsandstein,29.00,19.67,1.00,0.00,0.00,7.33,0.00,0.00,0.33,1.67,0.33,5.00,4.00,0.33,0.00,0.00,0.00,0.00,1.00,0.33,0.00,0.67,0.00,0.00,0.00,0.00,0.00,0.00,0.00,0.00,0.00,0.00,0.00,0.00,0.00,0.00,0.00,0.00,0.00,0.00,0.00,0.00,0.00,0.00,0.00,0.00,0.00,0.00,0.00,0.00,0.00,0.00,0.00,0.00,0.00,0.00,0.00,2.00,0.00,0.00,0.00,0.00,0.00,0.00,0.00,0.00,0.00,0.00,3.67,0.00,0.00,0.00,0.00,3.00,0.00,0.00,0.00,0.00,0.00,0.00,8.33,1.67,0.00,0.00,0.00,0.00,0.00,0.00,0.00,0.00,0.00,0.00,0.00,0.00,0.00,0.00,0.00,0.00,0.00,0.00,0.00,0.00,0.00,9.00,0.00,0.00,0.00,1.67,0.00,0.00,26.00,74.53,11.79,13.68,18.30,1.78,60.100,,,,,
642,WellA_Buntsandstein,1536.65,Buntsandstein,26.33,21.67,0.00,0.00,0.00,10.33,0.00,0.00,0.00,0.67,0.67,10.00,0.33,0.00,0.00,0.00,0.33,0.00,0.33,0.67,0.00,0.00,0.00,0.00,0.00,0.00,0.00,0.00,0.00,0.00,0.00,0.00,0.00,0.00,0.00,0.00,0.00,0.00,0.00,0.00,0.00,0.00,0.00,0.00,0.00,0.00,0.00,0.00,0.00,0.00,0.00,0.00,0.00,0.00,0.00,0.00,0.00,0.33,0.00,0.00,0.00,0.00,0.00,0.00,0.00,0.00,0.00,0.00,8.33,1.00,0.00,0.00,0.00,0.67,0.00,0.00,0.00,0.00,0.00,0.00,6.33,0.00,0.00,0.00,0.33,0.00,0.00,0.00,0.00,0.00,0.00,0.00,0.00,0.00,0.00,0.00,0.00,0.00,0.00,0.00,0.00,0.00,0.00,10.33,0.00,0.00,0.00,1.00,0.00,0.33,27.33,67.76,14.95,17.29,17.80,1.98,94.742,,,,,
643,WellA_Buntsandstein,1537.50,Buntsandstein,30.00,21.67,0.33,0.00,0.00,8.33,0.00,0.00,0.33,1.33,1.33,4.00,2.00,0.00,0.00,0.00,0.00,0.00,1.00,0.67,0.00,0.67,0.00,0.00,0.00,0.00,0.00,0.00,0.00,0.00,0.00,0.00,0.00,0.00,0.00,0.00,0.00,0.00,0.00,0.00,0.00,0.00,0.00,0.00,0.00,0.00,0.00,0.00,0.00,0.00,0.00,0.00,0.00,0.00,0.00,0.00,0.00,6.33,0.00,0.00,0.00,0.00,0.00,0.00,0.00,0.00,0.00,0.00,9.00,0.67,0.00,0.00,0.00,1.00,0.00,0.00,0.00,0.00,0.00,0.00,2.33,0.33,0.00,0.00,0.00,0.00,0.00,0.00,0.00,0.00,0.00,0.00,0.00,0.00,0.00,0.00,0.00,0.00,0.00,0.00,0.00,0.00,0.00,7.67,0.00,0.00,0.00,1.00,0.00,0.00,27.00,74.88,13.02,12.09,19.60,2.29,196.249,,,,,
644,WellA_Buntsandstein,1538.25,Buntsandstein,32.33,17.00,0.00,0.00,0.00,9.00,0.00,0.00,0.00,1.33,1.33,5.00,3.00,2.67,0.00,0.00,0.67,0.00,1.33,0.00,0.00,3.00,0.00,0.00,0.33,0.00,0.00,0.00,0.00,0.00,0.00,0.00,0.00,0.00,0.00,0.00,0.00,0.00,0.00,0.00,0.00,0.00,0.00,0.00,0.00,0.00,0.00,0.00,0.00,0.00,0.00,0.00,0.00,0.00,0.00,0.00,0.00,0.33,0.00,0.00,0.00,0.00,0.00,0.00,0.00,0.00,0.00,0.00,4.67,1.00,0.00,0.00,0.00,0.33,0.00,0.00,0.00,0.00,0.00,0.00,6.00,4.33,0.00,0.00,0.00,0.00,0.00,0.00,0.00,0.00,0.00,0.00,0.00,0.00,0.00,0.00,0.00,0.00,0.00,0.00,0.00,0.33,0.00,4.00,0.00,0.00,0.00,2.00,0.00,0.00,16.33,68.26,13.48,18.26,11.40,-1.03,0.093,,,,,
645,WellA_Buntsandstein,1538.65,Buntsandstein,35.33,16.67,1.00,0.00,0.00,7.67,0.00,0.00,0.00,0.00,1.00,5.67,1.33,1.00,0.00,0.00,0.33,0.00,1.00,0.67,0.00,1.00,0.00,0.00,0.00,0.00,0.00,0.00,0.33,0.00,0.00,0.00,0.00,0.00,0.00,0.00,0.00,0.00,0.00,0.00,0.00,0.00,0.00,0.00,0.00,0.00,0.00,0.00,0.00,0.00,0.00,0.00,0.00,0.00,0.00,0.00,0.00,1.67,0.00,0.33,0.00,0.00,0.00,0.00,0.00,0.00,0.00,0.00,4.67,0.33,0.00,0.00,0.00,3.67,0.00,0.00,0.00,0.00,0.00,0.00,5.00,0.00,0.00,0.00,0.00,0.00,0.00,0.00,0.00,0.00,0.00,0.00,0.00,0.00,0.00,0.00,0.00,0.00,0.00,0.33,0.00,0.00,0.00,8.67,0.00,0.00,0.00,2.33,0.00,0.00,24.33,73.39,11.93,14.68,17.50,0.93,8.470,,,,,
646,WellA_Buntsandstein,1539.40,Buntsandstein,28.00,21.67,0.33,0.00,0.00,9.33,0.00,0.00,0.00,0.67,0.67,7.00,2.00,1.33,0.00,0.00,0.00,0.00,0.67,1.67,0.00,0.00,0.00,0.00,0.00,0.00,0.00,0.00,0.33,0.00,0.00,0.00,0.00,0.00,0.00,0.00,0.00,0.00,0.00,0.00,0.00,0.00,0.00,0.00,0.00,0.00,0.00,0.00,0.00,0.00,0.00,0.00,0.00,0.00,0.00,0.00,0.00,1.33,0.00,0.00,0.00,0.00,0.00,0.00,0.00,0.00,0.00,0.00,4.67,1.33,0.00,0.00,0.00,1.33,0.00,0.00,0.00,0.00,0.00,0.00,7.00,1.67,0.00,0.00,0.00,0.00,0.00,0.00,0.00,0.00,0.00,0.00,0.00,0.00,0.00,0.00,0.00,0.00,0.00,0.00,0.00,0.00,0.00,7.00,0.00,0.00,0.00,2.00,0.00,0.00,22.67,70.45,13.64,15.91,16.10,1.40,25.201,,,,,
647,WellA_Buntsandstein,1540.55,Buntsandstein,31.00,21.33,0.33,0.00,0.00,11.33,0.00,0.00,0.33,1.00,0.33,5.67,1.33,0.00,0.00,0.00,0.33,0.00,0.67,0.00,0.00,0.00,0.00,0.00,0.00,0.00,0.00,0.00,0.00,0.00,0.00,0.00,0.00,0.00,0.00,0.00,0.00,0.00,0.00,0.00,0.00,0.00,0.00,0.00,0.00,0.00,0.00,0.00,0.00,0.00,0.00,0.00,0.00,0.00,0.00,0.00,0.00,0.00,0.00,0.00,0.00,0.00,0.00,0.00,0.00,0.00,0.00,0.00,2.00,0.33,0.00,0.00,0.00,1.33,0.00,0.00,0.00,0.00,0.00,0.00,6.00,1.00,0.00,0.00,0.00,0.00,0.00,0.00,0.00,0.00,0.00,0.00,0.00,0.00,0.00,0.00,0.00,0.00,0.00,0.67,0.00,0.33,0.00,12.67,0.00,0.00,0.00,1.67,0.00,0.33,22.33,72.85,16.29,10.86,18.10,1.41,25.833,,,,,
648,WellA_Buntsandstein,1541.45,Buntsandstein,32.00,20.67,0.33,0.00,0.00,10.33,0.00,0.00,0.00,0.33,0.33,6.33,1.67,0.67,0.00,0.00,0.00,0.00,1.00,0.33,0.00,1.00,0.00,0.00,0.00,0.00,0.00,0.00,0.00,0.00,0.00,0.00,0.00,0.00,0.00,0.00,0.00,0.00,0.00,0.00,0.00,0.00,0.00,0.00,0.00,0.00,0.00,0.00,0.00,0.00,0.00,0.00,0.00,0.00,0.00,0.00,0.00,1.00,0.00,0.00,0.00,0.00,0.00,0.00,0.00,0.00,0.00,0.00,2.00,0.67,0.00,0.00,0.00,0.33,0.00,0.00,0.00,0.00,0.00,0.00,5.67,1.67,0.00,0.00,0.00,0.00,0.00,0.00,0.00,0.00,0.00,0.00,0.00,0.00,0.00,0.00,0.00,0.00,0.00,0.00,0.00,0.00,0.00,12.00,0.00,0.00,0.00,1.67,0.00,0.00,21.67,72.44,15.11,12.44,17.80,0.87,7.488,,,,,
649,WellA_Buntsandstein,1542.45,Buntsandstein,27.33,23.67,0.33,0.00,0.00,8.67,0.00,0.00,0.00,0.00,0.67,8.33,1.33,0.33,0.00,0.00,0.67,0.00,1.67,0.00,0.00,0.33,0.00,0.00,0.00,0.00,0.00,0.00,0.00,0.00,0.00,0.00,0.00,0.00,0.00,0.00,0.00,0.00,0.00,0.00,0.00,0.00,0.00,0.00,0.00,0.00,0.00,0.00,0.00,0.00,0.00,0.00,0.00,0.00,0.00,0.00,0.00,3.33,0.00,0.33,0.00,0.00,0.00,0.00,0.00,0.00,0.00,0.00,5.67,0.33,0.00,0.00,0.00,0.00,0.00,0.00,0.00,0.00,0.00,0.00,5.00,0.33,0.00,0.00,0.00,0.00,0.00,0.00,0.00,0.00,0.00,0.00,0.00,0.00,0.00,0.00,0.00,0.00,0.00,0.67,0.00,0.67,0.00,9.00,0.00,0.00,0.00,1.33,0.00,0.00,23.67,71.36,14.09,14.55,19.70,1.95,89.934,,,,,
650,WellA_Buntsandstein,1135.80,Buntsandstein,41.67,7.00,0.00,0.00,0.00,9.67,0.00,0.00,0.00,0.00,0.00,3.00,0.00,7.33,0.00,0.00,0.00,0.00,0.33,0.00,0.00,7.67,0.00,0.00,6.67,0.67,0.00,1.00,0.00,0.00,0.00,0.00,0.00,0.00,0.00,0.00,0.00,0.00,0.00,0.00,0.00,0.00,0.00,0.00,0.00,0.00,0.00,0.00,1.00,0.00,0.00,0.00,0.00,0.00,0.00,0.00,0.00,0.67,0.00,0.00,0.00,0.00,0.00,0.00,0.00,0.00,0.00,0.00,3.67,0.00,0.00,0.00,0.00,0.00,0.00,0.00,0.00,1.00,0.00,0.00,0.00,1.00,0.00,0.00,0.00,0.00,0.00,0.00,0.00,0.00,0.00,0.00,0.00,0.00,0.00,0.00,0.00,0.00,0.00,0.00,0.00,0.00,0.00,5.33,0.00,0.00,0.00,1.67,0.00,0.67,10.67,63.48,13.04,23.48,,,,,,,,
651,WellA_Carboniferous,3901.83,Upper Carboniferous,57.00,0.00,0.00,0.00,0.00,0.00,0.00,0.00,5.67,1.33,0.33,3.00,1.67,1.33,0.00,0.00,0.00,0.00,0.67,0.00,0.00,4.00,0.00,0.00,1.33,0.00,0.00,0.00,0.00,0.00,0.00,0.00,0.00,0.00,0.00,0.00,0.00,0.00,0.00,0.00,0.00,0.00,0.00,0.00,0.00,0.00,0.00,0.00,1.33,0.00,0.00,0.00,0.00,0.00,0.00,0.00,0.00,0.00,0.00,4.33,0.00,0.00,0.00,0.00,0.00,0.00,0.00,0.00,9.00,0.00,0.00,0.00,0.00,0.00,0.00,0.00,0.00,0.00,0.00,0.00,0.00,1.67,0.00,0.00,1.33,0.00,0.00,0.00,0.00,0.00,0.00,0.33,0.00,0.00,0.00,0.00,0.00,0.00,0.00,1.00,0.00,1.67,0.00,0.67,0.00,0.00,0.00,2.33,0.00,0.00,15.33,78.22,0.89,20.89,5.85,-0.09,0.815,,,,,
652,WellA_Carboniferous,3902.49,Upper Carboniferous,52.00,0.00,0.33,0.00,0.00,1.67,0.00,0.00,0.33,1.00,0.00,1.00,1.67,3.67,0.00,0.00,0.00,0.00,0.67,0.00,0.00,4.33,0.00,0.00,0.67,0.00,0.00,0.00,0.00,0.00,0.00,0.00,0.00,0.00,0.00,0.00,0.00,0.00,0.00,0.00,0.00,0.00,0.00,0.00,0.00,0.00,0.00,0.00,0.00,0.00,0.00,0.00,0.00,0.00,0.00,0.00,0.00,0.00,0.00,8.67,0.00,0.00,0.00,0.00,0.00,0.00,0.00,0.00,9.00,0.00,0.00,0.00,0.00,0.00,0.00,0.00,0.00,0.00,0.00,0.00,0.00,1.33,0.00,1.00,3.67,0.00,0.00,0.00,0.00,0.00,0.00,0.33,0.00,0.00,0.00,0.00,0.00,0.00,0.00,4.33,0.00,2.33,0.00,0.33,0.00,0.00,0.00,1.67,0.00,0.00,22.67,80.50,3.50,16.00,6.80,-0.99,0.102,,,,,
653,WellA_Carboniferous,3903.56,Upper Carboniferous,55.00,0.00,0.67,0.00,0.00,0.33,0.00,0.00,0.67,0.00,0.00,4.00,1.00,2.00,0.00,0.00,0.00,0.00,0.00,1.33,0.00,3.00,0.00,0.00,2.00,0.00,0.00,0.00,0.00,0.00,0.00,0.00,0.00,0.00,0.00,0.00,0.00,0.00,0.00,0.00,0.00,0.00,0.00,0.00,0.00,0.00,0.00,0.00,0.00,0.00,0.00,0.00,0.00,0.00,0.00,0.00,0.00,0.00,0.00,16.00,0.00,0.00,0.00,0.00,0.00,0.00,0.00,0.00,4.33,0.33,0.00,0.00,0.00,0.67,0.00,0.00,0.00,0.00,0.00,0.00,0.00,0.33,0.00,0.00,4.00,0.00,0.00,0.00,0.00,0.00,0.00,0.00,0.00,0.00,0.00,0.00,0.00,0.00,0.00,3.33,0.00,0.33,0.00,0.33,0.00,0.00,0.00,0.33,0.00,0.00,25.67,82.35,0.49,17.16,2.89,-1.76,0.017,,,,,
654,WellA_Carboniferous,3904.29,Upper Carboniferous,53.33,0.00,0.67,0.00,0.00,0.67,0.00,0.00,1.67,0.00,0.00,1.33,1.67,4.00,0.00,0.00,0.00,0.00,0.00,0.67,0.00,10.33,0.00,0.00,0.33,0.00,0.00,0.33,0.00,0.00,0.00,0.00,0.00,0.00,0.00,0.00,0.00,0.00,0.00,0.00,0.00,0.00,0.00,0.00,0.00,0.00,0.00,0.00,0.00,0.00,0.00,0.00,0.00,0.00,0.00,0.00,0.00,0.00,0.00,2.33,0.00,0.00,0.00,0.00,0.00,0.00,0.00,0.00,8.33,0.00,0.00,0.00,0.33,0.33,0.00,0.00,0.00,0.00,0.00,0.00,0.00,0.67,0.00,0.00,4.33,0.00,0.00,0.00,0.00,0.00,0.00,0.00,0.00,0.00,0.00,0.00,0.00,0.00,0.00,5.33,0.00,3.33,0.00,0.00,0.00,0.00,0.00,0.00,0.00,0.00,15.66,73.99,0.90,25.11,4.43,-1.91,0.012,,,,,
655,WellA_Carboniferous,3905.21,Upper Carboniferous,52.67,0.00,0.33,0.00,0.00,0.00,0.00,0.00,0.33,0.00,0.00,2.00,3.33,4.33,0.00,0.00,0.00,0.00,1.00,0.33,0.00,6.67,0.00,0.00,2.33,0.00,0.00,0.33,0.00,0.00,0.00,0.00,0.00,0.00,0.00,0.00,0.00,0.00,0.00,0.00,0.00,0.00,0.00,0.00,0.00,0.00,0.00,0.00,0.00,0.00,0.00,0.00,0.00,0.00,0.00,0.00,0.00,0.00,0.00,8.33,0.00,0.00,0.00,0.00,0.00,0.00,0.00,0.00,9.34,0.00,0.00,0.00,0.00,0.00,0.00,0.00,0.00,0.00,0.00,0.00,0.00,1.00,0.00,0.00,2.00,0.00,0.00,0.00,0.00,0.00,0.00,0.00,0.00,0.00,0.00,0.00,0.00,0.00,0.00,3.00,0.00,0.67,0.00,0.00,0.00,0.00,0.00,2.00,0.00,0.00,19.67,78.87,1.41,19.72,6.39,-1.11,0.077,,,,,
656,WellA_Carboniferous,3906.04,Upper Carboniferous,50.33,0.00,0.00,0.00,0.00,0.00,0.00,0.00,0.00,1.00,0.00,1.00,1.67,4.33,0.00,0.00,0.00,0.00,0.67,0.33,0.00,5.33,0.00,0.00,0.33,0.00,0.00,0.33,0.00,0.00,0.00,0.00,0.00,0.00,0.00,0.00,0.00,0.00,0.00,0.00,0.00,0.00,0.00,0.00,0.00,0.00,0.00,0.00,0.00,0.00,0.00,0.00,0.00,0.00,0.00,0.00,0.00,0.00,0.00,23.33,0.00,0.00,0.00,0.00,0.00,0.00,0.00,0.00,6.33,0.00,0.00,0.00,0.00,0.33,0.00,0.00,0.00,0.00,0.00,0.00,0.00,0.00,0.00,0.00,2.00,0.00,0.00,0.00,0.00,0.00,0.00,0.33,0.00,0.00,0.00,0.00,0.00,0.00,0.00,1.33,0.00,0.33,0.00,0.00,0.00,0.00,0.00,0.67,0.00,0.00,32.00,80.41,1.03,18.56,3.48,-1.57,0.027,,,,,
657,WellA_Carboniferous,3907.58,Upper Carboniferous,46.00,0.00,0.33,0.00,0.00,0.67,0.00,0.00,0.67,1.00,0.00,1.33,2.33,4.33,0.00,0.00,0.00,0.00,0.00,1.33,0.00,8.33,0.00,0.00,3.00,0.00,0.00,0.00,0.00,0.00,0.00,0.00,0.00,0.00,0.00,0.00,0.00,0.00,0.00,0.00,0.00,0.00,0.00,0.00,0.00,0.00,0.00,0.00,0.00,0.00,0.00,0.00,0.00,0.00,0.00,0.00,0.00,0.00,0.00,7.67,0.00,0.00,0.00,0.00,0.00,0.00,0.00,0.00,10.67,0.00,0.00,0.00,0.00,0.33,0.00,0.00,0.00,0.00,0.00,0.00,0.00,0.33,0.00,0.00,3.67,0.00,0.00,0.00,0.00,0.00,0.00,0.33,0.00,0.00,0.00,0.00,0.00,0.00,0.00,2.00,0.00,2.67,0.00,1.00,0.00,0.00,0.00,2.00,0.00,0.00,23.33,72.86,1.01,26.13,6.20,-1.02,0.096,,,,,
658,WellA_Carboniferous,3908.65,Upper Carboniferous,47.00,0.00,0.00,0.00,0.00,0.00,0.00,0.00,0.67,0.00,0.00,1.00,2.33,9.67,0.00,0.00,0.00,0.00,0.33,0.33,0.00,6.33,0.00,0.00,1.33,0.00,0.00,0.00,0.00,0.00,0.00,0.00,0.00,0.00,0.00,0.00,0.00,0.00,0.00,0.00,0.00,0.00,0.00,0.00,0.00,0.00,0.00,0.00,0.00,0.00,0.00,0.00,0.00,0.00,0.00,0.00,0.00,0.00,0.00,7.67,0.00,0.00,0.00,0.00,0.00,0.00,0.00,0.00,10.67,0.33,0.00,0.00,0.67,0.00,0.00,0.00,0.00,0.00,0.00,0.00,0.00,1.00,0.00,0.00,4.67,0.00,0.00,0.00,0.00,0.00,0.00,0.00,0.00,0.00,0.00,0.00,0.00,0.00,0.00,3.00,0.00,2.67,0.00,0.00,0.00,0.00,0.00,0.33,0.00,0.00,24.00,72.91,0.49,26.60,4.33,-1.20,0.063,,,,,
659,WellA_Carboniferous,3911.04,Upper Carboniferous,49.00,0.00,0.00,0.00,0.00,0.67,0.00,0.00,0.00,0.00,0.00,4.00,3.00,4.33,0.00,0.00,0.00,0.00,0.67,0.00,0.00,4.33,0.00,0.00,2.00,0.00,0.00,0.00,0.00,0.00,0.00,0.00,0.00,0.00,0.00,0.00,0.00,0.00,0.00,0.00,0.00,0.00,0.00,0.00,0.00,0.00,0.00,0.00,0.00,0.00,0.00,0.00,0.00,0.00,0.00,0.00,0.00,0.00,0.00,6.33,0.00,0.00,0.00,0.00,0.00,0.00,0.00,0.00,12.00,0.00,0.00,0.00,0.00,0.00,0.00,0.00,0.00,0.00,0.00,0.00,0.00,0.33,0.00,0.00,2.67,0.00,0.00,0.00,0.00,0.00,0.00,0.67,0.00,0.00,0.00,0.00,0.00,0.00,0.00,4.33,0.00,4.00,0.00,0.67,0.00,0.00,0.00,1.00,0.00,0.00,21.67,78.79,2.02,19.19,6.00,-1.02,0.095,,,,,
660,WellA_Carboniferous,3911.61,Upper Carboniferous,47.00,0.00,0.33,0.00,0.00,0.00,0.00,0.00,1.00,0.33,0.00,1.67,2.33,3.33,0.00,0.00,0.00,0.00,0.00,0.33,0.00,2.33,0.00,0.00,2.00,0.00,0.00,0.33,0.00,0.00,0.00,0.00,0.00,0.00,0.00,0.00,0.00,0.00,0.00,0.00,0.00,0.00,0.00,0.00,0.00,0.00,0.00,0.00,0.00,0.00,0.00,0.00,0.00,0.00,0.00,0.33,0.00,0.00,0.00,8.00,0.00,0.00,0.00,0.00,0.00,0.00,0.00,0.00,17.67,0.00,0.00,0.00,0.67,0.33,0.00,0.00,0.00,0.00,0.00,0.00,0.33,0.33,0.00,0.00,2.00,0.00,0.00,0.00,0.00,0.00,0.00,0.33,0.00,0.00,0.00,0.00,0.00,0.00,0.00,2.67,0.00,3.67,0.00,0.67,0.00,0.00,0.00,2.00,0.00,0.00,30.00,84.09,0.00,15.91,5.60,-0.92,0.120,,,,,
661,WellA_Carboniferous,3913.38,Upper Carboniferous,50.67,0.00,0.33,0.00,0.00,0.67,0.00,0.00,1.00,0.67,0.00,0.67,1.00,2.33,0.00,0.00,0.00,0.00,0.33,0.00,0.00,4.67,0.00,0.00,1.33,0.00,0.00,0.00,0.00,0.00,0.00,0.00,0.00,0.00,0.00,0.00,0.00,0.00,0.00,0.00,0.00,0.00,0.00,0.00,0.00,0.00,0.00,0.00,0.33,0.00,0.00,0.00,0.00,0.00,0.00,0.00,0.00,0.00,0.00,7.00,0.00,0.00,0.00,0.00,0.00,0.00,0.00,0.00,14.33,0.33,0.00,0.00,0.00,0.33,0.00,0.00,0.00,0.00,0.00,0.00,0.33,0.33,0.00,0.00,1.33,0.00,0.00,0.00,0.00,0.00,0.00,0.33,0.00,0.00,0.00,0.00,0.00,0.00,0.00,3.33,0.00,4.67,0.00,0.67,0.00,0.00,0.00,3.00,0.00,0.00,24.33,82.89,1.60,15.51,6.16,-0.84,0.144,,,,,
662,WellA_Carboniferous,3915.73,Upper Carboniferous,50.33,0.00,0.33,0.00,0.00,0.67,0.00,0.00,3.33,1.33,0.00,0.00,1.33,1.33,0.00,0.00,0.00,0.00,1.00,1.67,0.00,3.33,0.00,0.00,0.33,0.00,0.00,0.00,0.00,0.00,0.00,0.00,0.00,0.00,0.00,0.00,0.00,0.00,0.00,0.00,0.00,0.00,0.00,0.00,0.00,0.00,0.00,0.00,0.67,0.00,0.00,0.00,0.00,0.00,0.00,0.00,0.00,0.00,0.00,3.33,0.00,0.00,0.00,0.00,0.00,0.00,0.67,0.00,14.34,0.33,0.00,0.00,0.00,0.33,0.00,0.00,0.00,0.00,0.00,0.00,0.67,1.67,0.00,0.00,0.33,0.00,0.00,0.00,0.00,0.00,0.00,0.33,0.00,0.00,0.00,0.00,0.00,0.00,0.00,4.33,0.33,5.00,0.00,0.67,0.00,0.00,0.00,2.00,0.00,0.00,20.67,79.90,2.58,17.53,7.26,-0.09,0.821,,,,,
663,WellA_Carboniferous,3918.75,Upper Carboniferous,54.67,0.00,0.00,0.00,0.00,0.33,0.00,0.00,2.33,0.67,0.00,1.33,0.67,0.67,0.00,0.00,0.00,0.00,0.33,0.67,0.00,3.00,0.00,0.00,0.33,0.00,0.00,0.00,0.00,0.00,0.00,0.00,0.00,0.00,0.00,0.00,0.00,0.00,0.00,0.00,0.00,0.00,0.00,0.00,0.00,0.00,0.00,0.00,0.33,0.00,0.00,0.00,0.00,0.00,0.00,0.00,0.00,0.00,0.00,3.67,0.00,0.00,0.00,0.00,0.00,0.00,0.33,0.00,18.67,0.00,0.00,0.00,0.00,0.00,0.00,0.00,0.00,0.00,0.00,0.00,0.00,0.00,0.00,0.00,1.00,0.00,0.00,0.00,0.00,0.00,0.00,0.33,0.00,0.00,0.00,0.00,0.00,0.00,0.00,5.00,0.00,3.67,0.00,0.67,0.00,0.00,0.00,1.33,0.00,0.00,24.33,85.57,1.03,13.40,8.94,-0.09,0.805,,,,,
664,WellA_Carboniferous,3921.00,Upper Carboniferous,57.00,0.00,0.33,0.00,0.00,0.00,0.00,0.00,0.00,0.33,0.00,0.67,1.00,1.67,0.00,0.00,0.00,0.00,0.67,0.00,0.00,4.33,0.00,0.00,1.00,0.00,0.00,0.00,0.00,0.00,0.00,0.00,0.00,0.00,0.00,0.00,0.00,0.00,0.00,0.00,0.00,0.00,0.00,0.00,0.00,0.00,0.00,0.00,0.00,0.00,0.00,0.00,0.00,0.00,0.00,0.00,0.00,0.00,0.00,6.33,0.00,0.00,0.00,0.00,0.00,0.00,0.33,0.00,14.00,0.00,0.00,0.00,0.00,0.00,0.00,0.00,0.00,0.00,0.00,0.00,0.33,0.67,0.00,0.00,0.33,0.00,0.00,0.00,0.00,0.00,0.00,0.00,0.00,0.00,0.00,0.00,0.00,0.00,0.00,2.33,0.00,4.67,0.00,0.67,0.00,0.00,0.00,3.33,0.00,0.00,22.00,87.88,1.01,11.11,7.93,-0.42,0.380,,,,,
665,WellA_Carboniferous,3923.97,Upper Carboniferous,52.33,0.00,0.00,0.00,0.00,1.00,0.00,0.00,0.33,0.67,0.00,1.00,2.00,1.33,0.00,0.00,0.00,0.00,0.67,0.33,0.00,4.00,0.00,0.00,0.00,0.00,0.00,0.00,0.00,0.00,0.00,0.00,0.00,0.00,0.00,0.00,0.00,0.00,0.00,0.00,0.00,0.00,0.00,0.00,0.00,0.00,0.00,0.00,0.00,0.00,0.00,0.00,0.00,0.00,0.00,0.00,0.00,0.00,0.00,3.67,0.00,0.00,0.00,0.00,0.00,0.00,0.00,0.00,18.67,0.00,0.00,0.00,0.00,0.33,0.00,0.00,0.00,0.00,0.00,0.00,1.00,1.33,0.00,0.33,3.33,0.00,0.00,0.00,0.00,0.00,0.00,0.00,0.00,0.00,0.00,0.00,0.00,0.00,0.00,3.33,0.00,1.67,0.00,1.00,0.00,0.00,0.00,1.67,0.00,0.00,28.33,85.34,2.62,12.04,7.22,-0.71,0.193,,,,,
666,WellA_Carboniferous,3925.86,Upper Carboniferous,50.33,0.00,0.00,0.00,0.00,1.33,0.00,0.00,1.00,0.33,0.00,1.33,2.33,2.00,0.00,0.00,0.00,0.00,0.00,0.33,0.00,4.00,0.00,0.00,0.33,0.00,0.00,0.00,0.00,0.00,0.00,0.00,0.00,0.00,0.00,0.00,0.00,0.00,0.00,0.00,0.00,0.00,0.00,0.00,0.00,0.00,0.00,0.00,0.00,0.00,0.00,0.00,0.00,0.00,0.00,0.00,0.00,0.00,0.00,4.33,0.00,0.00,0.00,0.00,0.00,0.00,0.33,0.00,20.00,0.00,0.00,0.00,0.33,0.00,0.00,0.00,0.00,0.00,0.00,0.00,0.00,1.00,0.00,0.00,3.33,0.00,0.00,0.00,0.00,0.00,0.00,0.33,0.00,0.00,0.00,0.00,0.00,0.00,0.00,1.67,0.00,2.00,0.00,0.33,0.00,0.00,0.00,3.00,0.00,0.00,28.67,83.60,2.12,14.29,8.36,-0.71,0.193,,,,,
667,WellA_Carboniferous,3926.73,Upper Carboniferous,52.00,0.00,0.33,0.00,0.00,0.67,0.00,0.00,0.00,0.67,0.00,0.67,2.00,4.33,0.00,0.00,0.00,0.00,0.33,0.33,0.00,5.33,0.00,0.00,0.33,0.00,0.00,0.00,0.00,0.00,0.00,0.00,0.00,0.00,0.00,0.00,0.00,0.00,0.00,0.00,0.00,0.00,0.00,0.00,0.00,0.00,0.00,0.00,0.00,0.00,0.00,0.00,0.00,0.00,0.00,0.00,0.00,0.00,0.00,3.67,0.00,0.00,0.00,0.00,0.00,0.00,0.00,0.00,16.67,0.00,0.00,0.00,0.00,0.33,0.00,0.00,0.00,0.00,0.00,0.00,0.00,1.33,0.00,0.33,2.33,0.00,0.00,0.00,0.00,0.00,0.00,0.00,0.00,0.00,0.00,0.00,0.00,0.00,0.00,2.00,0.00,3.33,0.00,0.67,0.00,0.00,0.00,2.33,0.00,0.00,24.00,81.00,1.50,17.50,6.12,-0.94,0.114,,,,,
668,WellA_Carboniferous,3927.89,Upper Carboniferous,44.00,0.00,0.00,0.00,0.00,0.00,0.00,0.00,2.67,0.00,0.00,0.67,3.67,3.00,0.00,0.00,0.00,0.00,1.33,0.00,0.00,6.00,0.00,0.00,0.33,0.00,0.00,0.00,0.00,0.00,0.00,0.00,0.00,0.00,0.00,0.00,0.00,0.00,0.00,0.00,0.00,0.00,0.00,0.00,0.00,0.00,0.00,0.00,0.00,0.00,0.00,0.00,0.00,0.00,0.00,0.00,0.00,0.00,0.00,5.00,0.00,0.00,0.00,0.00,0.00,0.00,0.00,0.00,19.00,0.00,0.00,0.00,0.00,0.00,0.00,0.00,0.00,0.00,0.00,0.00,1.00,0.33,0.00,0.00,1.33,0.00,0.00,0.00,0.00,0.00,0.00,0.33,0.00,0.00,0.00,0.00,0.00,0.00,0.00,2.67,0.00,4.67,0.00,1.33,0.00,0.00,0.00,2.67,0.00,0.00,27.67,77.72,2.17,20.11,7.68,-0.64,0.229,,,,,
669,WellA_Carboniferous,3998.58,Upper Carboniferous,48.33,0.00,0.33,0.00,0.00,0.67,0.00,0.00,0.67,0.67,0.00,2.67,3.67,3.33,0.00,0.00,0.00,0.00,0.67,0.00,0.00,7.00,0.00,0.00,1.33,0.00,0.00,0.00,0.00,0.00,0.00,0.00,0.00,0.00,0.00,0.00,0.00,0.00,0.00,0.00,0.00,0.00,0.00,0.00,0.00,0.00,0.00,0.00,0.00,0.00,0.00,0.00,0.00,0.00,0.00,0.00,0.00,0.00,0.00,5.00,0.00,0.00,0.00,0.00,0.00,0.00,0.00,0.00,14.33,0.00,0.00,0.00,0.00,0.67,0.00,0.00,0.00,0.00,0.00,0.00,0.00,2.00,0.00,0.00,1.67,0.00,0.00,0.00,0.00,0.00,0.00,0.33,0.00,0.00,0.00,0.00,0.00,0.00,0.00,3.00,0.00,2.33,0.00,0.67,0.00,0.00,0.00,0.67,0.00,0.00,22.33,76.47,1.96,21.57,6.53,-0.73,0.188,,,,,
670,WellA_Carboniferous,3999.86,Upper Carboniferous,48.67,0.00,0.00,0.00,0.00,0.67,0.00,0.00,0.33,1.00,0.00,1.33,3.00,5.33,0.00,0.00,0.00,0.00,1.33,0.67,0.00,7.33,0.00,0.00,0.67,0.00,0.00,0.33,0.00,0.00,0.00,0.00,0.00,0.00,0.00,0.00,0.00,0.00,0.00,0.00,0.00,0.00,0.00,0.00,0.00,0.00,0.00,0.00,0.00,0.00,0.00,0.00,0.00,0.00,0.00,0.00,0.00,0.00,0.00,4.67,0.00,0.00,0.00,0.00,0.00,0.00,0.00,0.00,15.00,0.00,0.00,0.00,0.67,0.33,0.00,0.00,0.00,0.00,0.00,0.00,0.67,1.33,0.00,0.00,0.67,0.00,0.00,0.00,0.00,0.00,0.00,0.33,0.00,0.00,0.00,0.00,0.00,0.00,0.00,1.67,0.00,2.00,0.00,0.33,0.00,0.00,0.00,1.67,0.00,0.00,22.33,74.16,2.87,22.97,5.39,-0.88,0.131,,,,,
671,WellA_Carboniferous,4002.17,Upper Carboniferous,47.00,0.00,0.00,0.00,0.00,0.67,0.00,0.00,0.33,0.00,0.00,2.00,3.00,5.67,0.00,0.00,0.00,0.00,0.67,1.33,0.00,4.67,0.00,0.00,1.33,0.00,0.00,0.00,0.00,0.00,0.00,0.00,0.00,0.00,0.00,0.00,0.00,0.00,0.00,0.00,0.00,0.00,0.00,0.00,0.00,0.00,0.00,0.00,0.00,0.00,0.00,0.00,0.00,0.00,0.00,0.00,0.00,0.00,0.00,3.67,0.00,0.00,0.00,0.00,0.00,0.00,0.00,0.00,15.00,0.00,0.00,0.00,0.33,0.00,0.00,0.00,0.00,0.00,0.00,0.00,1.00,1.33,0.00,0.00,0.33,0.00,0.00,0.00,0.00,0.00,0.00,0.33,0.00,0.00,0.00,0.00,0.00,0.00,0.00,5.00,0.00,3.67,0.00,1.33,0.00,0.00,0.00,1.33,0.00,0.00,21.67,76.53,2.04,21.43,8.55,-0.60,0.249,,,,,
672,WellA_Carboniferous,4003.73,Upper Carboniferous,57.00,0.00,0.00,0.00,0.00,0.67,0.00,0.00,0.33,1.67,0.00,1.67,2.00,4.67,0.00,0.00,0.00,0.00,0.33,0.00,0.00,6.67,0.00,0.00,1.00,0.00,0.00,0.00,0.00,0.00,0.00,0.00,0.00,0.00,0.00,0.00,0.00,0.00,0.00,0.00,0.00,0.00,0.00,0.00,0.00,0.00,0.00,0.00,0.00,0.00,0.00,0.00,0.00,0.00,0.00,0.00,0.00,0.00,0.00,2.00,0.00,0.00,0.00,0.00,0.00,0.00,0.00,0.00,11.00,0.00,0.00,0.00,0.33,0.00,0.00,0.00,0.00,0.00,0.00,0.00,0.33,1.67,0.00,0.00,1.67,0.00,0.00,0.00,0.00,0.00,0.00,0.00,0.00,0.00,0.00,0.00,0.00,0.00,0.00,3.33,0.00,1.00,0.00,1.00,0.00,0.00,0.00,1.67,0.00,0.00,16.33,78.67,1.33,20.00,6.27,-0.93,0.118,,,,,
673,WellA_Carboniferous,4004.35,Upper Carboniferous,51.67,0.00,0.00,0.00,0.00,0.33,0.00,0.00,2.00,1.67,0.00,1.33,3.67,3.00,0.00,0.00,0.00,0.00,0.67,0.67,0.00,4.67,0.00,0.00,1.67,0.00,0.00,0.00,0.00,0.00,0.00,0.00,0.00,0.00,0.00,0.00,0.00,0.00,0.00,0.00,0.00,0.00,0.00,0.00,0.00,0.00,0.00,0.00,0.33,0.00,0.00,0.00,0.00,0.00,0.00,0.00,0.00,0.00,0.00,3.67,0.00,0.00,0.00,0.00,0.00,0.00,0.00,0.00,12.00,0.00,0.00,0.00,0.00,0.67,0.00,0.00,0.00,0.00,0.00,0.00,1.33,0.67,0.00,0.00,0.33,0.00,0.00,0.00,0.00,0.00,0.00,0.33,0.00,0.00,0.00,0.00,0.00,0.00,0.00,4.33,0.00,1.00,0.00,0.67,0.00,0.00,0.00,3.33,0.00,0.00,18.67,79.43,1.44,19.14,7.28,-0.69,0.206,,,,,
674,WellA_Carboniferous,4005.26,Upper Carboniferous,54.33,0.00,0.67,0.00,0.00,0.67,0.00,0.00,1.33,1.33,0.33,1.67,2.00,1.67,0.00,0.00,0.00,0.00,1.33,0.33,0.00,6.00,0.00,0.00,1.00,0.00,0.00,0.67,0.33,0.00,0.00,0.00,0.00,0.00,0.00,0.00,0.00,0.00,0.00,0.00,0.00,0.00,0.00,0.00,0.00,0.00,0.00,0.00,0.00,0.00,0.00,0.00,0.00,0.00,0.00,0.00,0.00,0.00,0.00,1.00,0.00,0.00,0.00,0.00,0.00,0.00,0.00,0.00,17.00,0.00,0.00,0.00,0.00,0.00,0.00,0.00,0.00,0.00,0.00,0.00,1.00,0.67,0.00,0.67,0.67,0.00,0.00,0.00,0.00,0.00,0.00,0.33,0.00,0.00,0.00,0.00,0.00,0.00,0.00,2.33,0.00,1.67,0.00,0.00,0.00,0.00,0.00,1.00,0.00,0.00,20.33,78.60,2.79,18.60,6.62,-0.88,0.131,,,,,
675,WellA_Carboniferous,4006.85,Upper Carboniferous,51.33,0.00,0.33,0.00,0.00,0.67,0.00,0.00,3.00,1.00,0.00,2.33,3.00,1.33,0.00,0.00,0.00,0.00,0.67,0.33,0.00,5.67,0.00,0.00,1.67,0.00,0.00,0.67,0.00,0.00,0.00,0.00,0.00,0.00,0.00,0.00,0.00,0.00,0.00,0.00,0.00,0.00,0.00,0.00,0.00,0.00,0.00,0.00,0.67,0.00,0.00,0.00,0.00,0.00,0.00,0.00,0.00,0.00,0.00,5.00,0.00,0.00,0.00,0.00,0.00,0.00,0.00,0.00,8.00,0.00,0.00,0.00,0.33,0.00,0.00,0.00,0.00,0.00,0.00,0.00,2.33,2.00,0.00,0.00,0.67,0.00,0.00,0.00,0.00,0.00,0.00,0.00,0.00,0.00,0.00,0.00,0.00,0.00,0.00,2.67,0.00,3.00,0.00,1.33,0.00,0.00,0.00,2.00,0.00,0.00,17.67,77.99,1.91,20.10,8.27,-0.37,0.424,,,,,
676,WellA_Carboniferous,4007.61,Upper Carboniferous,57.33,0.00,0.33,0.00,0.00,0.00,0.00,0.00,0.00,0.33,0.00,1.00,0.33,0.67,0.00,0.00,0.00,0.00,0.67,0.00,0.00,3.00,0.00,0.00,0.67,0.00,0.00,0.00,0.00,0.00,0.00,0.00,0.00,0.00,0.00,0.00,0.00,0.00,0.00,0.00,0.00,0.00,0.00,0.00,0.00,0.00,0.00,0.00,0.00,0.00,0.00,0.00,0.00,0.00,0.00,0.00,0.00,0.00,0.00,10.00,0.00,0.00,0.00,0.00,0.00,0.00,0.00,0.00,15.33,0.00,0.00,0.00,0.00,0.00,0.00,0.00,0.00,0.00,0.00,0.00,1.33,1.67,0.00,0.67,1.00,0.00,0.00,0.00,0.00,0.00,0.00,0.00,0.00,0.00,0.00,0.00,0.00,0.00,0.00,2.00,0.00,1.00,0.00,0.33,0.00,0.00,0.00,2.33,0.00,0.00,28.67,90.58,1.05,8.38,5.88,-0.72,0.192,,,,,
677,WellA_Carboniferous,4009.27,Upper Carboniferous,54.00,0.00,0.00,0.00,0.00,0.67,0.00,0.00,0.00,0.33,0.00,0.67,1.67,3.33,0.00,0.00,0.00,0.00,2.00,1.00,0.00,4.33,0.00,0.00,0.00,0.00,0.00,0.67,0.00,0.00,0.00,0.00,0.00,0.00,0.00,0.00,0.00,0.00,0.00,0.00,0.00,0.00,0.00,0.00,0.00,0.00,0.00,0.00,0.00,0.00,0.00,0.00,0.00,0.00,0.00,0.00,0.00,0.00,0.00,3.67,0.00,0.00,0.00,0.00,0.00,0.00,0.00,0.00,15.00,0.33,0.00,0.00,0.00,0.00,0.00,0.00,0.00,0.00,0.00,0.00,1.00,1.33,0.00,0.00,1.33,0.00,0.00,0.00,0.00,0.00,0.00,0.00,0.00,0.00,0.00,0.00,0.00,0.00,0.00,2.67,0.00,1.00,0.00,1.33,0.00,0.00,0.00,3.67,0.00,0.00,22.67,81.86,3.92,14.22,9.05,-0.49,0.325,,,,,
678,WellA_Carboniferous,4010.40,Upper Carboniferous,60.67,0.00,0.33,0.00,0.00,0.00,0.00,0.00,1.33,0.00,0.00,1.33,2.33,0.67,0.00,0.00,0.00,0.00,0.67,0.33,0.00,3.00,0.00,0.00,0.00,0.00,0.00,0.00,0.00,0.00,0.00,0.00,0.00,0.00,0.00,0.00,0.00,0.00,0.00,0.00,0.00,0.00,0.00,0.00,0.00,0.00,0.00,0.00,0.00,0.00,0.00,0.00,0.00,0.00,0.00,0.00,0.00,0.00,0.00,1.67,0.00,0.00,0.00,0.00,0.00,0.00,0.00,0.00,13.33,0.00,0.00,0.00,0.00,0.00,0.00,0.00,0.00,0.00,0.00,0.00,1.00,1.00,0.00,0.33,0.67,0.00,0.00,0.00,0.00,0.00,0.00,0.00,0.00,0.00,0.00,0.00,0.00,0.00,0.00,4.67,0.00,0.67,0.00,2.33,0.00,0.00,0.00,3.67,0.00,0.00,19.33,89.15,0.94,9.91,9.45,-0.08,0.831,,,,,
679,WellA_Carboniferous,4012.98,Upper Carboniferous,64.67,0.00,0.00,0.00,0.00,0.33,0.00,0.00,0.67,0.00,0.00,1.67,1.33,2.33,0.00,0.00,0.00,0.00,1.67,0.33,0.00,3.67,0.00,0.00,0.33,0.00,0.00,0.00,0.00,0.00,0.00,0.00,0.00,0.00,0.00,0.00,0.00,0.00,0.00,0.00,0.00,0.00,0.00,0.00,0.00,0.00,0.00,0.00,0.00,0.00,0.00,0.00,0.00,0.00,0.00,0.00,0.00,0.00,0.00,3.33,0.00,0.00,0.00,0.00,0.00,0.00,0.00,0.00,6.67,0.00,0.00,0.00,0.00,0.00,0.00,0.00,0.00,0.00,0.00,0.00,0.67,2.00,0.00,0.33,0.00,0.00,0.00,0.00,0.00,0.00,0.00,0.00,0.00,0.00,0.00,0.00,0.00,0.00,0.00,2.67,0.00,1.67,0.00,0.67,0.00,0.00,0.00,5.00,0.00,0.00,11.67,86.09,2.61,11.30,9.02,-0.42,0.376,,,,,
680,WellA_Carboniferous,4013.99,Upper Carboniferous,55.00,0.00,0.33,0.00,0.00,0.33,0.00,0.00,2.33,0.33,0.00,0.67,2.67,2.33,0.00,0.00,0.00,0.00,0.67,0.67,0.00,5.00,0.00,0.00,1.00,0.00,0.00,0.00,0.00,0.00,0.00,0.00,0.00,0.00,0.00,0.00,0.00,0.00,0.00,0.00,0.00,0.00,0.00,0.00,0.00,0.00,0.00,0.00,0.00,0.00,0.00,0.00,0.00,0.00,0.00,0.00,0.00,0.00,0.00,4.67,0.00,0.00,0.00,0.00,0.00,0.00,0.00,0.00,13.01,0.00,0.00,0.00,0.00,0.00,0.00,0.00,0.00,0.00,0.00,0.00,1.00,0.67,0.00,0.00,0.67,0.00,0.00,0.00,0.00,0.00,0.00,0.00,0.00,0.00,0.00,0.00,0.00,0.00,0.00,1.33,0.00,3.00,0.00,1.67,0.00,0.00,0.00,2.67,0.00,0.00,21.01,81.99,1.42,16.59,8.36,-0.67,0.213,,,,,
681,WellA_Carboniferous,4143.48,Upper Carboniferous,54.33,0.00,0.33,0.00,0.00,0.00,0.00,0.00,0.00,0.33,0.00,0.67,0.67,1.33,0.00,0.00,0.00,0.00,0.00,0.33,0.00,2.00,0.00,0.00,0.00,0.00,0.00,0.00,0.33,0.00,0.00,0.00,0.00,0.00,0.00,0.00,0.00,0.00,0.00,0.00,0.00,0.00,0.00,0.00,0.00,0.00,0.00,0.00,0.00,0.00,0.00,0.00,0.00,0.00,0.00,0.00,0.00,0.00,0.00,4.67,0.00,0.00,0.00,0.00,0.00,0.00,0.33,0.00,18.00,0.00,0.00,0.00,4.33,4.67,0.00,0.00,0.00,0.00,0.00,0.00,0.00,0.00,0.00,0.00,0.67,0.00,0.00,0.00,0.00,0.00,0.00,0.00,0.00,0.00,0.00,0.00,0.00,0.00,0.00,0.00,0.00,6.00,0.00,0.67,0.00,0.00,0.00,0.33,0.00,0.00,33.33,91.67,0.00,8.33,6.06,-0.87,0.136,,,,,
682,WellA_Carboniferous,4145.68,Upper Carboniferous,59.67,0.00,0.00,0.00,0.00,0.33,0.00,0.00,0.00,0.00,0.00,2.00,0.33,1.00,0.00,0.00,0.00,0.00,0.33,0.67,0.00,1.67,0.00,0.00,0.67,0.00,0.00,0.00,0.00,0.00,0.00,0.00,0.00,0.00,0.00,0.00,0.00,0.00,0.00,0.00,0.00,0.00,0.00,0.00,0.00,0.00,0.00,0.00,0.00,0.00,0.00,0.00,0.00,0.00,0.00,0.00,0.00,0.00,0.00,0.67,0.00,0.00,0.00,0.00,0.00,0.00,6.67,0.00,9.00,0.00,0.00,0.00,4.67,11.00,0.00,0.00,0.00,0.00,0.00,0.00,0.00,0.00,0.00,0.00,0.00,0.00,0.00,0.00,0.00,0.00,0.00,0.00,0.00,0.00,0.00,0.00,0.00,0.00,0.00,0.33,0.00,1.00,0.00,0.00,0.00,0.00,0.00,0.00,0.00,0.00,32.00,90.91,1.01,8.08,4.68,-0.71,0.194,,,,,
683,WellA_Carboniferous,4353.18,Upper Carboniferous,53.67,0.00,0.00,0.00,0.00,0.67,0.00,0.00,1.00,0.33,0.00,0.67,2.00,5.00,0.00,0.00,0.00,0.00,1.00,0.63,0.00,7.33,0.00,0.00,0.67,0.00,0.00,0.33,0.00,0.00,0.00,0.00,0.00,0.00,0.00,0.00,0.00,0.00,0.00,0.00,0.00,0.00,0.00,0.00,0.00,0.00,0.00,0.00,0.00,0.00,0.00,0.00,0.00,0.00,0.00,0.00,0.00,0.00,0.00,5.00,0.00,0.00,0.00,0.00,0.00,0.00,0.00,0.00,9.00,0.00,0.00,0.00,0.00,0.00,0.00,0.00,0.00,0.00,0.00,0.00,0.33,0.33,0.00,0.33,1.33,0.00,0.00,0.00,0.00,0.00,0.00,0.00,0.00,0.00,0.00,0.00,0.00,0.00,0.00,3.33,0.00,3.00,0.00,0.33,0.00,0.00,0.00,3.67,0.00,0.00,16.33,76.99,2.31,20.70,7.55,-0.64,0.230,,,,,
684,WellA_Carboniferous,4353.92,Upper Carboniferous,61.33,0.00,0.00,0.00,0.00,0.00,0.00,0.00,0.33,1.00,0.00,1.00,2.00,0.33,0.00,0.00,0.00,0.00,0.67,1.00,0.00,2.00,0.00,0.00,0.33,0.00,0.00,0.33,0.00,0.00,0.00,0.00,0.00,0.00,0.00,0.00,0.00,0.00,0.00,0.00,0.00,0.00,0.00,0.00,0.00,0.00,0.00,0.00,0.00,0.00,0.00,0.00,0.00,0.00,0.00,0.00,0.00,0.00,0.00,8.00,0.00,0.00,0.00,0.00,0.00,0.00,0.00,0.00,9.00,0.00,0.00,0.00,0.00,0.00,0.00,0.00,0.00,0.00,0.00,0.00,0.67,1.67,0.00,0.00,0.67,0.00,0.00,0.00,0.00,0.00,0.00,0.33,0.00,0.00,0.00,0.00,0.00,0.00,0.00,2.00,0.00,5.00,0.00,0.00,0.00,0.00,0.00,2.33,0.00,0.00,18.33,90.91,0.96,8.13,6.78,-0.49,0.322,,,,,
685,WellA_Carboniferous,4359.13,Upper Carboniferous,60.00,0.00,0.00,0.00,0.00,0.00,0.00,0.00,0.67,0.33,0.00,0.33,1.00,1.00,0.00,0.00,0.00,0.00,0.67,0.33,0.00,1.00,0.00,0.00,0.00,0.00,0.00,0.00,0.00,0.00,0.00,0.00,0.00,0.00,0.00,0.00,0.00,0.00,0.00,0.00,0.00,0.00,0.00,0.00,0.00,0.00,0.00,0.00,0.00,0.00,0.00,0.00,0.00,0.00,0.00,0.00,0.00,0.00,0.00,8.00,0.00,0.00,0.00,0.00,0.00,0.00,0.00,0.00,19.67,0.00,0.00,0.00,0.00,0.00,0.00,0.00,0.00,0.00,0.00,0.00,0.00,1.00,0.00,0.00,1.33,0.00,0.00,0.00,0.00,0.00,0.00,0.33,0.00,0.00,0.00,0.00,0.00,0.00,0.00,1.33,0.00,3.00,0.00,0.00,0.00,0.00,0.00,0.00,0.00,0.00,29.00,93.37,1.02,5.61,1.77,-1.23,0.058,,,,,
686,WellA_Carboniferous,4359.85,Upper Carboniferous,55.33,0.00,0.00,0.00,0.00,0.00,0.00,0.00,0.67,0.00,0.33,0.67,2.00,1.67,0.00,0.00,0.00,0.00,1.00,0.33,0.00,3.00,0.00,0.00,1.00,0.00,0.00,0.00,0.00,0.00,0.00,0.00,0.00,0.00,0.00,0.00,0.00,0.00,0.00,0.00,0.00,0.00,0.00,0.00,0.00,0.00,0.00,0.00,0.00,0.00,0.00,0.00,0.00,0.00,0.00,0.00,0.00,0.00,0.00,16.00,0.00,0.00,0.00,0.00,0.00,0.00,0.00,0.00,11.66,0.33,0.00,0.00,0.00,0.33,0.00,0.00,0.00,0.00,0.00,0.00,0.00,0.33,0.00,0.00,1.67,0.00,0.00,0.00,0.00,0.00,0.00,0.00,0.00,0.00,0.00,0.00,0.00,0.00,0.00,0.67,0.00,3.00,0.00,0.00,0.00,0.00,0.00,0.00,0.00,0.00,30.00,88.21,1.54,10.26,1.78,-1.34,0.045,,,,,
687,WellA_Carboniferous,4366.56,Upper Carboniferous,49.33,0.00,0.00,0.00,0.00,0.33,0.00,0.00,0.33,1.33,0.00,1.67,1.67,8.33,0.00,0.00,0.00,0.00,0.00,0.33,0.00,6.00,0.00,0.00,1.00,0.00,0.00,0.00,0.00,0.00,0.00,0.00,0.00,0.00,0.00,0.00,0.00,0.00,0.00,0.00,0.00,0.00,0.00,0.00,0.00,0.00,0.00,0.00,0.00,0.00,0.00,0.00,0.00,0.00,0.00,0.00,0.00,0.00,0.00,12.33,0.00,0.00,0.00,0.00,0.00,0.00,0.00,0.00,9.33,0.00,0.00,0.00,0.00,0.33,0.00,0.00,0.00,0.00,0.00,0.00,0.33,0.67,0.00,0.33,2.67,0.00,0.00,0.00,0.00,0.00,0.00,0.33,0.00,0.00,0.00,0.00,0.00,0.00,0.00,2.00,0.00,1.33,0.00,0.00,0.00,0.00,0.00,0.00,0.00,0.00,25.33,73.56,0.48,25.96,2.75,-1.00,0.100,,,,,
688,WellA_Carboniferous,4367.44,Upper Carboniferous,52.33,0.00,0.00,0.00,0.00,1.00,0.00,0.00,0.33,0.67,0.00,3.67,2.67,6.00,0.00,0.00,0.00,0.00,0.67,0.00,0.00,2.33,0.00,0.00,1.67,0.00,0.00,0.00,0.00,0.00,0.00,0.00,0.00,0.00,0.00,0.00,0.00,0.00,0.00,0.00,0.00,0.00,0.00,0.00,0.00,0.00,0.00,0.00,0.00,0.00,0.00,0.00,0.00,0.00,0.00,0.00,0.00,0.00,0.00,10.67,0.00,0.00,0.00,0.00,0.00,0.00,0.00,0.00,7.67,0.00,0.00,0.00,0.00,0.00,0.00,0.00,0.00,0.00,0.00,0.00,0.67,1.33,0.00,0.00,3.00,0.00,0.00,0.00,0.00,0.00,0.00,0.67,0.00,0.00,0.00,0.00,0.00,0.00,0.00,2.00,0.00,2.00,0.00,0.33,0.00,0.00,0.00,0.33,0.00,0.00,22.33,78.95,2.39,18.66,2.59,-1.59,0.026,,,,,
689,WellA_Carboniferous,4368.95,Upper Carboniferous,53.00,0.00,0.00,0.00,0.00,0.33,0.00,0.00,0.33,0.33,0.00,1.33,4.00,4.33,0.00,0.00,0.00,0.00,0.67,0.33,0.00,3.67,0.00,0.00,0.33,0.00,0.00,0.00,0.00,0.00,0.00,0.00,0.00,0.00,0.00,0.00,0.00,0.00,0.00,0.00,0.00,0.00,0.00,0.00,0.00,0.00,0.00,0.00,0.00,0.00,0.00,0.00,0.00,0.00,0.00,0.00,0.00,0.00,0.00,4.67,0.00,0.00,0.00,0.00,0.00,0.00,0.00,0.00,10.66,0.33,0.00,0.00,1.00,0.33,0.00,0.00,0.00,0.00,0.00,0.00,1.00,1.00,0.00,0.33,0.33,0.00,0.00,0.00,0.00,0.00,0.00,0.00,0.00,0.00,0.00,0.00,0.00,0.00,0.00,2.33,0.00,5.33,0.00,1.00,0.00,0.00,0.00,3.00,0.00,0.00,19.66,83.41,1.46,15.12,7.26,-0.90,0.126,,,,,
690,WellA_Carboniferous,4370.73,Upper Carboniferous,56.00,0.00,0.33,0.00,0.00,0.00,0.00,0.00,0.67,0.67,0.00,1.67,0.33,4.33,0.00,0.00,0.00,0.00,0.33,0.33,0.00,5.00,0.00,0.00,1.00,0.00,0.00,0.00,0.00,0.00,0.00,0.00,0.00,0.00,0.00,0.00,0.00,0.00,0.00,0.00,0.00,0.00,0.00,0.00,0.00,0.00,0.00,0.00,0.00,0.00,0.00,0.00,0.00,0.00,0.00,0.00,0.00,0.00,0.00,11.00,0.00,0.00,0.00,0.00,0.00,0.00,0.00,0.00,7.66,0.00,0.00,0.00,0.00,0.00,0.00,0.00,0.00,0.00,0.00,0.00,0.33,1.00,0.00,0.33,1.33,0.00,0.00,0.00,0.00,0.00,0.00,0.00,0.00,0.00,0.00,0.00,0.00,0.00,0.00,2.00,0.00,4.00,0.00,0.33,0.00,0.00,0.00,1.33,0.00,0.00,21.00,80.86,0.48,18.66,5.99,-1.05,0.088,,,,,
691,WellA_Carboniferous,4373.83,Upper Carboniferous,59.00,0.00,0.00,0.00,0.00,0.00,0.00,0.00,0.33,1.00,0.00,2.00,1.00,1.00,0.00,0.00,0.00,0.00,0.00,0.67,0.00,4.67,0.00,0.00,1.00,0.00,0.00,0.33,0.00,0.00,0.00,0.00,0.00,0.00,0.00,0.00,0.00,0.00,0.00,0.00,0.00,0.00,0.33,0.00,0.00,0.00,0.00,0.00,0.00,0.00,0.00,0.00,0.00,0.00,0.00,0.33,0.00,0.00,0.00,6.67,0.00,0.00,0.00,0.00,0.00,0.00,0.00,0.00,9.66,0.00,0.00,0.00,0.00,0.00,0.00,0.00,0.00,0.00,0.00,0.00,2.33,0.67,0.00,0.00,1.67,0.00,0.00,0.00,0.00,0.00,0.00,0.00,0.00,0.00,0.00,0.00,0.00,0.00,0.00,3.00,0.00,2.00,0.00,0.67,0.00,0.00,0.00,1.67,0.00,0.00,21.33,86.12,0.00,13.88,8.29,-0.44,0.363,,,,,
692,WellA_Carboniferous,4374.30,Upper Carboniferous,49.67,0.00,0.33,0.00,0.00,0.33,0.00,0.00,0.33,0.67,0.33,2.00,3.67,3.00,0.00,0.00,0.00,0.00,2.00,1.00,0.00,6.00,0.00,0.00,2.33,0.00,0.00,0.33,0.33,0.00,0.00,0.00,0.00,0.00,0.00,0.00,0.00,0.00,0.00,0.00,0.00,0.00,0.00,0.00,0.00,0.00,0.00,0.00,0.00,0.00,0.00,0.00,0.00,0.00,0.00,0.00,0.00,0.00,0.00,4.67,0.00,0.00,0.00,0.00,0.00,0.00,0.00,0.00,10.33,0.00,0.00,0.00,0.00,0.00,0.00,0.00,0.00,0.00,0.00,0.00,1.00,0.00,0.00,0.67,1.33,0.00,0.00,0.00,0.00,0.00,0.00,0.67,0.00,0.00,0.00,0.00,0.00,0.00,0.00,2.67,0.00,4.67,0.00,0.67,0.00,0.00,0.00,1.00,0.00,0.00,18.67,76.92,3.37,19.71,8.49,-0.70,0.202,,,,,
693,WellA_Carboniferous,4377.19,Upper Carboniferous,56.67,0.00,0.00,0.00,0.00,0.33,0.00,0.00,0.33,0.67,0.00,0.67,0.67,1.00,0.00,0.00,0.00,0.00,0.33,0.00,0.00,2.33,0.00,0.00,0.67,0.00,0.00,0.00,0.00,0.00,0.00,0.00,0.00,0.00,0.00,0.00,0.00,0.00,0.00,0.00,0.00,0.00,0.00,0.00,0.00,0.00,0.00,0.00,0.00,0.00,0.00,0.00,0.00,0.00,0.00,0.00,0.00,0.00,0.00,8.33,0.00,0.00,0.00,0.00,0.00,0.00,0.00,0.00,11.67,0.00,0.00,0.00,0.00,0.00,0.00,0.00,0.00,0.00,0.00,0.00,0.33,1.00,0.00,0.00,1.33,0.00,0.00,0.00,0.00,0.00,0.00,0.00,0.00,0.00,0.00,0.00,0.00,0.00,0.00,3.00,0.00,7.00,0.00,1.00,0.00,0.00,0.00,2.67,0.00,0.00,22.67,91.01,1.06,7.94,8.27,-0.47,0.340,,,,,
694,WellA_Rotliegendes,5469.08,Rotliegend,59.67,0.00,0.33,0.00,0.00,4.67,0.00,0.00,0.00,1.33,0.00,1.67,3.33,0.00,0.00,0.00,0.00,0.00,3.00,4.67,0.00,0.00,0.00,0.00,0.00,0.00,0.00,0.00,0.00,0.00,0.00,0.00,0.00,0.00,0.00,0.00,0.00,0.00,0.00,0.00,0.00,0.00,0.00,0.00,0.00,0.00,0.00,0.00,0.00,0.00,0.00,0.00,0.00,0.00,0.00,2.00,0.00,0.00,0.00,0.00,0.00,0.00,0.00,0.00,0.00,0.00,0.67,0.00,5.33,0.00,0.00,0.00,0.00,0.33,0.00,0.00,0.00,0.00,0.00,0.00,0.00,2.67,0.00,0.67,0.00,0.00,0.00,0.00,0.00,0.00,0.00,0.00,0.00,0.00,0.00,0.00,0.00,0.00,0.00,0.67,0.00,0.00,0.00,8.00,0.00,0.00,0.00,1.00,0.00,0.00,17.00,80.08,9.75,10.17,,,,,,,,
695,WellA_Rotliegendes,5470.29,Rotliegend,61.67,0.00,0.00,0.00,0.00,6.00,0.00,0.00,0.33,0.33,0.33,1.33,1.67,1.00,0.00,0.00,0.00,0.00,3.00,5.67,0.00,0.00,0.00,0.00,0.00,0.00,0.00,0.33,0.00,0.00,0.00,0.00,0.00,0.00,0.00,0.00,0.00,0.00,0.00,0.00,0.00,0.00,0.00,0.00,0.00,0.00,0.00,0.00,1.00,0.00,0.00,0.00,0.00,0.00,0.00,7.00,0.00,0.00,0.00,0.00,0.00,0.00,0.00,0.00,0.00,0.00,0.00,0.00,3.00,0.00,0.00,0.00,0.00,0.33,0.00,0.00,0.00,0.00,0.00,0.00,0.00,2.00,0.00,3.67,0.00,0.00,0.00,0.00,0.00,0.00,0.00,0.00,0.00,0.00,0.00,0.00,0.00,0.00,0.00,0.00,0.00,0.00,0.00,1.00,0.00,0.00,0.00,0.33,0.00,0.00,15.00,77.87,11.07,11.07,3.60,0.35,2.257,,,,,
696,WellA_Rotliegendes,5471.16,Rotliegend,53.33,0.00,0.33,0.00,0.00,7.67,0.00,0.00,0.00,0.33,0.67,0.33,0.67,0.00,0.00,0.00,0.00,0.00,4.67,6.67,0.00,0.00,0.00,0.00,0.00,0.00,0.00,0.33,0.00,0.00,0.00,0.00,0.00,0.00,0.00,0.00,0.00,0.00,0.00,0.00,0.00,0.00,0.00,0.00,0.00,0.00,0.00,0.00,0.00,0.00,0.00,0.00,0.00,0.00,0.00,0.33,0.00,0.00,0.00,0.00,0.00,0.00,0.00,0.00,0.33,0.00,5.00,0.00,7.33,0.00,0.00,0.00,0.00,0.00,0.00,0.00,0.00,0.00,0.00,0.00,0.00,3.00,0.00,1.67,0.00,0.00,0.00,0.00,0.00,0.00,0.00,0.00,0.00,0.00,0.00,0.00,0.00,0.00,0.00,0.33,0.33,0.00,0.00,6.00,0.00,0.00,0.00,0.67,0.00,0.00,20.67,72.32,16.52,11.16,,,,,,,,
697,WellA_Rotliegendes,5472.93,Rotliegend,58.67,0.00,0.00,0.00,0.00,8.00,0.33,0.00,0.33,0.67,0.00,1.00,1.67,0.33,0.00,0.00,0.00,0.00,3.00,6.33,0.00,0.00,0.00,0.00,0.00,0.00,0.00,0.67,0.00,0.00,0.00,0.00,0.00,0.00,0.00,0.00,0.00,0.00,0.00,0.00,0.00,0.00,0.00,0.00,0.00,0.00,0.00,0.00,0.67,0.00,0.00,0.00,0.00,0.00,0.00,2.00,0.00,0.00,0.00,0.00,0.00,0.00,0.00,0.00,0.33,0.00,0.00,0.33,3.00,0.00,0.00,0.00,0.00,0.00,0.00,0.00,0.00,0.00,0.00,0.00,0.00,2.67,0.00,3.33,0.00,0.00,0.00,0.00,0.00,0.00,0.00,0.00,0.00,0.00,0.00,0.00,0.00,0.00,0.00,0.67,0.00,0.00,0.00,5.33,0.00,0.00,0.00,0.67,0.00,0.00,14.33,75.10,14.11,10.79,7.70,2.02,105.518,,,,,
698,WellA_Rotliegendes,5493.91,Rotliegend,55.33,0.00,0.33,0.00,0.00,3.67,0.33,0.00,0.33,0.67,1.00,0.00,1.67,0.33,0.00,0.00,0.00,0.00,9.00,6.33,0.00,0.00,0.00,0.00,0.00,0.00,0.00,0.00,0.00,0.00,0.00,0.00,0.00,0.00,0.00,0.00,0.00,0.00,0.00,0.00,0.00,0.00,0.00,0.00,0.00,0.00,0.00,0.00,0.67,0.00,0.00,0.00,0.00,0.00,0.00,4.00,0.00,0.00,0.00,0.00,0.00,0.00,0.00,0.33,3.00,0.00,0.33,0.00,2.33,0.00,0.00,0.00,0.00,0.00,0.00,0.00,0.00,0.00,0.00,0.00,0.00,2.67,0.00,1.00,0.00,0.00,0.00,0.00,0.00,0.00,0.33,0.00,0.00,0.00,0.00,0.00,0.00,0.00,0.00,0.67,0.33,0.00,0.00,4.33,0.00,0.00,0.00,1.00,0.00,0.00,15.33,72.15,16.46,11.39,6.80,1.21,16.344,,,,,
699,WellA_Rotliegendes,5474.81,Rotliegend,58.67,0.00,0.00,0.00,0.00,5.67,0.33,0.00,0.00,0.00,0.33,0.33,1.67,1.00,0.00,0.00,0.00,0.00,5.33,7.33,0.00,0.00,0.00,0.00,0.67,0.00,0.00,0.33,0.00,0.00,0.00,0.00,0.00,0.00,0.00,0.00,0.00,0.00,0.00,0.00,0.00,0.00,0.00,0.00,0.00,0.00,0.00,0.00,0.00,0.00,0.00,0.00,0.00,0.00,0.00,0.00,0.00,0.00,0.00,0.00,0.00,0.00,0.00,0.00,0.33,0.00,0.00,0.00,1.33,0.33,0.00,0.00,0.00,0.00,0.00,0.00,0.00,0.00,0.00,0.00,0.33,4.33,0.00,4.00,0.00,0.00,0.00,0.00,0.00,0.00,0.00,0.00,0.00,0.00,0.00,0.00,0.00,0.00,0.00,1.33,0.00,0.00,0.00,5.67,0.00,0.00,0.00,0.67,0.00,0.00,12.00,74.79,14.05,11.16,,,,,,,,
700,WellA_Rotliegendes,5475.66,Rotliegend,57.00,0.00,0.67,0.00,0.00,8.00,0.33,0.00,0.33,0.33,0.67,1.00,1.33,0.33,0.00,0.00,0.00,0.00,4.00,4.67,0.00,0.00,0.00,0.00,0.00,0.00,0.00,0.33,0.00,0.00,0.00,0.00,0.00,0.00,0.00,0.00,0.00,0.00,0.00,0.00,0.00,0.00,0.00,0.00,0.00,0.00,0.00,0.00,0.33,0.00,0.00,0.00,0.00,0.00,0.00,0.00,0.00,0.00,0.00,0.00,0.00,0.00,0.00,0.00,1.33,0.00,0.00,0.33,3.33,0.00,0.00,0.00,0.00,0.00,0.00,0.00,0.00,0.00,0.00,0.00,0.67,3.67,0.00,2.67,0.00,0.00,0.00,0.00,0.00,0.00,0.33,0.00,0.00,0.00,0.00,0.00,0.00,0.00,0.00,0.33,0.00,0.00,0.00,7.33,0.00,0.00,0.00,0.67,0.00,0.00,15.67,74.15,15.68,10.17,,,,,,,,
701,WellA_Rotliegendes,5476.88,Rotliegend,59.67,0.00,0.00,0.00,0.00,7.33,0.00,0.00,0.00,0.33,0.33,0.33,2.00,0.67,0.00,0.00,0.00,0.00,3.00,5.67,0.00,0.00,0.00,0.00,0.00,0.00,0.00,0.00,0.00,0.00,0.00,0.00,0.00,0.00,0.00,0.00,0.00,0.00,0.00,0.00,0.00,0.00,0.00,0.00,0.00,0.00,0.00,0.00,0.00,0.00,0.00,0.00,0.00,0.00,0.00,0.00,0.00,0.00,0.00,0.00,0.00,0.00,0.00,0.00,0.00,0.00,0.00,0.00,3.00,0.00,0.00,0.00,0.00,0.00,0.00,0.00,0.00,0.00,0.00,0.00,0.33,3.00,0.00,3.33,0.00,0.00,0.00,0.00,0.00,0.00,0.00,0.00,0.00,0.00,0.00,0.00,0.00,0.00,0.00,0.67,0.00,0.00,0.00,9.33,0.00,0.00,0.00,1.00,0.00,0.00,16.00,77.73,13.03,9.24,,,,,,,,
702,WellA_Rotliegendes,5490.08,Rotliegend,59.00,0.00,0.00,0.00,0.00,7.33,0.00,0.00,0.00,0.33,0.67,0.00,1.00,0.67,0.00,0.00,0.00,0.00,7.67,9.00,0.00,0.00,0.00,0.00,0.00,0.00,0.00,0.33,0.00,0.00,0.00,0.00,0.00,0.00,0.00,0.00,0.00,0.00,0.00,0.00,0.00,0.00,0.00,0.00,0.00,0.00,0.00,0.00,0.00,0.00,0.00,0.00,0.00,0.00,0.00,1.00,0.00,0.00,0.00,0.00,0.00,0.00,0.00,0.00,0.33,0.00,0.00,0.00,3.67,0.00,0.00,0.00,0.00,0.00,0.00,0.00,0.00,0.00,0.00,0.00,1.00,2.67,0.00,0.33,0.00,0.00,0.00,0.00,0.00,0.00,0.00,0.00,0.00,0.00,0.00,0.00,0.00,0.00,0.00,0.00,0.00,0.00,0.00,4.67,0.00,0.00,0.00,0.33,0.00,0.00,11.00,70.04,17.51,12.45,9.30,1.52,32.927,,,,,
703,WellA_Rotliegendes,5490.88,Rotliegend,53.67,0.00,0.33,0.00,0.00,7.33,0.00,0.00,0.00,0.00,0.33,0.00,2.00,0.00,0.00,0.00,0.00,0.00,10.33,12.00,0.00,0.00,0.00,0.00,0.00,0.00,0.00,0.00,0.00,0.00,0.00,0.00,0.00,0.00,0.00,0.00,0.00,0.00,0.00,0.00,0.00,0.00,0.00,0.00,0.00,0.00,0.00,0.00,0.00,0.00,0.00,0.00,0.00,0.00,0.00,0.33,0.00,0.00,0.00,0.00,0.00,0.00,0.00,0.00,0.00,0.00,0.00,0.00,3.00,0.67,0.00,0.00,0.00,0.00,0.00,0.00,0.00,0.00,0.00,0.00,0.67,5.00,0.00,1.00,0.00,0.00,0.00,0.00,0.00,0.00,0.00,0.00,0.00,0.00,0.00,0.00,0.00,0.00,0.00,0.33,0.00,0.00,0.00,2.00,0.00,0.00,0.00,1.00,0.00,0.00,7.67,64.73,20.54,14.73,6.00,0.24,1.747,,,,,
704,WellA_Rotliegendes,5492.08,Rotliegend,57.67,0.00,0.67,0.00,0.00,7.00,0.00,0.00,0.00,0.33,1.00,0.67,1.67,0.67,0.00,0.00,0.00,0.00,6.00,6.33,0.00,0.00,0.00,0.00,0.00,0.00,0.00,0.00,0.00,0.00,0.00,0.00,0.00,0.00,0.00,0.00,0.00,0.00,0.00,0.00,0.00,0.00,0.00,0.00,0.00,0.00,0.00,0.00,0.00,0.00,0.00,0.00,0.00,0.00,0.00,3.33,0.00,0.00,0.00,0.00,0.00,0.00,0.00,0.00,0.33,0.00,0.00,0.00,3.67,0.00,0.00,0.00,0.00,0.00,0.00,0.00,0.00,0.00,0.00,0.00,0.00,4.33,0.00,2.33,0.00,0.00,0.00,0.00,0.00,0.00,0.00,0.00,0.00,0.00,0.00,0.00,0.00,0.00,0.00,0.33,0.00,0.00,0.00,3.00,0.00,0.00,0.00,0.67,0.00,0.00,12.67,72.36,15.85,11.79,7.10,0.48,3.024,,,,,
705,WellA_Rotliegendes,5493.64,Rotliegend,50.67,0.00,0.67,0.00,0.00,8.67,0.00,0.00,0.00,0.33,0.33,0.00,2.00,0.00,0.00,0.00,0.00,0.00,6.67,11.67,0.00,0.00,0.00,0.00,0.00,0.00,0.00,0.00,0.00,0.00,0.00,0.00,0.00,0.00,0.00,0.00,0.00,0.00,0.00,0.00,0.00,0.00,0.00,0.00,0.00,0.00,0.00,0.00,0.00,0.00,0.00,0.00,0.00,0.00,0.00,1.00,0.00,0.00,0.00,0.00,0.00,0.00,0.00,0.00,0.00,0.00,0.00,0.00,5.67,0.00,0.00,0.00,0.00,0.00,0.00,0.00,0.00,0.00,0.00,0.00,0.67,6.33,0.00,0.67,0.33,0.00,0.00,0.00,0.00,0.00,0.00,0.00,0.00,0.00,0.00,0.00,0.00,0.00,0.00,0.33,0.00,0.00,0.00,3.00,0.00,0.00,0.00,1.00,0.00,0.00,11.33,65.02,18.93,16.05,6.90,0.24,1.753,,,,,
706,WellA_Rotliegendes,5495.10,Rotliegend,61.33,0.00,0.00,0.00,0.00,6.67,0.00,0.00,0.00,0.00,1.00,0.33,1.33,0.33,0.00,0.00,0.00,0.00,5.00,6.33,0.00,0.00,0.00,0.00,0.00,0.00,0.00,0.33,0.00,0.00,0.00,0.00,0.00,0.00,0.00,0.00,0.00,0.00,0.00,0.00,0.00,0.00,0.00,0.00,0.00,0.00,0.00,0.00,0.00,0.00,0.00,0.00,0.00,0.00,0.00,1.67,0.00,0.00,0.00,0.00,0.00,0.00,0.00,0.00,0.33,0.00,0.00,0.00,4.00,0.00,0.00,0.00,0.00,0.00,0.00,0.00,0.00,0.00,0.00,0.00,0.33,2.67,0.00,2.33,0.00,0.00,0.00,0.00,0.00,0.00,0.00,0.00,0.00,0.00,0.00,0.00,0.00,0.00,0.00,0.67,0.00,0.00,0.00,5.00,0.00,0.00,0.00,0.33,0.00,0.00,13.67,76.11,14.17,9.72,8.00,0.92,8.242,,,,,
707,WellA_Rotliegendes,5496.90,Rotliegend,63.67,0.00,0.00,0.00,0.00,6.00,0.00,0.00,0.00,0.00,1.00,0.00,0.33,0.33,0.00,0.00,0.00,0.00,3.00,6.00,0.00,0.00,0.00,0.00,0.00,0.00,0.00,0.00,0.00,0.00,0.00,0.00,0.00,0.00,0.00,0.00,0.00,0.00,0.00,0.00,0.00,0.00,0.00,0.00,0.00,0.00,0.00,0.00,0.00,0.00,0.00,0.00,0.00,0.00,0.00,1.67,0.00,0.00,0.00,0.00,0.00,0.00,0.00,0.00,0.33,0.00,0.00,0.00,2.33,0.00,0.00,0.00,0.00,0.00,0.00,0.00,0.00,0.00,0.00,0.00,0.00,7.33,0.00,4.00,0.33,0.00,0.00,0.00,0.00,0.00,0.00,0.00,0.00,0.00,0.00,0.00,0.00,0.00,0.00,0.67,0.00,0.00,0.00,3.00,0.00,0.00,0.00,0.33,0.00,0.00,11.67,79.67,11.20,9.13,6.00,0.23,1.686,,,,,
708,WellA_Rotliegendes,5498.07,Rotliegend,61.67,0.00,0.00,0.00,0.00,9.67,0.00,0.00,0.33,0.00,0.00,0.33,1.67,0.67,0.00,0.00,0.00,0.00,2.67,4.00,0.00,0.00,0.00,0.00,0.00,0.00,0.00,0.00,0.00,0.00,0.00,0.00,0.00,0.00,0.00,0.00,0.00,0.00,0.00,0.00,0.00,0.00,0.00,0.00,0.00,0.00,0.00,0.00,0.00,0.00,0.00,0.00,0.00,0.00,0.00,2.33,0.00,0.00,0.00,0.00,0.00,0.00,0.00,0.33,1.33,0.00,0.00,0.33,6.33,0.00,0.00,0.00,0.00,0.00,0.00,0.00,0.00,0.00,0.00,0.00,0.00,3.00,0.00,2.33,0.33,0.00,0.00,0.00,0.00,0.00,0.00,0.00,0.00,0.00,0.00,0.00,0.00,0.00,0.00,0.67,0.00,0.33,0.00,0.67,0.00,0.00,0.00,1.00,0.00,0.00,14.00,78.19,15.23,6.58,,,,,,,,
709,WellA_Rotliegendes,5499.82,Rotliegend,72.00,0.00,0.00,0.00,0.00,7.67,0.00,0.00,0.00,0.00,0.00,0.67,1.33,0.33,0.00,0.00,0.00,0.00,1.33,3.67,0.00,0.00,0.00,0.00,0.00,0.00,0.00,0.33,0.00,0.00,0.00,0.00,0.00,0.00,0.00,0.00,0.00,0.00,0.00,0.00,0.00,0.00,0.00,0.00,0.00,0.00,0.00,0.00,0.00,0.00,0.00,0.00,0.00,0.00,0.00,0.00,0.00,0.00,0.00,0.00,0.00,0.00,0.00,0.00,0.00,0.00,0.00,0.33,8.33,0.00,0.00,0.00,0.00,0.00,0.00,0.00,0.00,0.00,0.00,0.00,0.00,2.00,0.00,1.67,0.00,0.00,0.00,0.00,0.00,0.00,0.00,0.00,0.00,0.00,0.00,0.00,0.00,0.00,0.00,0.00,0.00,0.00,0.00,0.00,0.00,0.00,0.00,0.33,0.00,0.00,10.33,84.29,10.34,5.36,2.60,-0.44,0.359,,,,,
710,WellA_Rotliegendes,5501.06,Rotliegend,49.33,0.00,0.67,0.00,0.00,4.67,0.00,0.00,0.00,0.00,1.00,0.00,2.67,0.67,0.00,0.00,0.00,0.00,12.67,13.33,0.00,0.00,0.00,0.00,0.00,0.00,0.00,0.00,0.00,0.00,0.00,0.00,0.00,0.00,0.00,0.00,0.00,0.00,0.00,0.00,0.00,0.00,0.00,0.00,0.00,0.00,0.00,0.00,0.67,0.00,0.00,0.00,0.00,0.00,0.00,4.33,0.00,0.00,0.00,0.00,0.00,0.00,0.00,0.00,1.67,0.00,0.00,0.00,1.00,0.00,0.00,0.00,0.00,0.00,0.00,0.00,0.00,0.00,0.00,0.00,0.00,4.67,0.00,1.33,0.00,0.00,0.00,0.00,0.00,0.00,0.33,0.00,0.00,0.00,0.00,0.00,0.00,0.00,0.00,0.33,0.33,0.00,0.00,0.00,0.00,0.00,0.00,0.33,0.00,0.00,8.33,61.18,20.39,18.43,3.30,-0.76,0.172,,,,,
711,WellA_Rotliegendes,5504.05,Rotliegend,61.33,0.00,0.00,0.00,0.00,9.00,0.00,0.00,0.00,0.33,0.67,0.67,1.33,0.00,0.00,0.00,0.00,0.00,1.33,2.33,0.00,0.00,0.00,0.00,0.00,0.00,0.00,0.00,0.00,0.00,0.00,0.00,0.00,0.00,0.00,0.00,0.00,0.00,0.00,0.00,0.00,0.00,0.00,0.00,0.00,0.00,0.00,0.00,0.00,0.00,0.00,0.00,0.00,0.00,0.00,0.67,0.00,0.00,0.00,0.00,0.00,0.00,0.00,0.00,0.00,0.00,0.00,0.00,8.67,0.00,0.00,0.00,0.00,0.00,0.00,0.00,0.00,0.00,0.00,0.00,0.00,4.67,0.00,3.33,0.00,0.00,0.00,0.00,0.00,0.00,0.00,0.00,0.00,0.00,0.00,0.00,0.00,0.00,0.00,0.67,0.00,0.00,0.00,4.67,0.00,0.00,0.00,0.33,0.00,0.00,17.33,81.39,13.42,5.19,6.10,-0.02,0.963,,,,,
712,WellA_Rotliegendes,5505.84,Rotliegend,58.67,0.00,0.00,0.00,0.00,8.33,0.00,0.00,0.00,0.00,1.33,0.00,1.00,0.33,0.00,0.00,0.00,0.00,4.00,6.33,0.00,0.00,0.00,0.00,0.33,0.00,0.00,0.33,0.00,0.00,0.00,0.00,0.00,0.00,0.00,0.00,0.00,0.00,0.00,0.00,0.00,0.00,0.00,0.00,0.00,0.00,0.00,0.00,1.00,0.00,0.00,0.00,0.00,0.00,0.00,4.00,0.00,0.00,0.00,0.00,0.00,0.00,0.00,0.00,0.00,0.00,0.00,0.00,4.33,0.00,0.00,0.00,0.00,0.00,0.00,0.00,0.00,0.00,0.00,0.00,0.00,4.33,0.00,3.00,0.00,0.00,0.00,0.00,0.00,0.00,0.00,0.00,0.00,0.00,0.00,0.00,0.00,0.00,0.00,0.00,0.00,0.00,0.00,2.67,0.00,0.00,0.00,0.00,0.00,0.00,14.00,74.58,15.42,10.00,5.10,-0.50,0.315,,,,,
713,WellA_Rotliegendes,5507.01,Rotliegend,56.00,0.00,0.00,0.00,0.00,7.33,0.00,0.00,0.00,0.00,0.00,0.00,0.67,0.33,0.00,0.00,0.00,0.00,4.00,6.00,0.00,0.00,0.00,0.00,0.00,0.00,0.00,0.33,0.00,0.00,0.00,0.00,0.00,0.00,0.00,0.00,0.00,0.00,0.00,0.00,0.00,0.00,0.00,0.00,0.00,0.00,0.00,0.00,3.67,0.00,0.00,0.00,0.00,0.00,0.00,2.33,0.00,0.00,0.00,0.00,0.00,0.00,0.00,0.00,0.33,0.00,0.00,0.00,7.00,0.00,0.00,0.00,0.00,0.00,0.00,0.00,0.00,0.00,0.00,0.00,0.00,5.00,0.00,4.67,0.00,0.00,0.00,0.00,0.00,0.00,0.33,0.00,0.00,0.00,0.00,0.00,0.00,0.00,0.00,0.33,0.00,0.00,0.00,1.67,0.00,0.00,0.00,0.00,0.00,0.00,16.00,76.23,15.25,8.52,3.40,-0.71,0.193,,,,,
714,WellB_Buntsandstein,1590.02,Buntsandstein,32.67,19.67,0.67,0.00,0.00,9.33,0.00,0.00,0.00,0.67,0.33,4.33,0.33,0.00,0.00,0.00,0.00,0.00,0.00,0.00,0.00,0.00,0.00,0.00,0.00,0.00,0.00,0.00,0.00,0.00,0.00,0.00,0.00,0.00,0.00,0.00,0.00,0.00,0.00,0.00,0.00,0.00,0.00,0.00,0.00,0.00,0.00,0.00,0.00,0.00,0.00,0.00,0.00,0.00,0.00,0.00,0.00,0.00,0.00,0.00,0.00,0.00,0.00,0.00,0.00,0.00,0.00,0.00,20.00,2.00,0.00,0.00,0.00,2.00,0.00,0.00,0.00,0.00,0.00,0.00,0.33,0.00,0.00,0.00,0.00,0.00,0.00,0.00,0.00,0.00,0.00,0.00,0.00,0.00,0.00,0.00,0.00,0.00,0.00,0.33,0.00,0.00,0.00,5.67,0.00,0.00,0.00,1.67,0.00,0.00,30.00,77.45,13.73,8.82,13.90,1.59,38.500,,,,,
715,WellB_Buntsandstein,1590.06,Buntsandstein,34.00,16.33,0.33,0.00,0.00,8.67,0.00,0.00,0.00,1.00,0.33,1.33,0.67,0.00,0.00,0.00,0.33,0.00,1.67,0.00,0.00,0.00,0.00,0.00,0.00,0.00,0.00,0.00,0.00,0.00,0.00,0.00,0.00,0.00,0.00,0.00,0.00,0.00,0.00,0.00,0.00,0.00,0.00,0.00,0.00,0.00,0.00,0.00,0.00,0.00,0.00,0.00,0.00,0.00,0.00,0.00,0.00,0.00,0.00,0.00,0.00,0.00,0.00,0.00,0.00,0.00,0.00,0.00,22.33,2.33,0.00,0.00,0.00,0.33,0.00,0.00,0.00,0.00,0.00,0.00,1.00,0.00,0.00,0.00,0.00,0.00,0.00,0.00,0.00,0.00,0.00,0.00,0.00,0.00,0.00,0.00,0.00,0.00,0.00,0.67,0.00,0.00,0.00,7.00,0.00,0.00,0.00,1.67,0.00,0.00,33.00,78.87,15.98,5.15,14.30,1.54,34.500,,,,,
716,WellB_Buntsandstein,1590.10,Buntsandstein,34.00,16.67,0.00,0.00,0.00,10.00,0.00,0.00,0.00,0.67,0.67,2.33,0.67,0.00,0.00,0.00,1.00,0.00,0.67,0.00,0.00,0.00,0.00,0.00,0.00,0.00,0.00,0.00,0.00,0.00,0.00,0.00,0.00,0.00,0.00,0.00,0.00,0.00,0.00,0.00,0.00,0.00,0.00,0.00,0.00,0.00,0.00,0.00,0.00,0.00,0.00,0.00,0.00,0.00,0.00,0.00,0.00,0.00,0.00,0.00,0.00,0.00,0.00,0.00,0.00,0.00,0.00,0.00,16.00,1.00,0.00,0.00,0.00,3.33,0.00,0.00,0.00,0.00,0.00,0.00,1.00,0.67,0.00,0.00,0.00,0.00,0.00,0.00,0.00,0.00,0.00,0.00,0.00,0.00,0.00,0.00,0.00,0.00,0.00,0.00,0.00,0.00,0.00,9.00,0.00,0.00,0.00,2.33,0.00,0.00,30.33,77.00,16.00,7.00,14.10,1.33,21.500,,,,,
717,WellB_Carboniferous,2160.82,Upper Carboniferous,62.67,0.00,0.33,0.00,0.00,0.67,0.00,0.00,1.00,1.00,0.00,1.33,0.00,0.33,0.67,0.00,0.00,0.00,0.00,0.67,0.00,7.67,0.00,0.00,2.67,0.00,0.00,0.00,0.00,0.00,0.00,0.00,0.00,0.00,0.00,0.00,0.00,0.00,0.00,0.00,0.00,0.00,0.00,0.00,0.00,0.00,0.00,0.00,3.33,0.00,0.00,0.00,0.00,0.00,0.00,0.00,0.00,0.00,0.00,4.00,0.00,0.00,0.00,0.00,0.00,0.00,0.33,0.00,6.67,0.00,0.00,0.00,0.00,0.00,0.00,0.00,0.00,0.00,0.00,0.00,0.67,0.00,0.00,0.00,2.33,0.00,0.00,0.00,0.00,0.00,0.00,0.00,0.00,0.00,0.00,0.00,0.00,0.00,0.00,1.33,0.00,0.00,0.00,2.33,0.00,0.00,0.00,0.00,0.00,0.00,16.34,82.10,0.87,17.03,16.90,1.48,29.870,,,,,
718,WellB_Carboniferous,2162.36,Upper Carboniferous,56.00,0.00,0.33,0.00,0.00,0.00,0.00,0.00,2.00,0.33,0.00,3.00,3.00,0.33,0.00,0.00,0.00,0.00,0.00,1.33,0.00,6.67,0.00,0.00,9.00,0.00,0.00,0.00,1.67,0.00,0.00,0.00,0.00,0.00,0.00,0.00,0.00,0.00,0.00,0.00,0.00,0.00,0.00,0.00,0.00,0.00,0.00,0.00,2.67,0.00,0.00,0.00,0.00,0.00,0.00,0.00,0.00,0.00,0.00,2.67,0.00,0.00,0.00,0.00,0.00,0.00,0.00,0.00,2.33,0.00,0.00,0.00,0.00,0.00,0.00,0.00,0.00,0.00,0.00,0.00,1.33,0.67,0.00,0.00,1.33,0.00,0.00,0.00,0.00,0.00,0.00,0.00,0.00,0.00,0.00,0.00,0.00,0.00,0.00,2.00,0.00,0.00,0.00,3.00,0.00,0.00,0.00,0.33,0.00,0.00,10.67,80.82,0.00,19.18,8.30,-0.17,0.680,,,,,
719,WellB_Carboniferous,2255.02,Upper Carboniferous,56.00,0.00,0.33,0.00,0.00,0.33,0.00,0.00,0.33,0.33,0.00,4.67,3.67,0.00,0.33,0.00,0.00,0.00,0.33,2.00,0.00,5.33,0.00,0.00,2.00,0.00,0.00,0.00,1.00,0.00,0.00,0.00,0.00,0.00,0.00,0.00,0.00,0.00,0.00,0.00,0.00,0.00,0.00,0.00,0.00,0.00,0.00,0.00,1.33,0.00,0.00,0.00,0.00,0.00,0.00,0.00,0.00,0.00,0.00,9.00,0.00,0.00,0.00,0.00,0.00,0.00,0.00,0.00,7.67,0.00,0.00,0.00,0.00,0.00,0.00,0.00,0.00,0.00,0.00,0.00,0.33,0.00,0.00,0.00,2.33,0.00,0.00,0.00,0.00,0.00,0.00,0.33,0.00,0.00,0.00,0.00,0.00,0.00,0.00,1.67,0.33,0.00,0.00,0.33,0.00,0.00,0.00,0.00,0.00,0.00,19.67,81.00,0.90,18.10,7.00,-1.70,0.020,,,,,
720,WellB_Carboniferous,2260.12,Upper Carboniferous,57.33,0.00,0.00,0.00,0.00,0.00,0.00,0.00,2.00,0.33,0.00,2.00,1.33,1.00,0.00,0.00,0.00,0.00,0.00,1.67,0.00,7.67,0.00,0.00,1.33,0.00,0.00,0.33,0.00,0.00,0.00,0.00,0.00,0.00,0.00,0.00,0.00,0.00,0.00,0.00,0.00,0.00,0.00,0.00,0.00,0.00,0.00,0.00,0.67,0.00,0.00,0.00,0.00,0.00,0.00,0.00,0.00,0.00,0.00,4.33,0.00,0.00,0.00,0.00,0.00,0.00,0.00,0.00,9.00,0.00,0.00,0.00,0.00,0.00,0.00,0.00,0.00,0.00,0.00,0.00,1.00,1.00,0.00,1.67,2.33,0.00,0.00,0.00,0.00,0.00,0.00,0.33,0.00,0.00,0.00,0.00,0.00,0.00,0.00,2.67,0.00,0.00,0.00,2.00,0.00,0.00,0.00,0.00,0.00,0.00,20.34,80.00,0.00,20.00,10.70,-0.78,0.165,,,,,
721,WellB_Carboniferous,2271.29,Upper Carboniferous,57.33,0.00,0.00,0.00,0.00,0.00,0.00,0.00,1.00,1.67,0.00,1.33,4.00,0.00,0.00,0.00,0.00,0.00,0.00,0.63,0.00,11.67,0.00,0.00,1.33,0.00,0.00,0.00,0.33,0.00,0.00,0.00,0.00,0.00,0.00,0.00,0.00,0.00,0.00,0.00,0.00,0.00,0.00,0.00,0.00,0.00,0.00,0.00,0.33,0.00,0.00,0.00,0.00,0.00,0.00,0.00,0.00,0.00,0.00,5.67,0.00,0.00,0.00,0.00,0.00,0.00,0.00,0.00,7.67,0.00,0.00,0.00,0.00,0.00,0.00,0.00,0.00,0.00,0.00,0.00,0.67,0.00,0.00,0.00,2.00,0.00,0.00,0.00,0.00,0.00,0.00,0.00,0.00,0.00,0.00,0.00,0.00,0.00,0.00,2.00,0.00,0.00,0.00,2.33,0.00,0.00,0.00,0.00,0.00,0.00,18.33,79.00,0.00,21.00,10.00,-0.78,0.165,,,,,
722,WellB_Carboniferous,2296.14,Upper Carboniferous,64.33,0.00,0.00,0.00,0.00,0.33,0.00,0.00,0.33,0.33,0.00,3.00,2.67,0.00,0.00,0.00,0.00,0.00,0.00,0.67,0.00,10.00,0.00,0.00,0.67,0.00,0.00,0.33,0.00,0.00,0.00,0.00,0.00,0.00,0.00,0.00,0.00,0.00,0.00,0.00,0.00,0.00,0.00,0.00,0.00,0.00,0.00,0.00,0.00,0.00,0.00,0.00,0.00,0.00,0.00,0.00,0.00,0.00,0.00,7.33,0.00,0.00,0.00,0.00,0.00,0.00,0.00,0.00,4.67,0.33,0.00,0.00,0.00,0.00,0.00,0.00,0.00,0.00,0.00,0.00,1.00,0.33,0.00,0.00,1.33,0.00,0.00,0.00,0.00,0.00,0.00,0.33,0.00,0.00,0.00,0.00,0.00,0.00,0.00,1.00,0.00,0.00,0.00,1.00,0.00,0.00,0.00,0.00,0.00,0.00,15.67,82.04,0.41,17.55,8.60,-1.52,0.031,,,,,
723,WellB_Carboniferous,2324.13,Upper Carboniferous,50.00,0.00,0.67,0.00,0.00,0.00,0.00,0.00,0.00,1.67,0.00,4.00,3.00,0.00,0.67,0.00,0.00,0.00,0.00,1.33,0.00,14.33,0.00,0.00,3.00,0.00,0.00,0.00,0.33,0.00,0.00,0.00,0.00,0.00,0.00,0.00,0.00,0.00,0.00,0.00,0.00,0.00,0.00,0.00,0.00,0.00,0.00,0.00,0.00,0.00,0.00,0.00,0.00,0.00,0.00,0.00,0.00,0.00,0.00,7.67,0.00,0.00,0.00,0.00,0.00,0.00,0.00,0.00,4.00,0.00,0.00,0.00,0.00,0.00,0.00,0.00,0.00,0.00,0.00,0.00,1.67,1.00,0.00,0.33,3.33,0.00,0.00,0.00,0.00,0.00,0.00,0.33,0.00,0.00,0.00,0.00,0.00,0.00,0.00,2.00,0.00,0.00,0.00,0.33,0.00,0.00,0.00,0.33,0.00,0.00,17.33,70.04,0.00,29.96,9.60,-1.32,0.048,,,,,
724,WellB_Carboniferous,2325.96,Upper Carboniferous,56.00,0.00,0.67,0.00,0.00,0.33,0.00,0.00,0.67,0.67,0.00,1.00,3.33,0.00,0.00,0.00,0.00,0.00,0.33,1.00,0.00,9.33,0.00,0.00,2.67,0.00,0.00,0.00,0.00,0.00,0.00,0.00,0.00,0.00,0.00,0.00,0.00,0.00,0.00,0.00,0.00,0.00,0.00,0.00,0.00,0.00,0.00,0.00,0.00,0.00,0.00,0.00,0.00,0.00,0.00,0.00,0.00,0.00,0.00,9.67,0.00,0.00,0.00,0.00,0.00,0.00,0.00,0.00,7.33,0.00,0.00,0.00,0.00,0.00,0.00,0.00,0.00,0.00,0.00,0.00,1.33,0.00,0.00,0.67,2.00,0.00,0.00,0.00,0.00,0.00,0.00,0.00,0.00,0.00,0.00,0.00,0.00,0.00,0.00,1.67,0.00,0.00,0.00,1.33,0.00,0.00,0.00,0.00,0.00,0.00,22.33,80.91,0.91,18.18,5.10,-1.60,0.025,,,,,
725,WellB_Carboniferous,2327.40,Upper Carboniferous,46.33,0.00,0.33,0.00,0.00,0.00,0.00,0.00,0.67,0.67,0.00,3.00,4.00,0.67,0.00,0.00,0.00,0.00,0.33,1.33,0.00,17.33,0.00,0.00,7.33,0.00,0.00,1.00,0.67,0.00,0.00,0.00,0.00,0.00,0.00,0.00,0.00,0.00,0.00,0.00,0.00,0.00,0.00,0.00,0.00,0.00,0.00,0.00,0.33,0.00,0.00,0.00,0.00,0.00,0.00,0.00,0.00,0.00,0.00,8.33,0.00,0.00,0.00,0.00,0.00,0.00,0.00,0.00,1.33,0.00,0.00,0.00,0.00,0.33,0.00,0.00,0.00,0.00,0.00,0.00,0.33,0.67,0.00,0.00,1.33,0.00,0.00,0.00,0.00,0.00,0.00,0.00,0.00,0.00,0.00,0.00,0.00,0.00,0.00,1.33,0.00,0.00,0.00,1.67,0.00,0.00,0.00,0.67,0.00,0.00,13.33,67.41,0.45,32.14,,,,,,,,
726,WellB_Carboniferous,2336.31,Upper Carboniferous,60.00,0.00,0.00,0.00,0.00,0.33,0.00,0.00,0.67,0.00,0.00,0.00,1.67,1.00,1.00,0.00,0.00,0.00,0.00,0.67,0.00,8.33,0.00,0.00,2.00,0.00,0.00,0.00,0.00,0.00,0.00,0.00,0.00,0.00,0.00,0.00,0.00,0.00,0.00,0.00,0.00,0.00,0.00,0.00,0.00,0.00,0.00,0.00,0.00,0.00,0.00,0.00,0.00,0.00,0.00,0.00,0.00,0.00,0.00,8.33,0.00,0.00,0.00,0.00,0.00,0.00,0.00,0.00,7.00,0.00,0.00,0.00,0.33,0.33,0.00,0.00,0.00,0.00,0.00,0.00,0.00,0.33,0.00,1.00,2.00,0.00,0.00,0.00,0.00,0.00,0.00,0.33,0.00,0.00,0.00,0.00,0.00,0.00,0.00,1.00,0.00,0.33,0.00,2.67,0.00,0.00,0.00,0.67,0.00,0.00,21.67,83.71,0.45,15.84,8.40,-1.32,0.048,,,,,
727,WellB_Carboniferous,2337.85,Upper Carboniferous,55.33,0.00,0.33,0.00,0.00,0.67,0.00,0.00,0.33,0.67,0.00,1.67,1.67,0.00,0.00,0.00,0.00,0.00,0.00,1.67,0.00,7.00,0.00,0.00,1.00,0.00,0.00,0.33,0.00,0.00,0.00,0.00,0.00,0.00,0.00,0.00,0.00,0.00,0.00,0.00,0.00,0.00,0.00,0.00,0.00,0.00,0.00,0.00,0.00,0.00,0.00,0.00,0.00,0.00,0.00,0.33,0.00,0.00,0.00,9.33,0.00,0.00,0.00,0.00,0.00,0.00,0.33,0.00,8.67,0.33,0.00,0.00,0.00,0.67,0.00,0.00,0.00,0.00,0.00,0.00,0.33,1.00,0.00,0.67,2.67,0.00,0.00,0.00,0.00,0.00,0.00,0.00,0.00,0.00,0.00,0.00,0.00,0.00,0.00,2.00,0.00,0.33,0.00,2.67,0.00,0.00,0.00,0.00,0.00,0.00,26.00,82.21,0.96,16.83,8.00,-1.70,0.020,,,,,
728,WellB_Carboniferous,2342.30,Upper Carboniferous,69.33,0.00,0.00,0.00,0.00,0.00,0.00,0.00,1.00,0.00,0.00,1.33,1.00,0.33,0.00,0.00,0.00,0.00,0.33,0.67,0.00,5.00,0.00,0.00,1.00,0.00,0.00,0.00,0.00,0.00,0.00,0.00,0.00,0.00,0.00,0.00,0.00,0.00,0.00,0.00,0.00,0.00,0.00,0.00,0.00,0.00,0.00,0.00,0.00,0.00,0.00,0.00,0.00,0.00,0.00,0.00,0.00,0.00,0.00,6.00,0.00,0.00,0.00,0.00,0.00,0.00,0.00,0.00,5.66,0.00,0.00,0.00,0.00,0.33,0.00,0.00,0.00,0.00,0.00,0.00,1.00,0.67,0.00,1.00,1.67,0.00,0.00,0.00,0.00,0.00,0.00,0.00,0.00,0.00,0.00,0.00,0.00,0.00,0.00,2.00,0.00,0.00,0.00,1.00,0.00,0.00,0.00,0.67,0.00,0.00,16.66,89.03,0.42,10.55,9.40,-1.44,0.036,,,,,
729,WellB_Carboniferous,2344.04,Upper Carboniferous,62.33,0.00,0.33,0.00,0.00,0.33,0.00,0.00,1.00,0.67,0.00,1.67,1.00,0.67,0.00,0.00,0.00,0.00,0.00,0.33,0.00,8.67,0.00,0.00,3.00,0.00,0.00,0.00,0.00,0.00,0.00,0.00,0.00,0.00,0.00,0.00,0.00,0.00,0.00,0.00,0.00,0.00,0.00,0.00,0.00,0.00,0.00,0.00,0.00,0.00,0.00,0.00,0.00,0.00,0.00,0.00,0.00,0.00,0.00,5.00,0.00,0.00,0.00,0.00,0.00,0.00,0.00,0.00,5.00,0.00,0.00,0.00,0.00,0.33,0.00,0.00,0.00,0.00,0.00,0.00,1.00,1.00,0.00,0.00,2.67,0.00,0.00,0.00,0.00,0.00,0.00,0.00,0.00,0.00,0.00,0.00,0.00,0.00,0.00,2.67,0.00,0.00,0.00,2.00,0.00,0.00,0.00,0.33,0.00,0.00,16.00,82.25,0.43,17.32,9.00,-1.83,0.015,,,,,
730,WellB_Carboniferous,2344.91,Upper Carboniferous,62.67,0.00,0.00,0.00,0.00,0.00,0.00,0.00,0.00,0.67,0.00,1.00,2.00,0.00,0.00,0.00,0.00,0.00,0.33,0.33,0.00,8.00,0.00,0.00,1.33,0.00,0.00,0.00,0.00,0.00,0.00,0.00,0.00,0.00,0.00,0.00,0.00,0.00,0.00,0.00,0.00,0.00,0.00,0.00,0.00,0.00,0.00,0.00,0.00,0.00,0.00,0.00,0.00,0.00,0.00,0.00,0.00,0.00,0.00,5.33,0.00,0.00,0.00,0.00,0.00,0.00,0.33,0.00,7.00,0.00,0.00,0.00,0.33,0.33,0.00,0.00,0.00,0.00,0.00,0.00,1.33,1.00,0.00,0.33,1.00,0.00,0.00,0.00,0.00,0.00,0.00,0.00,0.00,0.00,0.00,0.00,0.00,0.00,0.00,2.00,0.00,0.00,0.00,3.33,0.00,0.00,0.00,1.33,0.00,0.00,19.34,86.22,0.44,13.33,10.80,-1.11,0.078,,,,,
731,WellB_Carboniferous,2348.24,Upper Carboniferous,61.33,0.00,1.00,0.00,0.00,0.67,0.00,0.00,0.33,0.67,0.00,0.33,0.67,1.67,0.67,0.00,0.00,0.00,0.33,0.67,0.00,4.00,0.00,0.00,0.67,0.00,0.00,0.00,0.00,0.00,0.00,0.00,0.00,0.00,0.00,0.00,0.00,0.00,0.00,0.00,0.00,0.00,0.00,0.00,0.00,0.00,0.00,0.00,3.00,0.00,0.00,0.00,0.00,0.00,0.00,0.00,0.00,0.00,0.00,14.33,0.00,0.00,0.00,0.00,0.00,0.00,0.00,0.00,2.66,0.00,0.00,0.00,0.00,0.00,0.00,0.00,0.00,0.00,0.00,0.00,0.67,0.00,0.00,0.00,1.67,0.00,0.00,0.00,0.00,0.00,0.00,0.00,0.00,0.00,0.00,0.00,0.00,0.00,0.00,2.00,0.00,0.33,0.00,1.33,0.00,0.00,0.00,1.00,0.00,0.00,20.66,85.71,1.38,12.90,5.60,0.77,5.925,,,,,
732,WellB_Carboniferous,2377.06,Upper Carboniferous,63.33,0.00,0.33,0.00,0.00,0.00,0.00,0.00,0.00,0.33,0.00,1.00,1.33,3.00,0.00,0.33,0.00,0.00,0.33,0.33,0.00,5.33,0.00,0.00,0.00,0.00,0.00,0.00,0.00,0.00,0.00,0.00,0.00,0.00,0.00,0.00,0.00,0.00,0.00,0.00,0.00,0.00,0.00,0.00,0.00,0.00,0.00,0.00,0.00,0.00,0.00,0.00,0.00,0.00,0.00,0.00,0.00,0.00,0.00,12.67,0.00,0.00,0.00,0.00,0.00,0.00,0.00,0.00,3.00,0.00,0.00,0.00,0.00,0.00,0.00,0.00,0.00,0.00,0.00,0.00,1.00,0.33,0.00,0.33,1.33,0.00,0.00,0.00,0.00,0.00,0.00,0.00,0.00,0.00,0.00,0.00,0.00,0.00,0.00,1.33,0.00,0.33,0.00,3.33,0.00,0.00,0.00,0.67,0.00,0.00,21.67,85.46,0.88,13.66,10.80,-0.76,0.172,,,,,
733,WellB_Carboniferous,2411.60,Upper Carboniferous,52.67,0.00,0.67,0.00,0.00,0.67,0.00,0.00,0.00,0.00,0.00,2.33,1.67,6.00,0.33,0.00,0.00,0.00,0.67,0.33,0.00,6.33,0.00,0.00,0.67,0.00,0.00,0.00,0.00,0.00,0.00,0.00,0.00,0.00,0.00,0.00,0.00,0.00,0.00,0.00,0.00,0.00,0.00,0.00,0.00,0.00,0.00,0.00,0.00,0.00,0.00,0.00,0.00,0.00,0.00,0.00,0.00,0.00,0.00,0.67,0.00,0.00,0.00,0.00,0.00,0.00,0.00,0.00,6.00,0.00,0.00,0.00,6.00,4.67,0.00,0.00,0.00,0.00,0.00,0.00,1.00,0.00,0.00,0.00,2.67,0.00,0.00,0.00,0.00,0.00,0.00,0.00,0.00,0.00,0.00,0.00,0.00,0.00,0.00,2.00,0.00,1.33,0.00,2.00,0.00,0.00,0.00,1.33,0.00,0.00,23.00,75.81,1.86,22.33,7.40,-0.12,0.752,,,,,
734,WellB_Carboniferous,2412.28,Upper Carboniferous,50.33,0.00,1.33,0.00,0.00,0.00,0.00,0.00,0.00,0.00,0.00,4.33,2.00,5.67,0.00,0.00,0.00,0.00,0.00,0.33,0.00,4.33,0.00,0.00,3.67,0.00,0.00,0.33,0.00,0.00,0.00,0.00,0.00,0.00,0.00,0.00,0.00,0.00,0.00,0.00,0.00,0.00,0.00,0.00,0.00,0.00,0.00,0.00,0.00,0.00,0.00,0.00,0.00,0.00,0.00,0.00,0.00,0.00,0.00,3.67,0.00,0.00,0.00,0.00,0.00,0.00,0.00,0.00,5.00,0.00,0.00,0.00,6.67,3.67,0.00,0.00,0.00,0.00,0.00,0.00,0.00,0.67,0.00,0.00,2.00,0.00,0.00,0.00,0.00,0.00,0.00,0.00,0.00,0.00,0.00,0.00,0.00,0.00,0.00,2.33,0.00,1.00,0.00,2.00,0.00,0.00,0.00,0.67,0.00,0.00,23.00,76.59,0.00,23.41,8.20,-1.60,0.025,,,,,
735,WellB_Carboniferous,2415.20,Upper Carboniferous,56.33,0.00,0.33,0.00,0.00,0.00,0.00,0.00,0.00,0.67,0.00,4.00,1.67,3.00,0.00,0.00,0.00,0.00,1.00,0.33,0.00,2.67,0.00,0.00,0.33,0.00,0.00,0.00,0.00,0.00,0.00,0.00,0.00,0.00,0.00,0.00,0.00,0.00,0.00,0.00,0.00,0.00,0.00,0.00,0.00,0.00,0.00,0.00,0.00,0.00,0.00,0.00,0.00,0.00,0.00,0.00,0.00,0.00,0.00,4.00,0.00,0.00,0.00,0.00,0.00,0.00,0.00,0.00,12.00,0.33,0.00,0.00,2.67,2.33,0.00,0.00,0.00,0.00,0.00,0.00,0.00,0.33,0.00,0.00,1.33,0.00,0.00,0.00,0.00,0.00,0.00,0.00,0.00,0.00,0.00,0.00,0.00,0.00,0.00,2.67,0.00,2.33,0.00,0.67,0.00,0.00,0.00,1.00,0.00,0.00,23.33,82.86,1.43,15.71,,,,,,,,
736,WellB_Carboniferous,2420.98,Upper Carboniferous,57.33,0.00,0.33,0.00,0.00,0.00,0.00,0.00,0.00,0.67,0.00,2.67,5.00,4.00,0.00,0.00,0.00,0.00,0.33,1.00,0.00,3.33,0.00,0.00,1.67,0.00,0.00,0.00,0.00,0.00,0.00,0.00,0.00,0.00,0.00,0.00,0.00,0.00,0.00,0.00,0.00,0.00,0.00,0.00,0.00,0.00,0.00,0.00,0.00,0.00,0.00,0.00,0.00,0.00,0.00,0.00,0.00,0.00,0.00,5.00,0.00,0.00,0.00,0.00,0.00,0.00,0.00,0.00,6.33,0.00,0.00,0.00,0.00,0.33,0.00,0.00,0.00,0.00,0.00,0.00,0.00,1.67,0.00,0.00,1.67,0.00,0.00,0.00,0.00,0.00,0.00,0.00,0.00,0.00,0.00,0.00,0.00,0.00,0.00,4.00,0.00,1.67,0.00,2.00,0.00,0.00,0.00,1.00,0.00,0.00,15.33,83.48,0.45,16.07,8.40,-1.44,0.036,,,,,
737,WellB_Carboniferous,2444.85,Upper Carboniferous,57.00,0.00,1.00,0.00,0.00,0.00,0.00,0.00,0.00,0.33,0.00,2.67,2.33,2.00,0.00,0.00,0.00,0.00,0.67,0.67,0.00,2.00,0.00,0.00,1.00,0.00,0.00,0.00,0.00,0.00,0.00,0.00,0.00,0.00,0.00,0.00,0.00,0.00,0.00,0.00,0.00,0.00,0.00,0.00,0.00,0.00,0.00,0.00,0.00,0.00,0.00,0.00,0.00,0.00,0.00,0.00,0.00,0.00,0.00,5.33,0.00,0.00,0.00,0.00,0.00,0.00,0.00,0.00,10.34,0.00,0.00,0.00,0.00,0.33,0.00,0.00,0.00,0.00,0.00,0.00,1.67,2.00,0.00,0.00,2.00,0.00,0.00,0.00,0.00,0.00,0.00,0.00,0.00,0.00,0.00,0.00,0.00,0.00,0.00,5.33,0.00,0.00,0.00,2.00,0.00,0.00,0.00,1.33,0.00,0.00,21.67,86.41,0.97,12.62,10.50,-1.52,0.031,,,,,
738,WellB_Carboniferous,2455.25,Upper Carboniferous,58.00,0.00,1.00,0.00,0.00,0.00,0.00,0.00,0.00,1.00,0.00,0.33,1.33,3.33,0.00,0.00,0.00,0.00,0.00,0.33,0.00,4.00,0.00,0.00,2.00,0.00,0.00,0.00,0.00,0.00,0.00,0.00,0.00,0.00,0.00,0.00,0.00,0.00,0.00,0.00,0.00,0.00,0.00,0.00,0.00,0.00,0.00,0.00,0.00,0.00,0.00,0.00,0.00,0.00,0.00,0.00,0.00,0.00,0.00,5.67,0.00,0.00,0.00,0.00,0.00,0.00,0.00,0.00,7.00,0.00,0.00,0.00,0.00,0.33,0.00,0.00,0.00,0.00,0.00,0.00,1.33,0.67,0.00,0.00,3.33,0.00,0.00,0.00,0.00,0.00,0.00,0.00,0.00,0.00,0.00,0.00,0.00,0.00,0.00,7.00,0.33,1.00,0.00,1.67,0.00,0.00,0.00,0.33,0.00,0.00,19.33,85.58,0.00,14.42,10.40,-1.32,0.048,,,,,
739,WellB_Carboniferous,2456.06,Upper Carboniferous,52.00,0.00,1.00,0.00,0.00,0.33,0.00,0.00,0.00,0.00,0.00,1.33,2.33,5.00,0.00,0.00,0.00,0.00,0.00,0.00,0.00,12.33,0.00,0.00,1.33,0.00,0.00,0.33,1.33,0.00,0.00,0.00,0.00,0.00,0.00,0.00,0.00,0.00,0.00,0.00,0.00,0.00,0.00,0.00,0.00,0.00,0.00,0.00,0.00,0.00,0.00,0.00,0.00,0.00,0.00,0.00,0.00,0.00,0.00,6.67,0.00,0.00,0.00,0.00,0.00,0.00,0.00,0.00,3.34,0.00,0.00,0.00,1.67,0.67,0.00,0.00,0.00,0.00,0.00,0.00,1.00,0.00,0.00,0.00,4.33,0.00,0.00,0.00,0.00,0.00,0.00,0.00,0.00,0.00,0.00,0.00,0.00,0.00,0.00,3.33,0.00,0.67,0.00,0.67,0.00,0.00,0.00,0.33,0.00,0.00,18.34,73.09,0.45,26.46,8.50,-1.99,0.010,,,,,
740,WellB_Carboniferous,2459.03,Upper Carboniferous,54.00,0.00,0.33,0.00,0.00,0.33,0.00,0.00,0.00,0.00,0.00,0.00,2.00,8.33,0.00,0.00,0.00,0.00,0.00,0.00,0.00,10.67,0.00,0.00,1.67,0.00,0.00,0.00,1.00,0.00,0.00,0.00,0.00,0.00,0.00,0.00,0.00,0.00,0.00,0.00,0.00,0.00,0.00,0.00,0.00,0.00,0.00,0.00,0.00,0.00,0.00,0.00,0.00,0.00,0.00,0.00,0.00,0.00,0.00,1.00,0.00,0.00,0.00,0.00,0.00,0.00,0.00,0.00,5.66,0.00,0.00,0.00,2.00,2.67,0.00,0.00,0.00,0.00,0.00,0.00,1.33,0.33,0.00,0.00,4.00,0.00,0.00,0.00,0.00,0.00,0.00,0.00,0.00,0.00,0.00,0.00,0.00,0.00,0.00,3.00,0.00,0.67,0.00,0.33,0.00,0.00,0.00,0.67,0.00,0.00,17.00,74.01,0.44,25.55,7.00,-0.91,0.124,,,,,
741,WellB_Carboniferous,2460.91,Upper Carboniferous,48.33,0.00,1.00,0.00,0.00,0.00,0.00,0.00,0.33,0.00,0.00,1.33,2.33,5.33,0.00,0.00,0.00,0.00,0.67,1.00,0.00,6.33,0.00,0.00,2.33,0.00,0.00,1.00,0.00,0.00,0.00,0.00,0.00,0.00,0.00,0.00,0.00,0.00,0.00,0.00,0.00,0.00,0.00,0.00,0.00,0.00,0.00,0.00,0.00,0.00,0.00,0.00,0.00,0.00,0.00,0.00,0.00,0.00,0.00,4.67,0.00,0.00,0.00,0.00,0.00,0.00,0.00,0.00,8.33,0.00,0.00,0.00,0.00,0.00,0.00,0.00,0.00,0.00,0.00,0.00,0.33,1.67,0.00,0.00,4.67,0.00,0.00,0.00,0.00,0.00,0.00,0.00,0.00,0.00,0.00,0.00,0.00,0.00,0.00,7.00,0.00,0.33,0.00,1.00,0.00,0.00,0.00,2.00,0.00,0.00,19.00,76.00,1.00,23.00,11.40,-1.32,0.048,,,,,
742,WellB_Carboniferous,2473.89,Upper Carboniferous,54.67,0.00,0.67,0.00,0.00,0.67,0.00,0.00,0.00,0.00,0.00,3.00,2.67,2.67,0.00,0.00,0.00,0.00,0.33,0.33,0.00,8.67,0.00,0.00,1.00,0.00,0.00,0.00,0.00,0.00,0.00,0.00,0.00,0.00,0.00,0.00,0.00,0.00,0.00,0.00,0.00,0.00,0.00,0.00,0.00,0.00,0.00,0.00,0.00,0.00,0.00,0.00,0.00,0.00,0.00,0.00,0.00,0.00,0.00,2.33,0.00,0.00,0.00,0.00,0.00,0.00,0.00,0.00,8.00,0.00,0.00,0.00,0.00,0.00,0.00,0.00,0.00,0.00,0.00,0.00,0.33,0.67,0.00,0.00,4.00,0.00,0.00,0.00,0.00,0.00,0.00,0.00,0.00,0.00,0.00,0.00,0.00,0.00,0.00,6.00,0.00,0.67,0.00,2.00,0.00,0.00,0.00,1.33,0.00,0.00,16.67,77.83,1.36,20.81,10.80,-1.14,0.072,,,,,
743,WellB_Carboniferous,2474.95,Upper Carboniferous,68.00,0.00,0.33,0.00,0.00,0.00,0.00,0.00,0.00,0.67,0.00,1.33,0.33,0.33,0.00,0.00,0.00,0.00,0.00,0.67,0.00,3.67,0.00,0.00,0.33,0.00,0.00,0.00,0.33,0.00,0.00,0.00,0.00,0.00,0.00,0.00,0.00,0.00,0.00,0.00,0.00,0.00,0.00,0.00,0.00,0.00,0.00,0.00,0.00,0.00,0.00,0.00,0.00,0.00,0.00,0.00,0.00,0.00,0.00,4.00,0.00,0.00,0.00,0.00,0.00,0.00,0.00,0.00,8.66,0.00,0.00,0.00,0.00,0.00,0.00,0.00,0.00,0.00,0.00,0.00,0.33,0.33,0.00,0.00,1.67,0.00,0.00,0.00,0.00,0.00,0.00,0.00,0.00,0.00,0.00,0.00,0.00,0.00,0.00,5.67,0.00,1.33,0.00,1.67,0.00,0.00,0.00,0.33,0.00,0.00,16.33,90.71,0.00,9.29,9.50,-0.76,0.172,,,,,
744,WellB_Carboniferous,2483.60,Upper Carboniferous,58.33,0.00,1.00,0.00,0.00,0.33,0.00,0.00,0.00,1.33,0.00,1.00,1.00,6.00,0.00,0.00,0.00,0.00,0.00,1.00,0.00,8.00,0.00,0.00,1.67,0.00,0.00,0.67,0.00,0.00,0.00,0.00,0.00,0.00,0.00,0.00,0.00,0.00,0.00,0.00,0.00,0.00,0.00,0.00,0.00,0.00,0.00,0.00,0.00,0.00,0.00,0.00,0.00,0.00,0.00,0.00,0.00,0.00,0.00,1.33,0.00,0.00,0.00,0.00,0.00,0.00,0.00,0.00,3.66,0.00,0.00,0.00,0.00,0.00,0.00,0.00,0.00,0.00,0.00,0.00,0.00,0.67,0.00,0.33,5.67,0.00,0.00,0.00,0.00,0.00,0.00,0.00,0.00,0.00,0.00,0.00,0.00,0.00,0.00,5.00,0.00,1.67,0.00,1.00,0.00,0.00,0.00,0.33,0.00,0.00,12.00,76.07,0.43,23.50,10.20,-0.70,0.201,,,,,
745,WellB_Carboniferous,2520.25,Upper Carboniferous,51.00,0.00,0.67,0.00,0.00,0.00,0.00,0.00,0.00,0.33,0.00,1.00,1.67,4.33,0.00,0.00,0.00,0.00,0.33,0.67,0.00,9.67,0.00,0.00,3.00,0.00,0.00,0.33,0.00,0.00,0.00,0.00,0.00,0.00,0.00,0.00,0.00,0.00,0.00,0.00,0.00,0.00,0.00,0.00,0.00,0.00,0.00,0.00,0.00,0.00,0.00,0.00,0.00,0.00,0.00,0.00,0.00,0.00,0.00,6.00,0.00,0.00,0.00,0.00,0.00,0.00,0.00,0.00,2.33,0.33,0.00,0.00,0.33,1.00,0.00,0.00,0.00,0.00,0.00,0.00,0.33,0.33,0.00,0.00,6.00,0.00,0.00,0.00,0.00,0.00,0.00,0.00,0.00,0.00,0.00,0.00,0.00,0.00,0.00,6.33,0.00,3.67,0.00,0.00,0.00,0.00,0.00,0.33,0.00,0.00,16.33,75.60,0.48,23.92,7.60,-0.67,0.215,,,,,
746,WellB_Carboniferous,2527.13,Upper Carboniferous,58.67,0.00,0.00,0.00,0.00,0.00,0.00,0.00,0.00,0.00,0.00,0.67,2.33,3.33,0.00,0.00,0.00,0.00,0.00,0.33,0.00,4.33,0.00,0.00,0.33,0.00,0.00,0.00,0.67,0.00,0.00,0.00,0.00,0.00,0.00,0.00,0.00,0.00,0.00,0.00,0.00,0.00,0.00,0.00,0.00,0.00,0.00,0.00,0.00,0.00,0.00,0.00,0.00,0.00,0.00,0.00,0.00,0.00,0.00,2.00,0.00,0.00,0.00,0.00,0.00,0.00,0.00,0.00,8.00,0.00,0.00,0.00,0.00,0.00,0.00,0.00,0.00,0.00,0.00,0.00,0.00,1.33,0.00,0.00,3.00,0.00,0.00,0.00,0.00,0.00,0.00,0.33,0.00,0.00,0.00,0.00,0.00,0.00,0.00,10.00,0.00,1.67,0.00,0.33,0.00,0.00,0.00,2.67,0.00,0.00,13.34,87.56,0.00,12.44,,,,,,,,
747,WellB_Carboniferous,2558.72,Upper Carboniferous,56.33,0.00,0.67,0.00,0.00,0.33,0.00,0.00,0.00,0.33,0.00,2.00,3.33,3.67,0.00,0.00,0.00,0.00,0.67,0.33,0.00,4.33,0.00,0.00,0.33,0.00,0.00,0.00,0.00,0.00,0.00,0.00,0.00,0.00,0.00,0.00,0.00,0.00,0.00,0.00,0.00,0.00,0.00,0.00,0.00,0.00,0.00,0.00,0.00,0.00,0.00,0.00,0.00,0.00,0.00,0.00,0.00,0.00,0.00,5.33,0.00,0.00,0.00,0.00,0.00,0.00,0.00,0.00,5.00,0.00,0.00,0.00,0.00,0.00,0.00,0.00,0.00,0.00,0.00,0.00,0.33,0.67,0.00,0.67,2.33,0.00,0.00,0.00,0.00,0.00,0.00,0.00,0.00,0.00,0.00,0.00,0.00,0.00,0.00,9.67,0.00,2.00,0.00,1.67,0.00,0.00,0.00,0.00,0.00,0.00,15.33,82.87,1.39,15.74,6.10,1.61,40.470,,,,,
748,WellB_Carboniferous,2581.34,Upper Carboniferous,55.00,0.00,0.67,0.00,0.00,1.00,0.00,0.00,0.00,0.00,0.00,1.00,2.67,5.67,0.00,0.00,0.00,0.00,0.00,0.67,0.00,4.00,0.00,0.00,1.33,0.00,0.00,0.33,0.33,0.00,0.00,0.00,0.00,0.00,0.00,0.00,0.00,0.00,0.00,0.00,0.00,0.00,0.00,0.00,0.00,0.00,0.00,0.00,0.00,0.00,0.00,0.00,0.00,0.00,0.00,0.00,0.00,0.00,0.00,8.00,0.00,0.00,0.00,0.00,0.00,0.00,0.00,0.00,7.33,0.00,0.00,0.00,0.00,0.00,0.00,0.00,0.00,0.00,0.00,0.00,0.00,0.67,0.00,0.00,2.67,0.00,0.00,0.00,0.00,0.00,0.00,0.33,0.00,0.00,0.00,0.00,0.00,0.00,0.00,4.67,0.00,1.67,0.00,0.67,0.00,0.00,0.00,1.33,0.00,0.00,18.67,81.60,1.42,16.98,11.95,-1.02,0.096,,,,,
749,WellB_Carboniferous,2581.60,Upper Carboniferous,60.00,0.00,0.00,0.00,0.00,0.67,0.00,0.00,0.00,0.67,0.00,1.00,3.33,10.00,0.00,0.00,0.00,0.00,0.00,0.00,0.00,2.33,0.00,0.00,3.00,0.00,0.00,0.67,0.00,0.00,0.00,0.00,0.00,0.00,0.00,0.00,0.00,0.00,0.00,0.00,0.00,0.00,0.00,0.00,0.00,0.00,0.00,0.00,0.00,0.00,0.00,0.00,0.00,0.00,0.00,0.00,0.00,0.00,0.00,1.67,0.00,0.00,0.00,0.00,0.00,0.00,0.33,0.00,9.00,0.00,0.00,0.00,0.00,0.00,0.00,0.00,0.00,0.00,0.00,0.00,0.00,0.00,0.00,0.00,1.00,0.00,0.00,0.00,0.00,0.00,0.00,0.33,0.00,0.00,0.00,0.00,0.00,0.00,0.00,3.00,0.00,0.33,0.00,0.33,0.00,0.00,0.00,1.67,0.00,0.67,12.33,81.20,0.85,17.95,13.70,-0.96,0.111,,,,,
750,WellB_Carboniferous,2582.09,Upper Carboniferous,51.33,0.00,0.67,0.00,0.00,0.67,0.00,0.00,0.00,0.67,0.00,1.33,3.67,4.67,0.00,0.00,0.00,0.00,0.00,0.67,0.00,4.00,0.00,0.00,1.00,0.00,0.00,0.33,0.33,0.00,0.00,0.00,0.00,0.00,0.00,0.00,0.00,0.00,0.00,0.00,0.00,0.00,0.00,0.00,0.00,0.00,0.00,0.00,0.00,0.00,0.00,0.00,0.00,0.00,0.00,0.00,0.00,0.00,0.00,4.33,0.00,0.00,0.00,0.00,0.00,0.00,0.00,0.00,6.33,0.00,0.00,0.00,0.33,0.67,0.00,0.00,0.00,0.00,0.00,0.00,0.00,0.67,0.00,0.33,1.67,0.00,0.00,0.00,0.00,0.00,0.00,0.67,0.00,0.00,0.00,0.00,0.00,0.00,0.00,10.00,0.00,2.00,0.00,1.00,0.00,0.00,0.00,2.67,0.00,0.00,14.67,81.28,0.99,17.73,13.50,-1.07,0.085,,,,,
751,WellB_Carboniferous,2582.41,Upper Carboniferous,63.00,0.00,1.00,0.00,0.00,0.33,0.00,0.00,0.00,1.67,0.00,1.00,2.33,5.00,0.00,0.00,0.00,0.00,0.33,0.33,0.00,2.67,0.00,0.00,1.00,0.00,0.00,0.00,0.00,0.00,0.00,0.00,0.00,0.00,0.00,0.00,0.00,0.00,0.00,0.00,0.00,0.00,0.00,0.00,0.00,0.00,0.00,0.00,0.00,0.00,0.00,0.00,0.00,0.00,0.00,0.00,0.00,0.00,0.00,3.33,0.00,0.00,0.00,0.00,0.00,0.00,0.00,0.00,10.00,0.33,0.00,0.00,0.00,0.33,0.00,0.00,0.00,0.00,0.00,0.00,0.33,0.33,0.00,0.67,1.33,0.00,0.00,0.00,0.00,0.00,0.00,0.00,0.00,0.00,0.00,0.00,0.00,0.00,0.00,3.33,0.00,0.67,0.00,0.00,0.00,0.00,0.00,0.67,0.00,0.00,16.34,84.12,0.86,15.02,11.46,-1.26,0.055,,,,,
752,WellB_Carboniferous,2583.67,Upper Carboniferous,64.33,0.00,1.33,0.00,0.00,0.33,0.00,0.00,0.00,0.33,0.00,0.33,2.67,6.67,0.00,0.00,0.00,0.00,0.00,0.33,0.00,4.67,0.00,0.00,0.33,0.00,0.00,0.33,0.00,0.00,0.00,0.00,0.00,0.00,0.00,0.00,0.00,0.00,0.00,0.00,0.00,0.00,0.00,0.00,0.00,0.00,0.00,0.00,0.00,0.00,0.00,0.00,0.00,0.00,0.00,0.00,0.00,0.00,0.00,3.00,0.00,0.00,0.00,0.00,0.00,0.00,0.00,0.00,4.67,0.00,0.00,0.00,0.00,0.00,0.00,0.00,0.00,0.00,0.00,0.00,0.00,0.67,0.00,0.00,1.33,0.00,0.00,0.00,0.00,0.00,0.00,0.33,0.00,0.00,0.00,0.00,0.00,0.00,0.00,5.33,0.00,0.67,0.00,0.67,0.00,0.00,0.00,1.67,0.00,0.00,9.67,82.72,0.41,16.87,13.19,-0.88,0.132,,,,,
753,WellB_Carboniferous,2584.38,Upper Carboniferous,59.67,0.00,0.00,0.00,0.00,0.33,0.00,0.00,0.00,1.00,0.00,1.67,3.33,4.67,0.00,0.00,0.00,0.00,0.00,0.67,0.00,3.00,0.00,0.00,0.67,0.00,0.00,0.00,0.00,0.00,0.00,0.00,0.00,0.00,0.00,0.00,0.00,0.00,0.00,0.00,0.00,0.00,0.00,0.00,0.00,0.00,0.00,0.00,0.00,0.00,0.00,0.00,0.00,0.00,0.00,0.00,0.00,0.00,0.00,16.67,0.00,0.00,0.00,0.00,0.00,0.00,0.00,0.00,3.34,0.00,0.00,0.00,0.00,0.00,0.00,0.00,0.00,0.00,0.00,0.00,0.00,0.00,0.00,0.00,1.67,0.00,0.00,0.00,0.00,0.00,0.00,0.00,0.00,0.00,0.00,0.00,0.00,0.00,0.00,2.33,0.00,0.33,0.00,0.00,0.00,0.00,0.00,0.67,0.00,0.00,21.67,84.75,0.45,14.80,6.12,-1.42,0.038,,,,,
754,WellB_Carboniferous,2595.18,Upper Carboniferous,59.33,0.00,0.00,0.00,0.00,0.33,0.00,0.00,0.00,0.33,0.00,3.33,1.00,7.33,0.00,0.00,0.00,0.00,0.67,0.33,0.00,3.67,0.00,0.00,2.00,0.00,0.00,0.00,0.33,0.00,0.00,0.00,0.00,0.00,0.00,0.00,0.00,0.00,0.00,0.00,0.00,0.00,0.00,0.00,0.00,0.00,0.00,0.00,0.00,0.00,0.00,0.00,0.00,0.00,0.00,0.00,0.00,0.00,0.00,0.67,0.00,0.00,0.00,0.00,0.00,0.00,0.00,0.00,5.00,0.00,0.00,0.00,0.33,0.00,0.00,0.00,0.00,0.00,0.00,0.00,0.00,0.00,0.00,0.00,3.33,0.00,0.00,0.00,0.00,0.00,0.00,0.00,0.00,0.00,0.00,0.00,0.00,0.00,0.00,6.67,0.00,2.00,0.00,1.33,0.00,0.00,0.00,2.00,0.00,0.00,10.67,79.04,1.31,19.65,9.10,-1.52,0.031,,,,,
755,WellB_Carboniferous,2597.55,Upper Carboniferous,67.00,0.00,0.00,0.00,0.00,0.00,0.00,0.00,0.00,0.33,0.33,2.33,1.67,2.00,0.00,0.00,0.00,0.00,0.33,0.00,0.00,3.00,0.00,0.00,0.33,0.00,0.00,0.33,0.00,0.00,0.00,0.00,0.00,0.00,0.00,0.00,0.00,0.00,0.00,0.00,0.00,0.00,0.00,0.00,0.00,0.00,0.00,0.00,0.00,0.00,0.00,0.00,0.00,0.00,0.00,0.00,0.00,0.00,0.00,6.67,0.00,0.00,0.00,0.00,0.00,0.00,0.00,0.00,7.67,0.00,0.00,0.00,0.00,0.33,0.00,0.00,0.00,0.00,0.00,0.00,0.00,0.33,0.00,0.00,1.00,0.00,0.00,0.00,0.00,0.00,0.00,0.33,0.00,0.00,0.00,0.00,0.00,0.00,0.00,3.33,0.00,0.33,0.00,1.00,0.00,0.00,0.00,1.33,0.00,0.00,16.67,89.18,0.43,10.39,11.71,-1.24,0.058,,,,,
756,WellB_Carboniferous,2602.95,Upper Carboniferous,71.00,0.00,0.00,0.00,0.00,0.00,0.00,0.00,0.00,0.33,0.33,1.67,2.00,1.33,0.00,0.00,0.00,0.00,1.33,0.67,0.00,2.33,0.00,0.00,0.00,0.00,0.00,0.00,0.00,0.00,0.00,0.00,0.00,0.00,0.00,0.00,0.00,0.00,0.00,0.00,0.00,0.00,0.00,0.00,0.00,0.00,0.00,0.00,0.00,0.00,0.00,0.00,0.00,0.00,0.00,0.00,0.00,0.00,0.00,1.67,0.00,0.00,0.00,0.00,0.00,0.00,0.00,0.00,9.34,0.00,0.00,0.00,0.00,0.00,0.00,0.00,0.00,0.00,0.00,0.00,0.33,0.00,0.00,0.00,1.67,0.00,0.00,0.00,0.00,0.00,0.00,0.00,0.00,0.00,0.00,0.00,0.00,0.00,0.00,4.33,0.00,0.00,0.00,0.67,0.00,0.00,0.00,1.00,0.00,0.00,13.67,90.12,1.65,8.23,11.90,,,,,,,
757,WellB_Carboniferous,2607.95,Upper Carboniferous,66.67,0.00,0.00,0.00,0.00,0.00,0.00,0.00,0.00,0.00,0.00,1.33,2.33,0.67,0.00,0.00,0.00,0.00,0.33,0.00,0.00,1.33,0.00,0.00,0.00,0.00,0.00,0.00,0.00,0.00,0.00,0.00,0.00,0.00,0.00,0.00,0.00,0.00,0.00,0.00,0.00,0.00,0.00,0.00,0.00,0.00,0.00,0.00,0.00,0.00,0.00,0.00,0.00,0.00,0.00,0.00,0.00,0.00,0.00,4.33,0.00,0.00,0.00,0.00,0.00,0.00,0.00,0.00,12.00,0.00,0.00,0.00,0.00,0.00,0.00,0.00,0.00,0.00,0.00,0.00,0.00,0.00,0.00,0.00,1.00,0.00,0.00,0.00,0.00,0.00,0.00,0.00,0.00,0.00,0.00,0.00,0.00,0.00,0.00,6.00,0.00,0.33,0.00,1.00,0.00,0.00,0.00,2.67,0.00,0.00,18.33,94.95,0.46,4.59,11.35,-1.25,0.056,,,,,
758,WellB_Carboniferous,2611.78,Upper Carboniferous,51.33,0.00,0.67,0.00,0.00,0.67,0.00,0.00,0.00,0.33,0.00,3.00,3.00,5.33,0.00,0.00,0.00,0.00,0.33,1.00,0.00,11.67,0.00,0.00,1.33,0.00,0.00,0.33,0.33,0.00,0.00,0.00,0.00,0.00,0.00,0.00,0.00,0.00,0.00,0.00,0.00,0.00,0.00,0.00,0.00,0.00,0.00,0.00,0.33,0.00,0.00,0.00,0.00,0.00,0.00,0.00,0.00,0.00,0.00,1.00,0.00,0.00,0.00,0.00,0.00,0.00,0.00,0.00,4.34,0.00,0.00,0.00,0.00,0.33,0.00,0.00,0.33,0.00,0.00,0.00,0.33,0.33,0.00,0.33,2.33,0.00,0.00,0.00,0.00,0.00,0.00,0.33,0.00,0.00,0.00,0.00,0.00,0.00,0.00,6.67,0.00,1.00,0.00,1.00,0.00,0.00,0.00,2.00,0.00,0.00,10.01,70.26,1.29,28.45,10.70,-0.98,0.104,,,,,
759,WellB_Carboniferous,2616.57,Upper Carboniferous,60.67,0.00,0.00,0.00,0.00,0.67,0.00,0.00,0.00,0.33,0.00,0.00,1.33,2.00,0.00,0.00,0.00,0.00,0.67,0.33,0.00,3.33,0.00,0.00,0.67,0.00,0.00,0.33,0.00,0.00,0.00,0.00,0.00,0.00,0.00,0.00,0.00,0.00,0.00,0.00,0.00,0.00,0.00,0.00,0.00,0.00,0.00,0.00,0.00,0.00,0.00,0.00,0.00,0.00,0.00,0.00,0.00,0.00,0.00,3.00,0.00,0.00,0.00,0.00,0.00,0.00,0.00,0.00,10.33,0.00,0.00,0.00,0.00,0.00,0.00,0.00,0.00,0.00,0.00,0.00,1.00,0.00,0.00,1.33,1.33,0.00,0.00,0.00,0.00,0.00,0.00,0.00,0.00,0.00,0.00,0.00,0.00,0.00,0.00,6.67,0.00,0.33,0.00,2.67,0.00,0.00,0.00,3.00,0.00,0.00,19.67,89.42,1.92,8.65,13.70,-1.52,0.031,,,,,
760,WellB_Carboniferous,2738.10,Upper Carboniferous,65.00,0.00,0.33,0.00,0.00,0.33,0.00,0.00,0.00,0.00,0.00,1.00,2.67,2.67,0.00,0.00,0.00,0.00,0.00,0.33,0.00,8.67,0.00,0.00,0.67,0.00,0.00,0.33,0.00,0.00,0.00,0.00,0.00,0.00,0.00,0.00,0.00,0.00,0.00,0.00,0.00,0.00,0.00,0.00,0.00,0.00,0.00,0.00,0.00,0.00,0.00,0.00,0.00,0.00,0.00,0.00,0.00,0.00,0.00,5.67,0.00,0.00,0.00,0.00,0.00,0.00,0.00,0.00,3.00,0.00,0.00,0.00,0.00,0.00,0.00,0.00,0.00,0.00,0.00,0.00,0.00,0.00,0.00,0.33,5.00,0.00,0.00,0.00,0.00,0.00,0.00,0.00,0.00,0.00,0.00,0.00,0.00,0.00,0.00,1.33,0.00,1.67,0.00,0.67,0.00,0.00,0.00,0.33,0.00,0.00,14.67,83.54,0.41,16.05,,,,,,,,
761,WellB_Carboniferous,2739.40,Upper Carboniferous,61.00,0.00,0.33,0.00,0.00,0.00,0.00,0.00,0.00,0.67,0.00,1.33,3.00,2.67,0.00,0.00,0.00,0.00,0.00,0.33,0.00,4.00,0.00,0.00,1.00,0.00,0.00,0.00,0.33,0.00,0.00,0.00,0.00,0.00,0.00,0.00,0.00,0.00,0.00,0.00,0.00,0.00,0.00,0.00,0.00,0.00,0.00,0.00,0.00,0.00,0.00,0.00,0.00,0.00,0.00,0.00,0.00,0.00,0.00,8.00,0.00,0.00,0.00,0.00,0.00,0.00,0.00,0.00,8.67,0.00,0.00,0.00,0.00,0.00,0.00,0.00,0.00,0.00,0.00,0.00,0.00,0.00,0.00,0.00,2.33,0.00,0.00,0.00,0.00,0.67,0.00,0.33,0.00,0.00,0.00,0.00,0.00,0.00,0.00,0.67,0.00,3.67,0.00,0.67,0.00,0.00,0.00,0.33,0.00,0.00,19.67,87.27,0.00,12.73,,,,,,,,
762,WellB_Carboniferous,2739.45,Upper Carboniferous,61.33,0.00,0.00,0.00,0.00,0.00,0.00,0.00,0.00,0.00,0.00,1.67,2.33,4.33,0.00,0.00,0.00,0.00,0.33,0.00,0.00,4.33,0.00,0.00,0.33,0.00,0.00,0.00,0.33,0.00,0.00,0.00,0.00,0.00,0.00,0.00,0.00,0.00,0.00,0.00,0.00,0.00,0.00,0.00,0.00,0.00,0.00,0.00,0.67,0.00,0.00,0.00,0.00,0.00,0.00,0.00,0.00,0.00,0.00,3.67,0.00,0.00,0.00,0.00,0.00,0.00,0.00,0.00,11.67,0.33,0.00,0.00,0.00,0.33,0.00,0.00,0.00,0.00,0.00,0.00,0.00,0.00,0.00,0.00,2.33,0.00,0.00,0.00,0.00,0.00,0.00,0.00,0.00,0.00,0.00,0.00,0.00,0.00,0.00,1.33,0.00,1.67,0.00,1.67,0.00,0.00,0.00,1.33,0.00,0.00,20.01,85.65,0.45,13.90,,,,,,,,
763,WellB_Carboniferous,2827.10,Upper Carboniferous,52.33,0.00,0.00,0.00,0.00,0.33,0.00,0.00,0.00,0.67,0.00,0.67,3.00,5.00,0.00,0.00,0.00,0.00,0.00,0.67,0.00,7.33,0.00,0.00,2.67,0.00,0.00,0.00,0.00,0.00,0.00,0.00,0.00,0.00,0.00,0.00,0.00,0.00,0.00,0.00,0.00,0.00,0.00,0.00,0.00,0.00,0.00,0.00,0.00,0.00,0.00,0.00,0.00,0.00,0.00,0.00,0.00,0.00,0.00,4.67,0.00,0.00,0.00,0.00,0.00,0.00,0.00,0.00,7.67,0.00,0.00,0.00,0.00,0.00,0.00,0.00,0.00,0.00,0.00,0.00,0.00,0.67,0.00,0.00,3.67,0.00,0.00,0.00,0.00,0.00,0.00,0.33,0.00,0.00,0.00,0.00,0.00,0.00,0.00,7.00,0.00,1.67,0.00,0.67,0.00,0.00,0.00,1.00,0.00,0.00,16.67,79.05,0.48,20.48,7.80,-1.83,0.015,,,,,
764,WellB_Carboniferous,2827.84,Upper Carboniferous,47.67,0.00,1.00,0.00,0.00,1.00,0.00,0.00,0.00,0.00,0.00,4.67,3.00,9.33,0.00,0.00,0.00,0.00,0.00,0.67,0.00,8.33,0.00,0.00,6.67,0.00,0.00,0.33,0.67,0.00,0.00,0.00,0.00,0.00,0.00,0.00,0.00,0.00,0.00,0.00,0.00,0.00,0.00,0.00,0.00,0.00,0.00,0.00,0.00,0.00,0.00,0.00,0.00,0.00,0.00,0.00,0.00,0.00,0.00,3.67,0.00,0.00,0.00,0.00,0.00,0.00,0.00,0.00,5.00,0.33,0.00,0.00,0.67,0.00,0.00,0.00,0.00,0.00,0.00,0.00,0.00,0.67,0.00,0.00,1.33,0.00,0.00,0.00,0.00,1.67,0.00,0.00,0.00,0.00,0.00,0.00,0.00,0.00,0.00,2.00,0.00,0.33,0.00,0.33,0.00,0.00,0.00,0.67,0.00,0.00,11.33,66.96,1.32,31.72,3.90,-2.23,0.006,,,,,
765,WellB_Carboniferous,2831.72,Upper Carboniferous,58.00,0.00,0.33,0.00,0.00,1.00,0.00,0.00,0.00,0.00,0.00,3.67,2.33,5.33,0.00,0.00,0.00,0.00,0.00,0.00,0.00,5.67,0.00,0.00,2.67,0.00,0.00,0.33,0.00,0.00,0.00,0.00,0.00,0.00,0.00,0.00,0.00,0.00,0.00,0.00,0.00,0.00,0.00,0.00,0.00,0.00,0.00,0.00,0.00,0.00,0.00,0.00,0.00,0.00,0.00,0.00,0.00,0.00,0.00,4.00,0.00,0.00,0.00,0.00,0.00,0.00,0.00,0.00,5.67,0.00,0.00,0.00,0.00,0.33,0.00,0.00,0.00,0.00,0.00,0.00,0.00,0.33,0.00,0.33,1.33,0.00,0.00,0.00,0.00,0.00,0.00,0.00,0.00,0.00,0.00,0.00,0.00,0.00,0.00,5.00,0.00,0.33,0.00,1.67,0.00,0.00,0.00,1.67,0.00,0.00,13.33,79.04,1.31,19.65,8.00,-0.98,0.104,,,,,
766,WellB_Carboniferous,2898.35,Upper Carboniferous,53.67,0.00,0.33,0.00,0.00,0.33,0.00,0.00,0.00,0.33,0.00,3.67,1.33,3.67,0.00,0.00,0.00,0.00,0.33,0.00,0.00,4.33,0.00,0.00,0.00,0.00,0.00,0.00,0.00,0.00,0.00,0.00,0.00,0.33,0.00,0.00,0.00,0.00,0.00,0.00,0.00,0.00,0.00,0.00,0.00,0.00,0.00,0.00,0.00,0.00,0.00,0.00,0.00,0.00,0.00,0.00,0.00,0.00,0.00,18.33,0.00,0.00,0.00,0.00,0.00,0.00,0.00,0.00,7.66,0.00,0.00,0.00,0.67,0.00,0.00,0.00,0.00,0.00,0.00,0.00,0.00,0.33,0.00,0.33,1.33,0.00,0.00,0.00,0.00,0.00,0.00,0.33,0.00,0.00,0.00,0.00,0.00,0.00,0.00,0.67,0.00,1.33,0.00,0.33,0.00,0.00,0.00,0.33,0.00,0.00,28.66,80.49,0.98,18.54,,,,,,,,
767,WellB_Carboniferous,2898.85,Upper Carboniferous,53.67,0.00,0.00,0.00,0.00,0.00,0.00,0.00,0.00,0.00,0.00,1.67,2.67,4.00,0.00,0.00,0.00,0.00,0.00,0.67,0.00,4.33,0.00,0.00,0.33,0.00,0.00,0.33,0.00,0.00,0.00,0.00,0.00,0.00,0.00,0.00,0.00,0.00,0.00,0.00,0.00,0.00,0.00,0.00,0.00,0.00,0.00,0.00,0.00,0.00,0.00,0.00,0.00,0.00,0.00,0.00,0.00,0.00,0.00,15.33,0.00,0.00,0.00,0.00,0.00,0.00,0.00,0.00,6.67,0.00,0.00,0.00,0.33,0.00,0.00,0.00,0.33,0.00,0.00,0.00,0.00,0.67,0.00,0.00,2.00,0.00,0.00,0.00,0.00,0.00,0.00,0.33,0.00,0.00,0.00,0.00,0.00,0.00,0.00,2.33,0.00,4.00,0.00,0.00,0.00,0.00,0.00,0.33,0.00,0.00,24.67,84.08,0.00,15.92,,,,,,,,
768,WellB_Rotliegendes,5251.04,Rotliegend,64.00,0.00,0.33,0.00,0.00,5.67,0.00,0.00,0.67,0.33,1.33,0.00,1.00,2.33,0.00,0.00,0.00,0.00,2.67,3.67,0.00,0.00,0.00,0.00,0.00,0.00,0.00,0.00,0.00,0.00,0.00,0.00,0.00,0.00,0.00,0.00,0.00,0.00,0.00,0.00,0.00,0.00,0.00,0.00,0.00,0.00,0.00,0.00,2.33,0.00,0.00,0.00,0.00,0.00,0.00,8.33,0.00,0.00,0.00,0.00,0.00,0.00,0.00,0.33,0.00,0.00,0.00,1.00,1.00,0.00,0.00,0.00,0.00,0.00,0.00,0.00,0.00,0.00,0.00,0.00,0.00,3.00,0.00,0.33,0.00,0.00,0.00,0.00,0.00,0.00,0.00,0.00,0.00,0.00,0.00,0.00,0.00,0.00,0.00,0.67,0.00,0.00,0.00,1.00,0.00,0.00,0.00,0.00,0.00,0.00,12.00,79.27,10.16,10.57,2.00,0.16,1.461,,,,,
769,WellB_Rotliegendes,5251.32,Rotliegend,61.67,0.00,1.33,0.00,0.00,9.67,0.00,0.00,0.33,0.00,1.33,0.33,1.00,0.00,0.00,0.00,0.00,0.00,4.33,1.67,0.00,0.00,0.00,0.00,0.00,0.00,0.00,0.00,0.00,0.00,0.00,0.00,0.00,0.00,0.00,0.00,0.00,0.00,0.00,0.00,0.00,0.00,0.00,0.00,0.00,0.00,0.00,0.00,0.00,0.00,0.00,0.00,0.00,0.00,0.00,4.67,0.00,0.00,0.00,0.00,0.00,0.00,0.00,0.00,0.00,0.00,0.00,0.00,4.33,0.00,0.00,0.00,0.00,0.00,0.00,0.00,0.00,0.00,0.00,0.00,0.00,1.33,0.00,2.00,0.00,0.00,0.00,0.00,0.00,0.00,0.33,0.00,0.00,0.00,0.00,0.00,0.00,0.00,0.00,0.00,0.33,0.00,0.00,4.67,0.00,0.00,0.00,0.67,0.00,0.00,15.67,76.73,17.14,6.12,6.30,0.50,3.128,,,,,
770,WellB_Rotliegendes,5251.56,Rotliegend,62.67,0.00,0.33,0.00,0.00,10.00,0.00,0.00,0.00,0.00,0.67,0.00,1.00,1.33,0.00,0.00,0.00,0.00,3.67,1.67,0.00,0.00,0.00,0.00,0.00,0.00,0.00,0.00,0.00,0.00,0.00,0.00,0.00,0.00,0.00,0.00,0.00,0.00,0.00,0.00,0.00,0.00,0.00,0.00,0.00,0.00,0.00,0.00,0.00,0.00,0.00,0.00,0.00,0.00,0.00,6.00,0.00,0.00,0.00,0.00,0.00,0.00,0.00,0.33,0.00,0.00,0.00,0.00,5.33,0.00,0.00,0.00,0.00,0.00,0.00,0.00,0.00,0.00,0.00,0.00,0.00,2.00,0.00,0.33,0.00,0.00,0.00,0.00,0.00,0.00,0.00,0.00,0.00,0.00,0.00,0.00,0.00,0.00,0.00,0.33,0.33,0.00,0.00,3.67,0.00,0.00,0.00,0.33,0.00,0.00,15.67,78.28,16.80,4.92,6.20,0.35,2.234,,,,,
771,WellB_Rotliegendes,5251.92,Rotliegend,56.33,0.00,0.33,0.00,0.00,10.33,0.00,0.00,0.33,0.67,0.00,0.00,1.00,2.33,0.00,0.00,0.00,0.00,0.33,4.67,0.00,0.00,0.00,0.00,0.00,0.00,0.00,0.00,0.00,0.00,0.00,0.00,0.00,0.00,0.00,0.00,0.00,0.00,0.00,0.00,0.00,0.00,0.00,0.00,0.00,0.00,0.00,0.00,2.00,0.00,0.00,0.00,0.00,0.00,0.00,2.67,0.00,0.00,0.00,0.00,0.00,0.00,0.00,0.00,0.00,0.00,0.00,0.00,7.33,0.00,0.00,0.00,0.00,0.00,0.00,0.00,0.00,0.00,0.00,0.00,0.00,3.67,0.00,7.00,0.00,0.00,0.00,0.00,0.00,0.00,0.00,0.00,0.00,0.00,0.00,0.00,0.00,0.00,0.00,0.67,0.33,0.00,0.00,0.00,0.00,0.00,0.00,0.00,0.00,0.00,17.00,75.11,13.97,10.92,2.10,-1.16,0.069,,,,,
772,WellB_Rotliegendes,5252.10,Rotliegend,53.67,0.00,0.67,0.00,0.00,7.33,0.00,0.00,0.00,0.33,1.00,0.00,0.67,1.00,0.00,0.00,0.00,0.00,8.33,8.67,0.00,0.00,0.00,0.00,0.00,0.00,0.00,0.33,0.00,0.00,0.00,0.00,0.00,0.00,0.00,0.00,0.00,0.00,0.00,0.00,0.00,0.00,0.00,0.00,0.00,0.00,0.00,0.00,1.33,0.00,0.00,0.00,0.00,0.00,0.00,0.33,0.00,0.00,0.00,0.00,0.00,0.00,0.00,0.00,0.67,0.00,0.00,0.00,3.33,0.00,0.00,0.00,0.00,0.00,0.00,0.00,0.00,0.00,0.00,0.00,0.33,3.00,0.00,3.67,0.00,0.00,0.00,0.00,0.00,0.00,0.00,0.00,0.00,0.00,0.00,0.00,0.00,0.00,0.00,0.33,0.33,0.00,0.00,4.67,0.00,0.00,0.00,0.00,0.00,0.00,13.00,66.53,19.18,14.29,12.20,2.42,262.884,,,,,
773,WellB_Rotliegendes,5252.45,Rotliegend,62.33,0.00,0.33,0.00,0.00,8.33,0.00,0.00,0.33,0.00,0.33,0.00,1.33,0.67,0.00,0.00,0.00,0.00,4.00,3.67,0.00,0.00,0.00,0.00,0.00,0.00,0.00,0.33,0.00,0.00,0.00,0.00,0.00,0.00,0.00,0.00,0.00,0.00,0.00,0.00,0.00,0.00,0.00,0.00,0.00,0.00,0.00,0.00,0.00,0.00,0.00,0.00,0.00,0.00,0.00,0.33,0.00,0.00,0.00,0.00,0.00,0.00,0.00,0.00,0.00,0.00,0.00,0.00,2.67,0.00,0.00,0.00,0.00,0.00,0.00,0.00,0.00,0.00,0.00,0.00,0.33,2.67,0.00,0.67,0.00,0.00,0.00,0.00,0.00,0.00,0.00,0.00,0.00,0.00,0.00,0.00,0.00,0.00,0.00,0.33,0.33,0.00,0.00,10.67,0.00,0.00,0.00,0.33,0.00,0.00,14.67,78.28,15.16,6.56,7.20,1.13,13.602,,,,,
774,WellB_Rotliegendes,5252.75,Rotliegend,61.00,0.00,0.00,0.00,0.00,9.33,0.00,0.00,0.33,0.00,0.33,0.33,0.67,0.00,0.00,0.00,0.00,0.00,2.00,3.67,0.00,0.00,0.00,0.00,0.00,0.00,0.00,0.00,0.00,0.00,0.00,0.00,0.00,0.00,0.00,0.00,0.00,0.00,0.00,0.00,0.00,0.00,0.00,0.00,0.00,0.00,0.00,0.00,1.67,0.00,0.00,0.00,0.00,0.00,0.00,0.33,0.00,0.00,0.00,0.00,0.00,0.00,0.00,0.00,0.00,0.00,0.00,0.00,4.67,0.00,0.00,0.00,0.00,0.00,0.00,0.00,0.00,0.00,0.00,0.00,0.00,1.67,0.00,2.33,0.00,0.00,0.00,0.00,0.00,0.00,0.00,0.00,0.00,0.00,0.00,0.00,0.00,0.00,0.00,0.33,0.00,0.00,0.00,11.00,0.00,0.00,0.00,0.33,0.00,0.00,18.33,79.40,14.59,6.01,13.00,2.39,247.521,,,,,
775,WellB_Rotliegendes,5260.06,Rotliegend,63.67,0.00,0.33,0.00,0.00,12.33,0.00,0.00,0.67,0.00,0.33,0.00,1.00,0.67,0.00,0.00,0.00,0.00,1.00,4.33,0.00,0.00,0.00,0.00,0.33,0.00,0.00,0.00,0.00,0.00,0.00,0.00,0.00,0.00,0.00,0.00,0.00,0.00,0.00,0.00,0.00,0.00,0.00,0.00,0.00,0.00,0.00,0.00,0.33,0.00,0.00,0.00,0.00,0.00,0.00,1.00,0.00,0.00,0.00,0.00,0.00,0.00,0.00,0.00,0.00,0.00,0.00,0.00,3.33,0.00,0.00,0.00,0.00,0.00,0.00,0.00,0.00,0.00,0.00,0.00,0.00,2.33,0.00,1.00,0.00,0.00,0.00,0.00,0.00,0.00,0.00,0.00,0.00,0.00,0.00,0.00,0.00,0.00,0.00,0.00,0.00,0.00,0.00,7.00,0.00,0.00,0.00,0.33,0.00,0.00,12.33,76.68,15.81,7.51,14.50,2.89,780.817,,,,,
776,WellB_Rotliegendes,5261.26,Rotliegend,61.00,0.00,0.00,0.00,0.00,12.67,0.00,0.00,0.00,0.00,1.33,0.00,1.33,0.67,0.00,0.00,0.00,0.00,2.00,3.00,0.00,0.00,0.00,0.00,0.00,0.00,0.00,0.00,0.00,0.00,0.00,0.00,0.00,0.00,0.00,0.00,0.00,0.00,0.00,0.00,0.00,0.00,0.00,0.00,0.00,0.00,0.00,0.00,1.00,0.00,0.00,0.00,0.00,0.00,0.00,1.33,0.00,0.00,0.00,0.00,0.00,0.00,0.00,0.00,0.00,0.00,0.00,0.00,5.00,0.00,0.00,0.00,0.00,0.00,0.00,0.00,0.00,0.00,0.00,0.00,0.33,2.33,0.00,1.00,0.00,0.00,0.00,0.00,0.00,0.00,0.00,0.00,0.00,0.00,0.00,0.00,0.00,0.00,0.00,0.00,0.00,0.00,0.00,6.67,0.00,0.00,0.00,0.33,0.00,0.00,14.33,76.02,17.89,6.10,11.30,2.31,202.426,,,,,
777,WellB_Rotliegendes,5261.52,Rotliegend,67.00,0.00,0.67,0.00,0.00,9.00,0.00,0.00,0.00,0.33,0.33,0.00,1.33,1.33,0.00,0.00,0.00,0.00,1.67,3.00,0.00,0.00,0.00,0.00,0.00,0.00,0.00,0.00,0.00,0.00,0.00,0.00,0.00,0.00,0.00,0.00,0.00,0.00,0.00,0.00,0.00,0.00,0.00,0.00,0.00,0.00,0.00,0.00,0.00,0.00,0.00,0.00,0.00,0.00,0.00,1.67,0.00,0.00,0.00,0.00,0.00,0.00,0.00,0.00,0.00,0.00,0.00,0.00,3.33,0.00,0.00,0.00,0.00,0.00,0.00,0.00,0.00,0.00,0.00,0.00,0.67,3.00,0.00,1.00,0.00,0.00,0.00,0.00,0.00,0.00,0.33,0.00,0.00,0.00,0.00,0.00,0.00,0.00,0.00,0.33,0.00,0.00,0.00,4.33,0.00,0.00,0.00,0.67,0.00,0.00,11.00,80.71,12.60,6.69,11.10,2.09,123.196,,,,,
778,WellB_Rotliegendes,5261.87,Rotliegend,58.00,0.00,0.00,0.00,0.00,8.00,0.00,0.00,0.33,0.00,0.67,0.00,1.00,0.67,0.00,0.00,0.00,0.00,4.33,4.00,0.00,0.00,0.00,0.00,0.00,0.00,0.00,0.00,0.00,0.00,0.00,0.00,0.00,0.00,0.00,0.00,0.00,0.00,0.00,0.00,0.00,0.00,0.00,0.00,0.00,0.00,0.00,0.00,0.00,0.00,0.00,0.00,0.00,0.00,0.00,5.67,0.00,0.00,0.00,0.00,0.00,0.00,0.00,0.00,0.00,0.00,0.00,0.00,4.00,0.00,0.00,0.00,0.00,0.00,0.00,0.00,0.00,0.00,0.00,0.00,1.00,4.67,0.00,1.67,0.00,0.00,0.00,0.00,0.00,0.00,0.00,0.00,0.00,0.00,0.00,0.00,0.00,0.00,0.00,0.00,0.00,0.00,0.00,5.67,0.00,0.00,0.00,0.33,0.00,0.00,18.00,76.62,16.02,7.36,10.60,2.10,125.679,,,,,
779,WellB_Rotliegendes,5262.08,Rotliegend,64.00,0.00,0.33,0.00,0.00,8.33,0.00,0.00,1.00,0.00,0.33,0.00,0.33,0.33,0.00,0.00,0.00,0.00,1.00,5.00,0.00,0.00,0.00,0.00,0.00,0.00,0.00,0.00,0.00,0.00,0.00,0.00,0.00,0.00,0.00,0.00,0.00,0.00,0.00,0.00,0.00,0.00,0.00,0.00,0.00,0.00,0.00,0.00,0.67,0.00,0.00,0.00,0.00,0.00,0.00,0.33,0.00,0.00,0.00,0.00,0.00,0.00,0.00,0.00,0.00,0.00,0.00,0.00,1.00,0.00,0.00,0.00,0.00,0.00,0.00,0.00,0.00,0.00,0.00,0.00,0.00,4.67,0.00,3.00,0.00,0.00,0.00,0.00,0.00,0.00,0.00,0.00,0.00,0.00,0.00,0.00,0.00,0.00,0.00,0.00,0.00,0.00,0.00,8.33,0.00,0.00,0.00,1.33,0.00,0.00,12.67,79.75,11.57,8.68,11.80,2.24,174.231,,,,,
780,WellB_Rotliegendes,5262.50,Rotliegend,57.67,0.00,0.67,0.00,0.00,9.00,0.00,0.00,0.00,0.67,0.00,0.00,1.33,0.67,0.00,0.00,0.00,0.00,1.33,2.00,0.00,0.00,0.00,0.00,0.00,0.00,0.00,0.00,0.00,0.00,0.00,0.00,0.00,0.00,0.00,0.00,0.00,0.00,0.00,0.00,0.00,0.00,0.00,0.00,0.00,0.00,0.00,0.00,0.00,0.00,0.00,0.00,0.00,0.00,0.00,5.00,0.00,0.00,0.00,0.00,0.00,0.00,0.00,0.00,0.00,0.00,0.00,0.00,8.33,0.00,0.00,0.00,0.00,0.00,0.00,0.00,0.00,0.00,0.00,0.00,0.67,3.33,0.00,3.00,0.00,0.00,0.00,0.00,0.00,0.00,0.00,0.00,0.00,0.00,0.00,0.00,0.00,0.00,0.00,0.00,0.00,0.00,0.00,5.33,0.00,0.00,0.00,1.00,0.00,0.00,22.33,80.45,14.09,5.45,8.90,1.51,32.435,,,,,
781,WellB_Rotliegendes,5263.00,Rotliegend,63.67,0.00,0.67,0.00,0.00,10.00,0.00,0.00,0.00,0.00,0.67,0.00,0.33,0.33,0.00,0.00,0.00,0.00,3.00,4.33,0.00,0.00,0.00,0.00,0.33,0.00,0.00,0.67,0.00,0.00,0.00,0.00,0.00,0.00,0.00,0.00,0.00,0.00,0.00,0.00,0.00,0.00,0.00,0.00,0.00,0.00,0.00,0.00,0.33,0.00,0.00,0.00,0.00,0.00,0.00,3.67,0.00,0.00,0.00,0.00,0.00,0.00,0.00,0.00,0.00,0.00,0.00,0.00,2.33,0.00,0.00,0.00,0.00,0.00,0.00,0.00,0.00,0.00,0.00,0.00,0.33,3.33,0.00,1.33,0.00,0.00,0.00,0.00,0.00,0.00,0.00,0.00,0.00,0.00,0.00,0.00,0.00,0.00,0.00,0.00,0.33,0.00,0.00,4.00,0.00,0.00,0.00,0.33,0.00,0.00,11.67,77.11,15.66,7.23,8.70,1.27,18.676,,,,,
782,WellB_Rotliegendes,5264.53,Rotliegend,56.33,0.00,0.00,0.00,0.00,8.00,0.00,0.00,0.00,0.33,0.00,0.00,1.67,0.67,0.00,0.00,0.00,0.00,10.33,3.67,0.00,0.00,0.00,0.00,0.00,0.00,0.00,0.00,0.00,0.00,0.00,0.00,0.00,0.00,0.00,0.00,0.00,0.00,0.00,0.00,0.00,0.00,0.00,0.00,0.00,0.00,0.00,0.00,6.33,0.00,0.00,0.00,0.00,0.00,0.00,2.33,0.00,0.00,0.00,0.00,0.00,0.00,0.00,0.00,0.33,0.00,0.00,0.00,2.33,0.00,0.00,0.00,0.00,0.00,0.00,0.00,0.00,0.00,0.00,0.00,0.00,3.33,0.00,3.67,0.00,0.00,0.00,0.00,0.00,0.00,0.00,0.00,0.00,0.00,0.00,0.00,0.00,0.00,0.00,0.67,0.00,0.00,0.00,0.00,0.00,0.00,0.00,0.00,0.00,0.00,8.67,71.60,22.63,5.76,1.50,-1.32,0.048,,,,,
783,WellB_Rotliegendes,5264.66,Rotliegend,51.67,0.00,0.67,0.00,0.00,5.67,0.67,0.00,0.00,0.00,0.00,0.00,0.33,2.00,0.00,0.00,0.00,0.00,10.67,3.00,0.00,0.00,0.00,0.00,0.00,0.00,0.00,0.00,0.00,0.00,0.00,0.00,0.00,0.00,0.00,0.00,0.00,0.00,0.00,0.00,0.00,0.00,0.00,0.00,0.00,0.00,0.00,0.00,10.00,0.00,0.00,0.00,0.00,0.00,0.00,0.00,0.00,0.00,0.00,0.00,0.00,0.00,0.00,0.00,0.67,0.00,0.00,0.00,2.67,0.00,0.00,0.00,0.00,0.00,0.00,0.00,0.00,0.00,0.00,0.00,0.00,4.00,0.00,7.00,0.00,0.00,0.00,0.00,0.00,0.00,0.00,0.00,0.00,0.00,0.00,0.00,0.00,0.00,0.00,0.67,0.33,0.00,0.00,0.00,0.00,0.00,0.00,0.00,0.00,0.00,10.33,69.64,22.77,7.59,0.60,-2.05,0.009,,,,,
784,WellB_Rotliegendes,5264.74,Rotliegend,61.00,0.00,0.00,0.00,0.00,9.00,0.00,0.00,0.00,0.00,1.00,0.00,0.00,0.00,0.00,0.00,0.00,0.00,1.67,3.67,0.00,0.00,0.00,0.00,0.00,0.00,0.00,0.00,0.00,0.00,0.00,0.00,0.00,0.00,0.00,0.00,0.00,0.00,0.00,0.00,0.00,0.00,0.00,0.00,0.00,0.00,0.00,0.00,0.00,0.00,0.00,0.00,0.00,0.00,0.00,0.00,0.00,0.00,0.00,0.00,0.00,0.00,0.00,0.00,0.00,0.00,0.00,0.00,12.00,0.00,0.00,0.00,0.00,0.00,0.00,0.00,0.00,0.00,0.00,0.00,0.33,2.67,0.00,1.00,0.00,0.00,0.00,0.00,0.00,0.00,0.00,0.00,0.00,0.00,0.00,0.00,0.00,0.00,0.00,0.00,0.00,0.00,0.00,7.33,0.00,0.00,0.00,0.33,0.00,0.00,20.67,79.91,13.97,6.11,11.90,2.47,293.922,,,,,
785,WellB_Rotliegendes,5264.96,Rotliegend,58.00,0.00,0.00,0.00,0.00,11.67,0.00,0.00,0.00,0.00,0.33,0.00,1.33,1.00,0.00,0.00,0.00,0.00,0.67,3.33,0.00,0.00,0.00,0.00,0.00,0.00,0.00,0.00,0.00,0.00,0.00,0.00,0.00,0.00,0.00,0.00,0.00,0.00,0.00,0.00,0.00,0.00,0.00,0.00,0.00,0.00,0.00,0.00,0.00,0.00,0.00,0.00,0.00,0.00,0.00,0.00,0.00,0.00,0.00,0.00,0.00,0.00,0.00,0.00,0.00,0.00,0.00,0.00,12.33,0.00,0.00,0.00,0.00,0.00,0.00,0.00,0.00,0.00,0.00,0.00,0.67,2.33,0.00,1.00,0.00,0.00,0.00,0.00,0.00,0.00,0.00,0.00,0.00,0.00,0.00,0.00,0.00,0.00,0.00,0.00,0.00,0.00,0.00,6.33,0.00,0.00,0.00,1.00,0.00,0.00,20.33,77.73,16.16,6.11,12.20,2.20,157.393,,,,,
786,WellB_Rotliegendes,5265.23,Rotliegend,55.00,0.00,0.00,0.00,0.00,11.00,0.00,0.00,0.00,0.00,0.33,0.00,0.67,0.00,0.00,0.00,0.00,0.00,4.00,3.00,0.00,0.00,0.00,0.00,0.00,0.00,0.00,0.33,0.00,0.00,0.00,0.00,0.00,0.00,0.00,0.00,0.00,0.00,0.00,0.00,0.00,0.00,0.00,0.00,0.00,0.00,0.00,0.00,1.00,0.00,0.00,0.00,0.00,0.00,0.00,4.00,0.00,0.00,0.00,0.00,0.00,0.00,0.00,0.00,0.00,0.00,0.00,0.00,9.67,0.33,0.00,0.00,0.00,0.00,0.00,0.00,0.00,0.00,0.00,0.00,0.33,2.67,0.00,1.33,0.33,0.00,0.00,0.00,0.00,0.00,0.33,0.00,0.00,0.00,0.00,0.00,0.00,0.00,0.00,0.00,0.00,0.00,0.00,5.33,0.00,0.00,0.00,0.33,0.00,0.00,21.33,75.23,20.27,4.50,7.80,1.50,31.264,,,,,
787,WellB_Rotliegendes,5267.71,Rotliegend,43.67,0.00,0.00,0.00,0.00,7.67,0.00,0.00,0.00,0.00,0.00,0.00,0.33,0.67,0.00,0.00,0.00,0.00,11.00,14.00,0.00,0.00,0.00,0.00,0.00,0.00,0.00,0.00,0.00,0.00,0.00,0.00,0.00,0.00,0.00,0.00,0.00,0.00,0.00,0.00,0.00,0.00,0.00,0.00,0.00,0.00,0.00,0.00,0.00,0.00,0.00,0.00,0.00,0.00,0.00,4.33,0.00,0.00,0.00,0.00,0.00,0.00,0.00,0.00,1.67,0.00,0.00,0.00,2.33,0.00,0.00,0.00,0.00,0.00,0.00,0.00,0.00,0.00,0.00,0.00,0.00,4.67,0.00,5.33,0.00,0.00,0.00,0.00,0.00,0.00,1.33,0.00,0.00,0.00,0.00,0.00,0.00,0.00,0.00,1.00,0.00,0.00,0.00,1.00,0.00,0.00,0.00,1.00,0.00,0.00,14.67,56.90,24.14,18.97,3.50,-1.08,0.084,,,,,
788,WellB_Rotliegendes,5279.25,Rotliegend,67.33,0.00,0.00,0.00,0.00,7.33,0.00,0.00,0.33,0.00,0.00,0.00,0.33,1.33,0.00,0.00,0.00,0.00,2.00,5.00,0.00,0.00,0.00,0.00,0.00,0.00,0.00,0.33,0.00,0.00,0.00,0.00,0.00,0.00,0.00,0.00,0.00,0.00,0.00,0.00,0.00,0.00,0.00,0.00,0.00,0.00,0.00,0.00,1.33,0.00,0.00,0.00,0.00,0.00,0.00,1.33,0.00,0.00,0.00,0.00,0.00,0.00,0.00,0.00,3.00,0.00,0.00,0.00,1.67,0.00,0.00,0.00,0.00,0.00,0.00,0.00,0.00,0.00,0.00,0.00,0.00,4.67,0.00,4.00,0.00,0.00,0.00,0.00,0.00,0.00,0.00,0.00,0.00,0.00,0.00,0.00,0.00,0.00,0.00,0.00,0.00,0.00,0.00,0.00,0.00,0.00,0.00,0.00,0.00,0.00,10.00,80.88,11.16,7.97,1.80,-1.28,0.053,,,,,
789,WellB_Rotliegendes,5280.12,Rotliegend,64.00,0.00,0.00,0.00,0.00,10.33,0.00,0.00,0.00,0.33,0.00,0.00,1.00,0.00,0.00,0.00,0.00,0.00,2.67,2.67,0.00,0.00,0.00,0.00,0.00,0.00,0.00,0.33,0.00,0.00,0.00,0.00,0.00,0.00,0.00,0.00,0.00,0.00,0.00,0.00,0.00,0.00,0.00,0.00,0.00,0.00,0.00,0.00,1.33,0.00,0.00,0.00,0.00,0.00,0.00,1.00,0.00,0.00,0.00,0.00,0.00,0.00,0.00,0.00,0.33,0.00,0.00,0.00,5.67,0.00,0.00,0.00,0.00,0.00,0.00,0.00,0.00,0.00,0.00,0.00,0.00,7.67,0.00,1.67,0.00,0.00,0.00,0.00,0.00,0.00,0.00,0.00,0.00,0.00,0.00,0.00,0.00,0.00,0.00,0.33,0.33,0.00,0.00,0.00,0.00,0.00,0.00,0.33,0.00,0.00,8.67,80.25,16.05,3.70,3.90,-0.94,0.116,,,,,
790,WellB_Rotliegendes,5281.35,Rotliegend,59.00,0.00,0.00,0.00,0.00,8.33,0.00,0.00,0.33,0.33,0.33,0.00,0.33,0.00,0.00,0.00,0.00,0.00,6.33,7.67,0.00,0.00,0.00,0.00,0.00,0.00,0.00,1.00,0.00,0.00,0.00,0.00,0.00,0.00,0.00,0.00,0.00,0.00,0.00,0.00,0.00,0.00,0.00,0.00,0.00,0.00,0.00,0.00,0.33,0.00,0.00,0.00,0.00,0.00,0.00,3.67,0.00,0.00,0.00,0.00,0.00,0.00,0.00,0.00,3.33,0.00,0.00,0.00,2.00,0.00,0.00,0.00,0.00,0.00,0.00,0.00,0.00,0.00,0.00,0.00,0.00,4.33,0.00,1.33,0.00,0.00,0.00,0.00,0.00,0.00,0.00,0.00,0.00,0.00,0.00,0.00,0.00,0.00,0.00,0.67,0.00,0.00,0.00,0.33,0.00,0.00,0.00,0.33,0.00,0.00,10.67,71.77,17.74,10.48,4.70,-0.94,0.115,,,,,
791,WellB_Rotliegendes,5282.82,Rotliegend,69.00,0.00,0.00,0.00,0.00,7.33,0.00,0.00,0.67,0.00,0.67,0.00,0.00,0.33,0.00,0.00,0.00,0.00,2.00,4.33,0.00,0.00,0.00,0.00,0.33,0.00,0.00,0.00,0.00,0.00,0.00,0.00,0.00,0.00,0.00,0.00,0.00,0.00,0.00,0.00,0.00,0.00,0.00,0.00,0.00,0.00,0.00,0.00,0.67,0.00,0.00,0.00,0.00,0.00,0.00,2.00,0.00,0.00,0.00,0.00,0.00,0.00,0.00,0.00,0.00,0.00,0.00,0.00,5.00,0.00,0.00,0.00,0.00,0.00,0.00,0.00,0.00,0.00,0.00,0.00,0.00,4.00,0.00,1.67,0.00,0.00,0.00,0.00,0.00,0.00,1.67,0.00,0.00,0.00,0.00,0.00,0.00,0.00,0.00,0.00,0.00,0.00,0.00,0.33,0.00,0.00,0.00,0.00,0.00,0.00,9.00,81.82,11.07,7.11,3.40,-1.28,0.052,,,,,
792,WellB_Rotliegendes,5284.07,Rotliegend,53.67,0.00,0.00,0.00,0.00,7.00,0.00,0.00,0.00,0.67,0.33,1.33,0.67,1.00,0.00,0.00,0.00,0.00,8.67,7.00,0.00,0.00,0.00,0.00,0.00,0.00,0.00,0.33,0.00,0.00,0.00,0.00,0.00,0.00,0.00,0.00,0.00,0.00,0.00,0.00,0.00,0.00,0.00,0.00,0.00,0.00,0.00,0.00,0.33,0.00,0.00,0.00,0.00,0.00,0.00,5.00,0.00,0.00,0.00,0.00,0.00,0.00,0.00,0.33,2.67,0.00,0.33,0.67,3.00,0.00,0.00,0.00,0.00,0.00,0.00,0.00,0.00,0.00,0.00,0.00,0.00,5.67,0.00,0.00,0.00,0.00,0.00,0.00,0.00,0.00,0.33,0.00,0.00,0.00,0.00,0.00,0.00,0.00,0.00,0.33,0.00,0.00,0.00,0.00,0.00,0.00,0.00,0.67,0.00,0.00,12.00,67.63,19.50,12.86,2.90,-1.20,0.063,,,,,
793,WellB_Rotliegendes,5285.52,Rotliegend,69.67,0.00,0.00,0.00,0.00,5.33,0.33,0.00,0.00,0.00,0.33,1.00,1.00,0.67,0.00,0.00,0.00,0.00,2.33,4.33,0.00,0.00,0.00,0.00,0.33,0.00,0.00,0.00,0.00,0.00,0.00,0.00,0.00,0.00,0.00,0.00,0.00,0.00,0.00,0.00,0.00,0.00,0.00,0.00,0.00,0.00,0.00,0.00,2.33,0.00,0.00,0.00,0.00,0.00,0.00,0.00,0.00,0.00,0.00,0.00,0.00,0.00,0.00,0.00,0.00,0.00,0.00,0.00,3.33,0.00,0.00,0.00,0.00,0.00,0.00,0.00,0.00,0.00,0.00,0.00,0.00,7.33,0.00,1.67,0.00,0.00,0.00,0.00,0.00,0.00,0.00,0.00,0.00,0.00,0.00,0.00,0.00,0.00,0.00,0.00,0.00,0.00,0.00,0.00,0.00,0.00,0.00,0.00,0.00,0.00,5.00,83.14,9.41,7.45,1.70,-1.68,0.021,,,,,
794,WellB_Rotliegendes,5285.81,Rotliegend,68.00,0.00,0.00,0.00,0.00,12.67,0.00,0.00,0.00,0.00,0.33,0.33,0.67,0.00,0.00,0.00,0.00,0.00,0.67,1.33,0.00,0.00,0.00,0.00,0.00,0.00,0.00,0.00,0.00,0.00,0.00,0.00,0.00,0.00,0.00,0.00,0.00,0.00,0.00,0.00,0.00,0.00,0.00,0.00,0.00,0.00,0.00,0.00,0.00,0.00,0.00,0.00,0.00,0.00,0.00,0.33,0.00,0.00,0.00,0.00,0.00,0.00,0.00,0.00,0.33,0.00,0.00,0.33,11.67,0.00,0.00,0.00,0.00,0.00,0.00,0.00,0.00,0.00,0.00,0.00,0.00,1.67,0.00,1.00,0.00,0.00,0.00,0.00,0.00,0.00,0.33,0.00,0.00,0.00,0.00,0.00,0.00,0.00,0.00,0.33,0.00,0.00,0.00,0.00,0.00,0.00,0.00,0.00,0.00,0.00,13.67,81.75,15.87,2.38,3.00,-1.06,0.088,,,,,
795,WellB_Rotliegendes,5286.80,Rotliegend,60.33,0.00,0.00,0.00,0.00,15.67,0.00,0.00,0.00,0.00,2.00,0.00,0.00,0.33,0.00,0.00,0.00,0.00,0.33,1.00,0.00,0.00,0.00,0.00,0.00,0.00,0.00,0.00,0.00,0.00,0.00,0.00,0.00,0.00,0.00,0.00,0.00,0.00,0.00,0.00,0.00,0.00,0.00,0.00,0.00,0.00,0.00,0.00,0.00,0.00,0.00,0.00,0.00,0.00,0.00,1.00,0.00,0.00,0.00,0.00,0.00,0.00,0.00,0.00,0.33,0.00,0.00,0.00,15.00,0.00,0.00,0.00,0.00,0.00,0.00,0.00,0.00,0.00,0.00,0.00,0.33,2.00,0.00,0.00,0.00,0.00,0.00,0.00,0.00,0.00,0.00,0.00,0.00,0.00,0.00,0.00,0.00,0.00,0.00,0.33,0.00,0.00,0.00,1.33,0.00,0.00,0.00,0.00,0.00,0.00,18.00,75.73,20.08,4.18,4.10,-0.34,0.462,,,,,
796,WellB_Rotliegendes,5288.58,Rotliegend,65.00,0.00,0.00,0.00,0.00,13.00,0.00,0.00,0.00,0.00,0.67,0.33,0.00,0.33,0.00,0.00,0.00,0.00,0.00,1.33,0.00,0.00,0.00,0.00,0.00,0.00,0.00,0.00,0.00,0.00,0.00,0.00,0.00,0.00,0.00,0.00,0.00,0.00,0.00,0.00,0.00,0.00,0.00,0.00,0.00,0.00,0.00,0.00,0.00,0.00,0.00,0.00,0.00,0.00,0.00,1.00,0.00,0.00,0.00,0.00,0.00,0.00,0.00,0.00,0.33,0.00,0.00,0.00,9.33,0.00,0.00,0.00,0.00,0.00,0.00,0.00,0.00,0.00,0.00,0.00,0.33,5.33,0.00,0.00,0.00,0.00,0.00,0.00,0.00,0.00,0.00,0.00,0.00,0.00,0.00,0.00,0.00,0.00,0.00,0.00,0.33,0.00,0.00,1.67,0.00,0.00,0.00,1.00,0.00,0.00,12.67,80.58,16.12,3.31,4.50,-0.36,0.439,,,,,
797,WellB_Rotliegendes,5289.48,Rotliegend,59.67,0.00,0.00,0.00,0.00,7.00,0.00,0.00,0.00,0.00,0.00,0.33,0.67,0.33,0.00,0.00,0.00,0.00,7.33,12.00,0.00,0.00,0.00,0.00,0.00,0.00,0.00,0.00,0.00,0.00,0.00,0.00,0.00,0.00,0.00,0.00,0.00,0.00,0.00,0.00,0.00,0.00,0.00,0.00,0.00,0.00,0.00,0.00,1.67,0.00,0.00,0.00,0.00,0.00,0.00,0.00,0.00,0.00,0.00,0.00,0.00,0.00,0.00,0.00,0.33,0.00,0.00,0.00,1.33,0.00,0.00,0.00,0.00,0.00,0.00,0.00,0.00,0.00,0.00,0.00,0.67,8.00,0.00,0.33,0.00,0.00,0.00,0.00,0.00,0.00,0.00,0.00,0.00,0.00,0.00,0.00,0.00,0.00,0.00,0.00,0.33,0.00,0.00,0.00,0.00,0.00,0.00,0.00,0.00,0.00,2.67,69.08,16.41,14.50,2.50,-1.17,0.068,,,,,
798,WellB_Rotliegendes,5290.94,Rotliegend,52.00,0.00,0.00,0.00,0.00,3.33,0.00,0.00,0.00,0.00,0.00,1.00,0.33,1.00,0.00,0.00,0.00,0.00,17.00,8.67,0.00,0.00,0.00,0.00,0.00,0.00,0.00,0.67,0.00,0.00,0.00,0.00,0.00,0.00,0.00,0.00,0.00,0.00,0.00,0.00,0.00,0.00,0.00,0.00,0.00,0.00,0.00,0.00,1.33,0.00,0.00,0.00,0.00,0.00,0.00,1.67,0.00,0.00,0.00,0.00,0.00,0.00,0.00,0.00,0.67,0.00,0.00,0.00,3.33,0.00,0.00,0.00,0.00,0.00,0.00,0.00,0.00,0.00,0.00,0.00,0.00,7.33,0.00,1.00,0.00,0.00,0.00,0.00,0.00,0.00,0.00,0.00,0.00,0.00,0.00,0.00,0.00,0.00,0.00,0.00,0.33,0.00,0.00,0.33,0.00,0.00,0.00,0.00,0.00,0.00,7.00,62.80,24.40,12.80,3.50,-1.19,0.064,,,,,
799,WellB_Rotliegendes,5291.88,Rotliegend,61.67,0.00,0.00,0.00,0.00,6.00,0.00,0.00,0.33,0.00,0.00,1.67,0.33,0.67,0.00,0.00,0.00,0.00,4.67,7.00,0.00,0.00,0.00,0.00,0.00,0.00,0.00,0.00,0.00,0.00,0.00,0.00,0.00,0.00,0.00,0.00,0.00,0.00,0.00,0.00,0.00,0.00,0.00,0.00,0.00,0.00,0.00,0.00,1.00,0.00,0.00,0.00,0.00,0.00,0.00,4.67,0.00,0.00,0.00,0.00,0.00,0.00,0.00,0.00,0.33,0.00,0.00,0.00,3.00,0.00,0.00,0.00,0.00,0.00,0.00,0.00,0.00,0.00,0.00,0.00,0.00,8.00,0.00,0.00,0.00,0.00,0.00,0.00,0.00,0.00,0.00,0.00,0.00,0.00,0.00,0.00,0.00,0.00,0.00,0.33,0.00,0.00,0.00,0.33,0.00,0.00,0.00,0.00,0.00,0.00,8.33,75.30,12.96,11.74,3.60,-1.07,0.086,,,,,
800,WellB_Rotliegendes,5293.37,Rotliegend,53.00,0.00,0.00,0.00,0.00,4.67,0.00,0.00,0.33,0.33,0.00,1.67,1.00,1.33,0.00,0.00,0.00,0.00,5.00,8.00,0.00,0.00,0.00,0.00,0.33,0.00,0.00,1.00,0.00,0.00,0.00,0.00,0.00,0.00,0.00,0.00,0.00,0.00,0.00,0.00,0.00,0.00,0.00,0.00,0.00,0.00,0.00,0.00,5.67,0.00,0.00,0.00,0.00,0.00,0.00,0.33,0.00,0.00,0.00,0.00,0.00,0.00,0.00,0.00,0.00,0.00,0.00,0.00,3.33,0.00,0.00,0.00,0.00,0.00,0.00,0.00,0.00,0.00,0.00,0.00,0.00,13.00,0.00,1.00,0.00,0.00,0.00,0.00,0.00,0.00,0.00,0.00,0.00,0.00,0.00,0.00,0.00,0.00,0.00,0.00,0.00,0.00,0.00,0.00,0.00,0.00,0.00,0.00,0.00,0.00,4.67,71.68,12.83,15.49,1.20,-1.64,0.023,,,,,
801,WellB_Rotliegendes,5293.69,Rotliegend,62.00,0.00,0.00,0.00,0.00,8.33,0.00,0.00,0.67,0.33,1.67,0.00,0.33,1.00,0.00,0.00,0.00,0.00,1.67,4.00,0.00,0.00,0.00,0.00,0.00,0.00,0.00,0.00,0.00,0.00,0.00,0.00,0.00,0.00,0.00,0.00,0.00,0.00,0.00,0.00,0.00,0.00,0.00,0.00,0.00,0.00,0.00,0.00,0.33,0.00,0.00,0.00,0.00,0.00,0.00,0.67,0.00,0.00,0.00,0.00,0.00,0.00,0.00,0.00,0.33,0.00,0.00,0.00,11.33,0.00,0.00,0.00,0.00,0.00,0.00,0.00,0.00,0.00,0.00,0.00,0.33,5.67,0.00,0.00,0.00,0.00,0.00,0.00,0.00,0.00,0.00,0.00,0.00,0.00,0.00,0.00,0.00,0.00,0.00,0.33,0.00,0.00,0.00,1.00,0.00,0.00,0.00,0.00,0.00,0.00,13.67,77.92,12.50,9.58,2.60,-1.27,0.054,,,,,
802,WellB_Rotliegendes,5294.28,Rotliegend,54.00,0.00,0.33,0.00,0.00,8.00,0.33,0.00,0.67,0.00,0.67,0.67,1.33,1.67,0.00,0.00,0.00,0.00,4.67,12.00,0.00,0.00,0.00,0.00,0.00,0.00,0.00,0.33,0.00,0.00,0.00,0.00,0.00,0.00,0.00,0.00,0.00,0.00,0.00,0.00,0.00,0.00,0.00,0.00,0.00,0.00,0.00,0.00,0.33,0.00,0.00,0.00,0.00,0.00,0.00,7.33,0.00,0.00,0.00,0.00,0.00,0.00,0.00,0.00,1.00,0.00,0.00,0.00,2.33,0.00,0.00,0.00,0.00,0.00,0.00,0.00,0.00,0.00,0.00,0.00,0.33,1.67,0.00,1.00,0.00,0.00,0.00,0.00,0.00,0.00,0.33,0.00,0.00,0.00,0.00,0.00,0.00,0.00,0.00,0.00,0.33,0.00,0.00,0.67,0.00,0.00,0.00,0.00,0.00,0.00,12.67,65.61,15.42,18.97,4.00,-0.45,0.353,,,,,
803,WellC_Buntsandstein,2970.35,Buntsandstein,45.00,9.33,0.00,0.00,0.00,8.67,0.00,0.00,1.33,0.00,0.00,0.67,0.33,0.67,0.00,0.00,0.00,0.00,0.33,0.00,0.00,1.33,0.00,0.00,0.33,0.00,0.00,0.00,0.00,0.00,0.00,0.00,0.00,0.00,0.00,0.00,0.00,0.00,0.00,0.00,0.00,0.00,0.00,0.00,0.00,0.00,0.00,0.00,0.00,0.00,0.00,0.00,0.00,0.00,0.00,0.00,0.00,0.67,0.00,0.00,0.00,0.00,0.00,0.00,0.00,0.00,0.00,0.00,21.67,1.67,0.00,0.00,0.00,0.00,0.00,0.00,0.00,0.00,0.00,0.00,2.67,1.00,0.00,0.00,0.00,0.00,0.00,0.00,0.00,0.00,0.00,0.33,0.00,0.00,0.00,0.00,0.00,0.00,0.00,0.00,0.00,0.00,0.00,1.00,0.00,0.00,0.00,0.33,0.00,0.00,27.67,80.79,13.30,5.91,4.11,,,,,,,
804,WellC_Buntsandstein,2974.22,Buntsandstein,34.00,7.33,1.00,0.00,0.00,7.00,0.33,0.00,1.67,0.67,1.67,2.00,1.33,0.67,0.00,0.00,0.00,0.00,0.67,0.00,0.00,0.33,0.00,0.00,0.00,0.00,0.00,0.33,0.33,0.00,0.00,0.00,0.00,0.00,0.00,0.00,0.00,0.00,0.00,0.00,0.00,0.00,0.00,0.00,0.00,0.00,0.00,0.00,0.00,0.00,0.00,0.00,0.00,0.00,0.00,0.00,0.00,0.67,0.00,0.00,0.00,0.00,0.00,0.00,0.00,0.00,0.33,0.00,21.00,0.67,0.00,0.00,0.00,0.00,0.00,0.00,0.00,0.00,0.00,0.00,1.33,1.33,0.00,0.00,0.00,0.00,0.00,0.00,0.00,0.00,0.00,1.00,0.00,0.00,0.00,0.00,0.00,0.00,0.00,0.00,0.00,0.33,0.00,0.67,0.00,0.00,0.00,1.33,0.00,0.00,24.67,72.73,13.64,13.64,4.95,,,,,,,
805,WellC_Buntsandstein,2974.48,Buntsandstein,37.33,6.67,1.67,0.00,0.00,7.00,0.00,0.00,4.33,1.33,0.00,1.67,0.00,10.00,0.00,0.00,0.00,0.00,0.67,0.00,0.00,2.33,0.00,0.00,1.67,0.00,0.00,0.67,0.33,0.00,0.00,0.00,0.00,0.00,0.00,0.00,0.00,0.00,0.00,0.00,0.00,0.00,0.00,0.00,0.00,0.00,0.00,0.00,0.00,0.00,0.00,0.00,0.00,0.00,0.00,0.00,0.00,2.67,0.00,0.00,0.00,0.33,0.00,0.00,0.00,0.00,0.00,0.00,9.67,0.67,0.00,0.00,0.00,0.00,0.00,0.00,0.00,0.00,0.00,0.00,1.33,2.33,0.00,0.67,0.00,0.00,0.00,0.00,0.00,0.00,0.00,0.00,0.00,0.00,0.00,0.00,0.00,0.00,0.00,0.00,0.00,0.00,0.00,0.00,0.00,0.00,0.00,0.00,0.00,0.00,15.33,60.27,10.50,29.22,0.79,,,,,,,
806,WellC_Buntsandstein,2974.83,Buntsandstein,33.67,6.00,1.33,0.00,0.00,5.67,0.00,0.00,0.33,1.00,0.00,1.33,1.00,0.33,0.00,0.00,0.00,0.00,0.67,0.00,0.00,0.00,0.00,0.00,0.00,0.00,0.00,0.33,0.00,0.00,0.00,0.00,0.00,0.00,0.00,0.00,0.00,0.00,0.00,0.00,0.00,0.00,0.00,0.00,0.00,0.00,0.00,0.00,0.00,0.00,0.00,0.00,0.00,0.00,0.00,0.00,0.00,0.67,0.00,0.00,0.00,0.00,0.00,0.00,0.00,0.00,0.00,0.00,29.67,0.00,0.00,0.00,0.00,0.67,0.00,0.00,0.00,0.00,0.00,0.00,1.00,0.67,0.00,0.00,0.00,0.00,0.00,0.00,0.00,0.00,0.00,0.00,0.00,0.00,0.00,0.00,0.00,0.00,0.00,0.00,0.00,0.00,0.00,0.67,0.00,0.00,0.00,1.67,0.00,0.00,32.67,79.22,12.34,8.44,4.17,,,,,,,
807,WellC_Buntsandstein,2975.09,Buntsandstein,32.67,9.33,2.33,0.00,0.00,5.67,0.00,0.00,4.33,1.00,0.00,1.33,1.33,0.33,0.00,0.00,0.00,0.00,0.67,0.00,0.00,0.00,0.00,0.00,0.67,0.00,0.00,0.33,0.00,0.00,0.00,0.00,0.00,0.00,0.00,0.00,0.00,0.00,0.00,0.00,0.00,0.00,0.00,0.00,0.00,0.00,0.00,0.00,0.00,0.00,0.00,0.00,0.00,0.00,0.00,0.00,0.00,1.33,0.00,0.00,0.00,0.00,0.00,0.00,0.00,0.00,0.00,0.00,24.33,1.33,0.00,0.00,0.00,0.33,0.00,0.00,0.00,0.00,0.00,0.00,1.00,0.33,0.00,0.00,0.00,0.00,0.00,0.00,0.00,0.00,0.00,0.67,0.00,0.00,0.00,0.00,0.00,0.00,0.00,0.00,0.00,0.00,0.00,0.00,0.00,0.00,0.00,0.33,0.00,0.00,28.33,73.45,10.73,15.82,5.02,,,,,,,
808,WellC_Buntsandstein,2975.50,Buntsandstein,41.00,12.00,1.67,0.00,0.00,6.33,0.00,0.00,0.67,0.67,0.33,0.33,1.33,1.00,0.00,0.00,0.00,0.00,0.00,0.00,0.00,0.00,0.00,0.00,0.00,0.00,0.00,0.00,0.00,0.00,0.00,0.00,0.00,0.00,0.00,0.00,0.00,0.00,0.00,0.00,0.00,0.00,0.00,0.00,0.00,0.00,0.00,0.00,0.00,0.00,0.00,0.00,0.00,0.00,0.00,0.00,0.00,2.67,0.00,0.00,0.00,0.00,0.00,0.00,0.00,0.00,0.00,0.00,17.67,1.00,0.00,0.00,0.00,0.00,0.00,0.00,0.00,0.00,0.00,0.00,8.00,0.67,0.00,0.00,0.00,0.00,0.00,0.00,0.00,0.00,0.00,0.00,0.00,0.00,0.00,0.00,0.00,0.00,0.00,0.33,0.00,0.00,0.00,0.00,0.00,0.00,0.00,0.33,0.00,0.00,29.33,83.16,9.69,7.14,2.14,,,,,,,
809,WellC_Buntsandstein,2975.70,Buntsandstein,31.67,13.33,1.67,0.00,0.00,6.67,0.33,0.00,0.33,0.33,0.00,0.67,1.00,0.00,0.00,0.00,0.00,0.00,0.33,0.00,0.00,0.00,0.00,0.00,0.00,0.00,0.00,0.00,0.00,0.00,0.00,0.00,0.00,0.00,0.00,0.00,0.00,0.00,0.00,0.00,0.00,0.00,0.00,0.00,0.00,0.00,0.00,0.00,0.00,0.00,0.00,0.00,0.00,0.00,0.00,0.00,0.00,0.33,0.00,0.00,0.00,0.00,0.00,0.00,0.00,0.00,0.33,0.00,27.67,2.00,0.00,0.00,0.00,0.67,0.00,0.00,0.00,0.00,0.00,0.00,0.33,0.33,0.00,0.00,0.00,0.00,0.00,0.00,0.00,0.00,0.00,0.67,0.00,0.00,0.00,0.00,0.00,0.00,0.00,0.67,0.00,0.00,0.00,0.33,0.00,0.00,0.00,1.00,0.00,0.00,31.67,81.66,13.02,5.33,2.14,,,,,,,
810,WellC_Buntsandstein,2975.89,Buntsandstein,37.67,10.67,2.00,0.00,0.00,6.33,0.00,0.00,2.00,0.33,0.00,1.00,1.00,0.33,0.00,0.00,0.00,0.00,1.00,0.00,0.00,0.33,0.00,0.00,0.33,0.00,0.00,0.00,0.00,0.00,0.00,0.00,0.00,0.33,0.00,0.00,0.00,0.00,0.00,0.00,0.00,0.00,0.00,0.00,0.00,0.00,0.00,0.00,0.00,0.00,0.00,0.00,0.00,0.00,0.00,0.00,0.00,2.00,0.00,0.00,0.00,0.00,0.00,0.00,0.00,0.00,0.00,0.00,21.00,1.33,0.00,0.00,0.00,0.33,0.00,0.00,0.00,0.00,0.00,0.00,1.00,0.67,0.00,0.00,0.00,0.00,0.00,0.00,0.00,0.00,0.00,1.33,0.00,0.00,0.00,0.00,0.00,0.00,0.00,0.00,0.00,0.33,0.00,0.33,0.00,0.00,0.00,1.00,0.00,0.00,26.00,78.31,11.64,10.05,2.39,,,,,,,
811,WellC_Buntsandstein,2976.50,Buntsandstein,37.33,13.33,2.00,0.00,0.00,9.00,0.00,0.00,1.00,2.00,0.00,5.33,1.00,3.00,0.00,0.00,0.00,0.00,0.33,0.00,0.00,0.33,0.00,0.00,0.00,0.00,0.00,0.67,0.00,0.00,0.00,0.00,0.00,0.00,0.00,0.00,0.00,0.00,0.00,0.00,0.00,0.00,0.00,0.00,0.00,0.00,0.00,0.00,0.00,0.00,0.00,0.00,0.00,0.00,0.00,0.00,0.00,1.67,0.00,0.00,0.00,0.00,0.00,0.00,0.00,0.00,0.00,0.00,6.67,0.00,0.00,0.00,0.00,0.00,0.00,0.00,0.00,0.00,0.00,0.00,3.33,5.67,0.00,0.00,0.00,0.00,0.00,0.00,0.00,0.00,0.00,0.00,0.00,0.00,0.00,0.00,0.00,0.00,0.00,0.33,0.00,0.00,0.00,0.00,0.00,0.00,0.00,0.00,0.00,0.00,11.67,69.20,12.50,18.30,2.44,,,,,,,
812,WellC_Buntsandstein,2976.99,Buntsandstein,31.33,13.00,1.33,0.00,0.00,9.67,0.00,0.00,0.00,1.33,0.33,2.00,1.67,0.67,0.00,0.00,0.00,0.00,0.67,0.00,0.00,0.67,0.00,0.00,0.33,0.00,0.00,0.00,0.00,0.00,0.00,0.00,0.00,0.00,0.00,0.00,0.00,0.00,0.00,0.00,0.00,0.00,0.00,0.00,0.00,0.00,0.00,0.00,0.00,0.00,0.00,0.00,0.00,0.00,0.00,0.00,0.00,0.00,0.00,0.00,0.00,0.00,0.00,0.00,0.00,0.00,0.00,0.00,28.67,1.00,0.00,0.00,0.00,0.33,0.00,0.00,0.00,0.00,0.00,0.00,1.33,0.33,0.00,0.00,0.00,0.00,0.00,0.00,0.00,0.00,0.00,0.00,0.00,0.00,0.00,0.00,0.00,0.00,0.00,1.00,0.00,0.33,0.00,0.00,0.00,0.00,0.00,0.33,0.00,0.00,31.33,73.40,16.49,10.11,3.50,,,,,,,
813,WellC_Buntsandstein,2977.30,Buntsandstein,38.33,8.67,1.00,0.00,0.00,12.67,0.00,0.00,0.67,0.33,0.00,0.67,1.00,0.33,0.00,0.00,0.00,0.00,0.33,0.00,0.00,0.33,0.00,0.00,0.67,0.00,0.00,0.00,0.00,0.00,0.00,0.00,0.00,0.00,0.00,0.00,0.00,0.00,0.00,0.00,0.00,0.00,0.00,0.00,0.00,0.00,0.00,0.00,0.00,0.00,0.00,0.00,0.00,0.00,0.00,0.00,0.00,0.67,0.00,0.00,0.00,0.00,0.00,0.00,0.00,0.00,0.00,0.00,24.00,0.33,0.00,0.00,0.00,0.00,0.00,0.00,0.00,0.00,0.00,0.00,0.33,0.67,0.00,0.00,0.00,0.00,0.00,0.00,0.00,0.00,0.00,0.33,0.00,0.00,0.00,0.00,0.00,0.00,0.00,0.67,0.00,0.33,0.00,0.67,0.00,0.00,0.00,0.67,0.00,0.00,26.00,74.61,20.21,5.18,3.76,,,,,,,
814,WellC_Buntsandstein,2968.40,Buntsandstein,43.00,13.00,0.00,0.00,0.00,8.00,0.00,0.00,1.00,1.33,0.00,1.33,2.00,5.67,0.00,0.00,0.00,0.00,0.67,0.00,0.00,6.00,0.00,0.00,1.00,0.33,0.00,0.67,0.33,0.00,0.00,0.00,0.00,0.00,0.00,0.00,0.00,0.00,0.00,0.00,0.00,0.00,0.00,0.00,0.00,0.00,0.00,0.00,0.00,0.00,0.00,0.00,0.00,0.00,0.00,0.00,0.00,2.33,0.00,0.00,0.00,0.00,0.00,0.00,0.00,0.00,0.00,0.00,3.33,0.00,0.00,0.00,0.00,0.00,0.00,0.00,0.00,0.00,0.00,0.00,1.33,5.67,0.00,0.00,0.00,0.00,0.00,0.00,0.00,0.00,0.00,0.00,0.00,0.00,0.00,0.00,0.00,0.00,0.00,0.00,0.00,0.00,0.00,0.00,0.00,0.00,0.00,0.00,0.00,0.00,7.00,70.73,10.57,18.70,0.88,,,,,,,
815,WellC_Buntsandstein,2970.65,Buntsandstein,32.67,10.00,2.00,0.00,0.00,7.67,0.00,0.00,0.33,1.33,0.33,1.00,1.33,0.33,0.00,0.00,0.00,0.00,0.33,0.00,0.00,0.00,0.00,0.00,0.00,0.00,0.00,0.00,0.00,0.00,0.00,0.00,0.00,0.00,0.00,0.00,0.00,0.00,0.00,0.00,0.00,0.00,0.00,0.00,0.00,0.00,0.00,0.00,0.00,0.00,0.00,0.00,0.00,0.00,0.00,0.00,0.00,2.67,0.00,0.00,0.00,0.00,0.00,0.00,0.00,0.00,0.00,0.00,24.00,0.67,0.00,0.00,0.00,0.00,0.00,0.00,0.00,0.00,0.00,0.00,4.67,0.67,0.00,0.00,0.00,0.00,0.00,0.00,0.00,0.00,0.00,1.00,0.00,0.00,0.00,0.00,0.00,0.00,0.00,0.00,0.00,0.00,0.00,0.33,0.00,0.00,0.00,0.33,0.00,0.00,32.33,76.74,13.95,9.30,3.79,,,,,,,
816,WellC_Buntsandstein,2977.42,Buntsandstein,38.67,10.00,1.33,0.00,0.00,6.67,0.00,0.00,1.67,2.00,0.00,1.67,1.00,2.67,0.00,0.00,0.00,0.00,0.67,0.00,0.00,0.33,0.00,0.00,0.67,0.00,0.00,0.00,0.00,0.00,0.00,0.00,0.00,0.00,0.00,0.00,0.00,0.00,0.00,0.00,0.00,0.00,0.00,0.00,0.00,0.00,0.00,0.00,0.00,0.00,0.00,0.00,0.00,0.00,0.00,0.00,0.00,0.67,0.00,0.00,0.00,0.00,0.00,0.00,0.00,0.00,0.00,0.00,13.00,0.00,0.00,0.00,0.00,0.00,0.00,0.00,0.00,0.00,0.00,0.00,3.67,1.67,0.00,0.00,0.00,0.00,0.00,0.00,0.00,0.00,0.00,0.33,0.00,0.00,0.00,0.00,0.00,0.00,0.00,0.67,0.00,0.00,0.00,0.33,0.00,0.00,0.00,0.33,0.00,0.00,17.67,74.50,11.00,14.50,3.54,,,,,,,
817,WellC_Buntsandstein,2977.95,Buntsandstein,45.33,11.67,0.67,0.00,0.00,5.00,0.00,0.00,0.67,1.33,0.00,1.67,1.33,1.67,0.00,0.00,0.00,0.00,0.33,0.00,0.00,0.33,0.00,0.00,0.33,0.00,0.00,0.33,0.00,0.00,0.00,0.00,0.00,0.00,0.00,0.00,0.00,0.00,0.00,0.00,0.00,0.00,0.00,0.00,0.00,0.00,0.00,0.00,0.00,0.00,0.00,0.00,0.00,0.00,0.00,0.00,0.00,0.00,0.00,0.00,0.00,0.33,0.00,0.00,0.00,0.00,0.33,0.00,13.33,0.67,0.00,0.00,0.00,0.00,0.00,0.00,0.00,0.00,0.00,0.00,4.33,1.00,0.00,0.00,0.00,0.00,0.00,0.00,0.00,0.00,0.00,0.00,0.00,0.00,0.00,0.00,0.00,0.00,0.00,0.00,0.00,0.00,0.00,1.33,0.00,0.00,0.00,0.33,0.00,0.00,20.33,83.33,7.62,9.05,4.48,,,,,,,
818,WellC_Buntsandstein,2978.27,Buntsandstein,37.67,9.00,1.33,0.00,0.00,2.67,0.33,0.00,5.33,0.33,0.33,1.00,1.00,13.33,0.00,0.00,0.00,0.00,0.00,0.00,0.00,12.33,0.00,0.00,7.33,1.67,1.00,0.67,0.00,0.00,0.00,0.00,0.00,0.00,0.00,0.00,0.00,0.00,0.00,0.00,0.00,0.00,0.00,0.00,0.00,0.00,0.00,0.00,0.00,0.00,0.00,0.00,0.00,0.00,0.00,0.00,0.00,1.67,0.00,0.00,0.00,0.00,0.00,0.00,0.00,0.00,0.00,0.00,0.67,0.00,0.00,0.00,0.00,0.00,0.00,0.00,0.00,0.00,0.00,0.00,0.00,1.33,0.00,0.00,0.00,0.00,0.00,0.00,0.00,0.00,0.00,0.00,0.00,0.00,0.00,0.00,0.00,0.00,0.00,0.00,0.00,0.00,0.00,0.00,0.00,0.00,0.00,0.00,0.00,0.00,2.33,56.30,3.54,40.16,1.05,,,,,,,
819,WellC_Buntsandstein,2979.48,Buntsandstein,37.33,9.67,0.67,0.00,0.00,5.67,0.00,0.00,0.00,0.33,0.00,1.33,1.00,0.00,0.00,0.00,0.00,0.00,0.33,0.00,0.00,0.33,0.00,0.00,0.67,0.00,0.00,0.00,0.00,0.00,0.00,0.00,0.00,0.00,0.00,0.00,0.00,0.00,0.00,0.00,0.00,0.00,0.00,0.00,0.00,0.00,0.00,0.00,0.00,0.00,0.00,0.00,0.00,0.00,0.00,0.00,0.00,0.00,0.00,0.00,0.00,0.00,0.00,0.00,0.00,0.00,0.00,0.00,31.67,0.33,0.00,0.00,0.00,1.00,0.00,0.00,0.00,0.00,0.00,0.00,0.33,0.00,0.00,0.00,0.00,0.00,0.00,0.00,0.00,0.00,0.00,0.33,0.00,0.00,0.00,0.00,0.00,0.00,0.00,0.00,0.00,0.00,0.00,0.00,0.00,0.00,0.00,0.33,0.00,0.00,33.33,84.71,10.59,4.71,1.98,,,,,,,
820,WellC_Buntsandstein,3149.15,Buntsandstein,46.67,11.33,1.33,0.00,0.00,6.67,0.00,0.00,1.00,0.67,0.33,1.00,1.33,3.33,0.00,0.00,0.00,0.00,1.67,0.00,0.00,5.33,0.00,0.00,0.67,0.00,0.00,0.33,0.67,0.00,0.00,0.00,0.00,0.00,0.00,0.00,0.00,0.00,0.00,0.00,0.00,0.00,0.00,0.00,0.00,0.00,0.00,0.00,0.00,0.00,0.00,0.00,0.00,0.00,0.00,0.00,0.00,0.00,0.00,0.00,0.00,0.00,0.00,0.00,0.00,0.00,0.00,0.00,2.00,0.00,0.00,0.00,0.33,0.00,0.00,0.00,0.00,0.00,0.00,0.00,0.00,12.00,0.00,0.00,0.00,0.00,0.00,0.00,0.00,0.00,0.00,0.00,0.00,0.00,0.00,0.00,0.00,0.00,0.00,0.00,0.00,0.00,0.00,0.00,0.00,0.00,0.00,0.00,0.00,0.00,2.33,73.55,10.33,16.12,0.96,,,,,,,
821,WellC_Buntsandstein,2970.65,Buntsandstein,30.33,7.67,0.67,0.00,0.00,8.00,0.00,0.00,2.00,2.00,0.00,1.00,0.67,0.00,0.00,0.00,0.00,0.00,0.33,0.00,0.00,0.00,0.00,0.00,0.00,0.00,0.00,0.00,0.00,0.00,0.00,0.00,0.00,6.67,0.00,0.00,0.00,0.00,0.00,0.00,0.00,0.00,0.00,0.00,0.00,0.00,0.00,0.00,0.00,0.00,0.00,0.00,0.00,0.00,0.00,0.00,0.00,9.67,0.00,0.00,0.00,0.00,0.00,0.00,0.00,0.00,0.00,0.00,16.00,0.33,0.00,0.00,0.00,0.00,0.00,0.00,0.00,0.00,0.00,0.00,0.00,0.33,0.00,0.00,0.00,0.00,0.00,0.00,0.00,0.00,0.00,2.67,0.00,0.00,0.00,0.00,0.00,0.00,0.00,0.00,0.00,0.00,0.00,1.00,0.00,0.00,0.00,0.00,0.00,0.00,27.00,65.17,14.04,20.79,2.56,,,,,,,
822,WellC_Buntsandstein,3149.32,Buntsandstein,39.00,13.00,0.33,0.00,0.00,6.67,0.00,0.00,0.33,0.33,0.00,0.00,0.67,0.00,0.00,0.00,0.00,0.00,0.67,0.00,0.00,1.33,0.00,0.00,0.33,0.00,0.00,0.00,0.00,0.00,0.00,0.00,0.00,0.00,0.00,0.00,0.00,0.00,0.00,0.00,0.00,0.00,0.00,0.00,0.00,0.00,0.00,0.00,0.00,0.00,0.00,0.00,0.00,0.00,0.00,0.00,0.00,0.00,0.00,0.00,0.00,0.00,0.00,0.00,0.00,0.00,0.00,0.00,8.00,0.33,0.00,0.00,0.33,1.00,0.00,0.00,0.00,0.00,0.00,0.00,0.00,8.67,0.00,0.00,0.00,0.00,0.00,0.00,0.00,0.00,0.00,0.00,0.00,0.00,0.00,0.00,0.00,0.00,0.00,0.00,0.00,0.00,0.00,0.00,0.00,0.00,0.00,0.00,0.00,0.00,9.67,84.49,11.76,3.74,1.58,,,,,,,
823,WellC_Buntsandstein,3150.06,Buntsandstein,42.67,10.33,2.33,0.00,0.00,6.00,0.00,0.00,1.00,1.00,0.00,0.67,2.00,0.00,0.00,0.00,0.00,0.00,1.00,0.00,0.00,2.00,0.00,0.00,0.00,0.00,0.00,0.33,0.00,0.00,0.00,0.00,0.00,0.00,0.00,0.00,0.00,0.00,0.00,0.00,0.00,0.00,0.00,0.00,0.00,0.00,0.00,0.00,0.00,0.00,0.00,0.00,0.00,0.00,0.00,0.00,0.00,0.00,0.00,0.00,0.00,0.00,0.00,0.00,0.00,0.00,0.00,0.00,13.67,0.00,0.00,0.00,0.00,1.00,0.00,0.00,0.00,0.00,0.00,0.00,4.67,3.67,0.00,0.00,0.00,0.00,0.00,0.00,0.00,0.00,0.00,0.33,0.00,0.00,0.00,0.00,0.00,0.00,0.00,0.00,0.00,0.00,0.00,1.33,0.00,0.00,0.00,0.67,0.00,0.00,20.67,79.71,10.14,10.14,3.56,,,,,,,
824,WellC_Buntsandstein,3151.09,Buntsandstein,26.67,12.00,1.33,0.00,0.00,8.33,0.00,0.00,0.00,0.00,0.00,0.33,0.33,0.33,0.00,0.00,0.00,0.00,1.33,0.00,0.00,1.00,0.00,0.00,0.33,0.00,0.00,0.00,0.00,0.00,0.00,0.00,0.00,0.00,0.00,0.00,0.00,0.00,0.00,0.00,0.00,0.00,0.00,0.00,0.00,0.00,0.00,0.00,0.00,0.00,0.00,0.00,0.00,0.00,0.00,0.00,0.00,0.33,0.00,0.00,0.00,0.00,0.00,0.00,0.00,0.00,0.33,0.00,28.67,1.00,0.00,0.00,0.00,0.00,0.00,0.00,0.00,0.00,0.00,0.00,0.00,0.00,0.00,0.00,0.00,0.00,0.00,0.00,0.00,0.00,0.00,2.00,0.00,0.00,0.00,0.00,0.00,0.00,0.00,0.33,0.00,0.33,0.00,2.00,0.00,0.00,0.00,2.00,0.00,0.00,32.33,75.48,18.71,5.81,4.32,,,,,,,
825,WellC_Buntsandstein,3151.56,Buntsandstein,46.67,14.67,1.33,0.00,0.00,8.33,0.00,0.00,1.67,0.33,0.00,1.33,1.33,1.67,0.00,0.00,0.00,0.00,0.00,0.00,0.00,2.00,0.00,0.00,1.33,0.00,0.00,0.00,0.00,0.00,0.00,0.00,0.00,0.00,0.00,0.00,0.00,0.00,0.00,0.00,0.00,0.00,0.00,0.00,0.00,0.00,0.00,0.00,0.00,0.00,0.00,0.00,0.00,0.00,0.00,0.00,0.00,0.00,0.00,0.00,0.00,0.00,0.00,0.00,0.00,0.00,0.00,0.00,2.33,0.00,0.00,0.00,0.00,0.67,0.00,0.00,0.00,0.00,0.00,0.00,0.00,10.00,0.00,0.00,0.00,0.00,0.00,0.00,0.00,0.00,0.00,0.00,0.00,0.00,0.00,0.00,0.00,0.00,0.00,0.00,0.00,0.00,0.00,0.00,0.00,0.00,0.00,0.00,0.00,0.00,3.00,78.99,10.50,10.50,1.22,,,,,,,
826,WellC_Buntsandstein,3152.05,Buntsandstein,37.33,12.00,2.33,0.00,0.00,6.00,0.00,0.00,0.00,0.33,0.67,0.00,2.00,0.00,0.00,0.00,0.00,0.00,1.33,0.00,0.00,0.33,0.00,0.00,0.00,0.00,0.00,0.00,0.33,0.00,0.00,0.00,0.00,0.00,0.00,0.00,0.00,0.00,0.00,0.00,0.00,0.00,0.00,0.00,0.00,0.00,0.00,0.00,0.00,0.00,0.00,0.00,0.00,0.00,0.00,0.00,0.00,0.33,0.00,0.00,0.00,0.00,0.00,0.00,0.00,0.00,0.00,0.00,19.00,0.00,0.00,0.00,0.00,2.33,0.00,0.00,0.00,0.00,0.00,0.00,0.00,0.33,0.00,0.00,0.00,0.00,0.00,0.00,0.00,0.00,0.00,0.00,0.00,0.00,0.00,0.00,0.00,0.00,0.00,0.33,0.00,0.00,0.00,0.67,0.00,0.00,0.00,1.00,0.00,0.00,22.33,82.35,11.76,5.88,2.02,,,,,,,
827,WellC_Buntsandstein,2971.10,Buntsandstein,34.00,14.00,0.33,0.00,0.00,6.67,0.00,0.00,0.67,1.67,0.33,0.33,1.00,0.33,0.00,0.00,0.00,0.00,0.00,0.00,0.00,0.67,0.00,0.00,0.00,0.00,0.00,0.33,0.00,0.00,0.00,0.00,0.00,0.00,0.00,0.00,0.00,0.00,0.00,0.00,0.00,0.00,0.00,0.00,0.00,0.00,0.00,0.00,0.00,0.00,0.00,0.00,0.00,0.00,0.00,0.00,0.00,0.67,0.00,0.00,0.00,0.00,0.00,0.00,0.00,0.00,0.33,0.00,27.00,0.00,0.00,0.00,0.00,0.00,0.00,0.00,0.00,0.00,0.00,0.00,2.67,0.00,0.00,0.00,0.00,0.00,0.00,0.00,0.00,0.00,0.00,0.67,0.00,0.00,0.00,0.00,0.00,0.00,0.00,0.33,0.00,0.00,0.00,1.00,0.00,0.00,0.00,0.67,0.00,0.00,31.67,81.67,11.11,7.22,3.50,,,,,,,
828,WellC_Buntsandstein,2968.82,Buntsandstein,43.67,9.00,0.67,0.00,0.00,6.00,0.00,0.00,6.00,1.00,0.00,0.00,1.67,2.33,0.00,0.00,0.00,0.00,0.33,0.00,0.00,1.33,0.00,0.00,0.33,0.00,0.00,0.33,0.00,0.00,0.00,0.00,0.00,0.00,0.00,0.00,0.00,0.00,0.00,0.00,0.00,0.00,0.00,0.00,0.00,0.00,0.00,0.00,0.00,0.00,0.00,0.00,0.00,0.00,0.00,0.00,0.00,1.00,0.00,0.00,0.00,0.33,0.00,0.00,0.00,0.00,0.00,0.00,20.67,1.00,0.00,0.00,0.00,0.00,0.00,0.00,0.00,0.00,0.00,0.00,0.00,0.33,0.00,0.00,0.00,0.00,0.00,0.00,0.00,0.00,0.00,0.67,0.00,0.00,0.00,0.00,0.00,0.00,0.00,0.00,0.00,0.00,0.00,0.00,0.00,0.00,0.00,0.00,0.00,0.00,23.00,75.46,8.80,15.74,1.98,,,,,,,
829,WellC_Buntsandstein,2971.39,Buntsandstein,38.00,12.67,0.00,0.00,0.00,8.00,0.00,0.00,2.33,0.33,0.33,0.00,1.00,1.00,0.00,0.00,0.00,0.00,0.33,0.00,0.00,1.00,0.00,0.00,1.33,0.00,0.00,0.00,0.00,0.00,0.00,0.00,0.00,0.33,0.00,0.00,0.00,0.00,0.00,0.00,0.00,0.00,0.00,0.00,0.00,0.00,0.00,0.00,0.00,0.00,0.00,0.00,0.00,0.00,0.00,0.00,0.00,1.67,0.00,0.00,0.00,0.00,0.00,0.00,0.00,0.00,0.00,0.00,15.67,0.33,0.00,0.00,0.00,0.00,0.00,0.00,0.00,0.00,0.00,0.00,3.00,2.00,0.00,0.00,0.00,0.00,0.00,0.00,0.00,0.00,0.00,0.33,0.00,0.00,0.00,0.00,0.00,0.00,0.00,0.33,0.00,0.00,0.00,0.67,0.00,0.00,0.00,0.67,0.00,0.00,21.33,79.08,12.76,8.16,2.57,,,,,,,
830,WellC_Buntsandstein,2972.45,Buntsandstein,38.67,13.33,1.33,0.00,0.00,7.00,0.33,0.00,1.67,0.33,0.00,0.00,0.33,0.00,0.00,0.00,0.00,0.00,0.33,0.00,0.00,0.33,0.00,0.00,0.00,0.00,0.00,0.00,0.00,0.00,0.00,0.00,0.00,0.00,0.00,0.00,0.00,0.00,0.00,0.00,0.00,0.00,0.00,0.00,0.00,0.00,0.00,0.00,0.00,0.00,0.00,0.00,0.00,0.00,0.00,0.00,0.00,1.00,0.00,0.00,0.00,0.33,0.00,0.00,0.00,0.00,0.67,0.00,21.67,0.33,0.00,0.00,0.00,0.00,0.00,0.00,0.00,0.00,0.00,0.00,0.33,0.00,0.00,0.00,0.00,0.00,0.00,0.00,0.00,0.00,0.00,0.67,0.00,0.00,0.00,0.00,0.00,0.00,0.00,0.33,0.00,0.00,0.00,1.00,0.00,0.00,0.00,1.67,0.00,0.00,25.33,82.20,12.04,5.76,2.30,,,,,,,
831,WellC_Buntsandstein,2969.71,Buntsandstein,40.67,10.33,0.33,0.00,0.00,5.67,0.00,0.00,2.67,0.33,0.00,0.00,1.33,0.33,0.00,0.00,0.00,0.00,0.00,0.00,0.00,0.33,0.00,0.00,0.67,0.00,0.00,0.00,0.00,0.00,0.00,0.00,0.00,0.67,0.00,0.00,0.00,0.00,0.00,0.00,0.00,0.00,0.00,0.00,0.00,0.00,0.00,0.00,0.00,0.00,0.00,0.00,0.00,0.00,0.00,0.00,0.00,3.33,0.00,0.00,0.00,1.00,0.00,0.00,0.00,0.00,1.00,0.00,22.33,1.00,0.00,0.00,0.00,0.00,0.00,0.00,0.00,0.00,0.00,0.00,0.00,0.00,0.00,0.00,0.00,0.00,0.00,0.00,0.00,0.00,0.00,0.00,0.00,0.00,0.00,0.00,0.00,0.00,0.00,0.00,0.00,0.00,0.00,1.00,0.00,0.00,0.00,0.67,0.00,0.00,29.67,83.51,9.04,7.45,2.67,,,,,,,
832,WellC_Buntsandstein,2973.02,Buntsandstein,33.00,11.33,0.33,0.00,0.00,5.33,0.00,0.00,0.33,2.00,0.00,0.00,0.00,0.00,0.00,0.00,0.00,0.00,0.33,0.00,0.00,0.33,0.00,0.00,0.00,0.00,0.00,0.00,0.00,0.00,0.00,0.00,0.00,2.00,0.00,0.00,0.00,0.00,0.00,0.00,0.00,0.00,0.00,0.00,0.00,0.00,0.00,0.00,0.00,0.00,0.00,0.00,0.00,0.00,0.00,0.00,0.00,25.00,0.00,0.00,0.00,0.00,0.00,0.00,0.00,0.00,0.33,0.00,12.00,0.33,0.00,0.00,0.00,0.00,0.00,0.00,0.00,0.00,0.00,0.00,0.00,0.33,0.00,0.00,0.00,0.00,0.00,0.00,0.00,0.00,0.00,0.33,0.00,0.00,0.00,0.00,0.00,0.00,0.00,0.00,0.00,0.00,0.00,0.33,0.00,0.00,0.00,1.00,0.00,0.00,38.00,80.61,10.30,9.09,2.39,,,,,,,
833,WellC_Buntsandstein,2973.35,Buntsandstein,30.00,7.33,0.67,0.00,0.00,4.33,0.00,0.00,4.00,0.67,0.00,0.00,0.33,0.00,0.00,0.00,0.00,0.00,0.33,0.00,0.00,0.67,0.00,0.00,0.00,0.00,0.00,0.00,0.00,0.00,0.00,0.00,0.00,1.00,0.00,0.00,0.00,0.00,0.00,0.00,0.00,0.00,0.00,0.00,0.00,0.00,0.00,0.00,0.00,0.00,0.00,0.00,0.00,0.00,0.00,0.00,0.00,17.33,0.00,0.00,0.00,0.33,0.00,0.00,0.00,0.00,0.00,0.00,13.67,0.33,0.00,0.00,0.00,0.00,0.00,0.00,0.00,0.00,0.00,0.00,0.33,0.00,0.00,0.00,0.00,0.00,0.00,0.00,0.00,0.00,0.00,1.67,0.00,0.00,0.00,0.00,0.00,0.00,0.00,0.00,0.00,0.00,0.00,0.00,0.00,0.00,0.00,0.33,0.00,0.00,32.00,76.35,9.46,14.19,1.59,,,,,,,
834,WellC_Buntsandstein,2970.07,Buntsandstein,38.33,12.33,0.33,0.00,0.00,5.67,0.00,0.00,1.33,1.00,0.33,1.33,1.67,0.67,0.00,0.00,0.00,0.00,0.00,0.00,0.00,0.00,0.00,0.00,0.00,0.00,0.00,0.00,0.00,0.00,0.00,0.00,0.00,0.33,0.00,0.00,0.00,0.00,0.00,0.00,0.00,0.00,0.00,0.00,0.00,0.00,0.00,0.00,0.00,0.00,0.00,0.00,0.00,0.00,0.00,0.00,0.00,0.00,0.00,0.00,0.00,1.33,0.00,0.00,0.00,0.00,0.67,0.00,26.33,1.33,0.00,0.00,0.00,0.00,0.00,0.00,0.00,0.33,0.00,0.00,1.67,0.00,0.00,0.00,0.00,0.00,0.00,0.00,0.00,0.00,0.00,0.00,0.00,0.00,0.00,0.00,0.00,0.00,0.00,0.00,0.00,0.00,0.00,0.67,0.00,0.00,0.00,0.33,0.00,0.00,32.33,82.63,8.95,8.42,3.00,,,,,,,
835,WellC_Buntsandstein,2973.73,Buntsandstein,33.00,6.67,1.00,0.00,0.00,7.33,0.00,0.00,1.67,0.00,1.33,2.00,0.67,1.00,0.00,0.00,0.00,0.00,0.00,0.00,0.00,0.33,0.00,0.00,0.33,0.00,0.00,0.00,0.00,0.00,0.00,0.00,0.00,1.00,0.00,0.00,0.00,0.00,0.00,0.00,0.00,0.00,0.00,0.00,0.00,0.00,0.00,0.00,0.00,0.00,0.00,0.00,0.00,0.00,0.00,0.00,0.00,0.67,0.00,0.00,0.00,0.00,0.00,0.00,0.00,0.00,0.00,0.00,30.00,1.67,0.00,0.00,0.00,0.33,0.00,0.00,0.00,0.00,0.00,0.00,0.33,0.33,0.00,0.00,0.00,0.00,0.00,0.00,0.00,0.00,0.00,0.67,0.00,0.00,0.00,0.00,0.00,0.00,0.00,0.00,0.00,0.00,0.00,0.00,0.00,0.00,0.00,0.33,0.00,0.00,33.00,72.02,13.10,14.88,2.02,,,,,,,
836,WellC_Buntsandstein,2973.98,Buntsandstein,36.67,5.67,0.67,0.00,0.00,7.33,0.00,0.00,0.67,1.00,0.00,0.67,1.00,0.33,0.00,0.00,0.00,0.00,0.33,0.00,0.00,0.00,0.00,0.00,0.33,0.00,0.00,0.00,0.00,0.00,0.00,0.00,0.00,0.00,0.00,0.00,0.00,0.00,0.00,0.00,0.00,0.00,0.00,0.00,0.00,0.00,0.00,0.00,0.00,0.00,0.00,0.00,0.00,0.00,0.00,0.00,0.00,1.33,0.00,0.00,0.00,1.00,0.00,0.00,0.00,0.00,0.00,0.00,26.33,0.33,0.00,0.00,0.33,0.33,0.00,0.00,0.00,0.00,0.00,0.00,2.33,0.00,0.00,0.00,0.00,0.00,0.00,0.00,0.00,0.00,0.00,0.33,0.00,0.00,0.00,0.00,0.00,0.00,0.00,0.33,0.00,0.00,0.00,1.00,0.00,0.00,0.00,0.33,0.00,0.00,33.00,79.75,14.11,6.13,4.12,,,,,,,
837,WellD_Buntsandstein,702.90,Buntsandstein,42.33,0.00,1.00,0.00,0.00,13.67,0.00,0.00,0.00,1.33,1.00,1.00,0.67,0.67,0.00,0.00,0.00,0.00,0.33,0.00,0.00,1.33,0.00,0.00,0.00,0.00,0.00,0.33,0.00,0.33,0.00,0.00,0.00,0.00,0.00,0.00,0.00,0.00,0.00,0.00,0.00,0.00,0.00,0.00,0.00,0.00,0.00,0.00,3.67,0.00,0.00,0.00,0.00,0.00,0.00,0.00,0.00,3.33,0.00,0.00,0.00,0.00,0.00,0.00,0.00,0.00,0.00,0.00,1.67,5.00,0.00,0.00,1.00,0.67,1.33,0.00,0.00,0.00,0.00,0.00,4.67,9.33,0.00,0.00,0.00,0.00,0.00,0.00,0.00,0.00,0.00,0.00,0.00,0.00,0.00,0.00,0.00,0.00,0.00,0.67,0.00,1.33,0.00,2.67,0.00,0.00,0.00,0.67,0.00,0.00,20.33,67.89,22.11,10.00,12.54,-1.99,0.010,,,,,
838,WellD_Buntsandstein,697.65,Buntsandstein,46.33,0.00,2.00,0.00,0.00,11.67,0.00,0.00,0.00,3.33,3.33,1.00,1.00,1.00,0.00,0.00,0.00,0.00,0.00,0.00,0.00,0.33,0.00,0.00,0.00,0.00,0.00,0.00,0.33,0.00,0.00,0.00,0.00,0.00,0.00,0.00,0.00,0.00,0.00,0.00,0.00,0.00,0.00,0.00,0.00,0.00,0.00,0.00,0.00,0.00,0.00,0.00,0.00,0.00,0.00,0.00,0.00,0.67,0.00,0.00,0.00,0.00,0.00,0.00,0.00,0.00,0.00,0.00,1.67,3.67,0.00,0.00,0.67,0.00,2.00,0.00,0.00,0.00,0.00,0.00,4.33,9.33,0.00,0.00,0.33,0.00,0.00,0.00,0.00,0.00,0.00,0.00,0.00,0.00,0.00,0.00,0.00,0.00,0.00,1.67,0.00,0.00,0.00,4.33,0.00,0.00,0.00,0.67,0.00,0.33,17.67,67.62,16.67,15.71,11.66,-2.20,0.006,,,,,
839,WellD_Buntsandstein,692.70,Buntsandstein,46.00,0.00,2.33,0.00,0.00,14.00,0.00,0.00,0.00,1.00,1.00,0.67,0.33,0.67,0.00,0.00,0.00,0.00,0.00,0.00,0.00,1.00,0.00,0.00,0.00,0.00,0.00,0.00,0.67,0.00,0.00,0.00,0.00,0.00,0.00,0.00,0.00,0.00,0.00,0.00,0.00,0.00,0.00,0.00,0.00,0.00,0.00,0.00,0.00,0.00,0.00,0.00,0.00,0.00,0.00,0.00,0.00,5.00,0.00,0.00,0.00,0.00,0.00,0.00,0.00,0.00,0.00,0.00,2.00,2.67,0.00,0.00,0.33,0.00,0.67,0.00,0.00,0.00,0.00,0.00,8.67,3.33,0.00,0.00,0.00,0.00,0.00,0.00,0.00,0.00,0.00,0.00,0.00,0.00,0.00,0.00,0.00,0.00,0.00,3.33,0.00,0.00,0.00,6.00,0.00,0.00,0.00,0.33,0.00,0.00,25.33,69.15,20.90,9.95,14.01,-0.84,0.145,,,,,
840,WellD_Buntsandstein,683.90,Buntsandstein,45.33,0.00,0.67,0.00,0.00,12.00,0.00,0.00,0.00,0.33,1.33,0.67,0.33,0.00,0.00,0.00,0.00,0.00,0.00,0.00,0.00,0.67,0.00,0.00,0.00,0.00,0.00,0.00,0.33,0.33,0.00,0.00,0.00,0.00,0.00,0.00,0.00,0.00,0.00,0.00,0.00,0.00,0.00,0.00,0.00,0.00,0.00,0.00,0.00,0.00,0.00,0.00,0.00,0.00,0.00,0.00,0.00,8.67,0.00,0.00,0.00,0.00,0.00,0.00,1.33,0.00,0.00,0.00,19.00,2.00,0.00,0.00,0.00,1.00,0.67,0.00,0.00,0.00,0.00,0.00,0.67,1.67,0.00,0.00,0.00,0.00,0.00,0.00,0.00,0.00,0.00,1.33,0.00,0.00,0.00,0.00,0.00,0.00,0.00,0.67,0.00,0.00,0.00,1.00,0.00,0.00,0.00,0.00,0.00,0.00,34.33,74.46,19.57,5.98,5.80,-1.73,0.019,,,,,
841,WellD_Buntsandstein,676.90,Buntsandstein,51.33,0.00,3.33,0.00,0.00,12.00,0.00,0.00,1.67,2.33,3.33,2.67,1.00,1.00,0.00,0.00,0.00,0.00,0.00,0.00,0.00,3.33,0.00,0.00,0.00,0.00,0.00,0.00,0.67,0.00,0.00,0.00,0.00,0.00,0.00,0.00,0.00,0.00,0.00,0.00,0.00,0.00,0.00,0.00,0.00,0.00,0.00,0.00,0.00,0.00,0.00,0.00,0.00,0.00,0.00,0.00,0.00,0.00,0.00,0.00,0.00,0.00,0.00,0.00,0.00,0.00,0.00,0.00,0.00,2.67,0.00,0.00,1.00,1.33,1.00,0.00,0.00,0.00,0.00,0.00,2.00,5.67,0.00,0.00,0.00,0.00,0.00,0.00,0.00,0.00,0.00,0.00,0.00,0.00,0.00,0.00,0.00,0.00,0.00,0.67,0.00,0.00,0.00,2.67,0.00,0.00,0.00,0.33,0.00,0.00,10.67,63.82,14.63,21.54,9.73,-2.32,0.005,,,,,
842,WellD_Buntsandstein,672.90,Buntsandstein,51.67,0.00,1.33,0.00,0.00,14.00,0.00,0.00,0.00,2.00,1.33,4.00,2.00,3.33,0.00,0.00,0.00,0.00,0.33,0.00,0.00,2.67,0.00,0.00,0.00,0.00,0.00,0.00,0.00,0.00,0.00,0.00,0.00,0.00,0.00,0.00,0.00,0.00,0.00,0.00,0.00,0.00,0.00,0.00,0.00,0.00,0.00,0.00,0.00,0.00,0.00,0.00,0.00,0.00,0.00,0.00,0.00,0.67,0.00,0.00,0.00,0.00,0.00,0.00,0.00,0.00,0.00,0.00,0.33,0.00,0.00,0.00,0.33,0.00,2.00,0.00,0.00,0.00,0.00,0.00,5.00,6.00,0.00,0.00,0.00,0.00,0.00,0.00,0.00,0.00,0.00,0.00,0.00,0.00,0.00,0.00,0.00,0.00,0.00,1.33,0.00,0.00,0.00,1.67,0.00,0.00,0.00,0.00,0.00,0.00,10.00,64.92,17.34,17.74,12.06,-1.75,0.018,,,,,
843,WellD_Buntsandstein,668.15,Buntsandstein,50.33,0.00,5.00,0.00,0.00,10.67,0.00,0.00,0.67,1.67,1.00,1.00,0.00,0.33,0.00,0.00,0.00,0.00,0.00,0.00,0.00,3.67,0.00,0.00,0.00,0.00,0.00,0.00,0.00,0.00,0.00,0.00,0.00,0.00,0.00,0.00,0.00,0.00,0.00,0.00,0.00,0.00,0.00,0.00,0.00,0.00,0.00,0.00,0.00,0.00,0.00,0.00,0.00,0.00,0.00,0.00,0.00,0.00,0.00,0.00,0.00,0.00,0.00,0.00,0.00,0.00,0.00,0.00,0.33,0.00,0.00,0.00,1.00,3.00,2.67,0.00,0.00,0.00,0.00,0.00,7.00,7.67,0.00,0.00,0.00,0.00,0.00,0.00,0.00,0.00,0.00,0.00,0.00,0.00,0.00,0.00,0.00,0.00,0.00,0.67,0.00,0.33,0.00,3.00,0.00,0.00,0.00,0.00,0.00,0.00,17.00,67.71,14.35,17.94,13.23,-2.04,0.009,,,,,
844,WellD_Buntsandstein,660.30,Buntsandstein,43.33,0.00,6.33,0.00,0.00,11.33,0.00,0.00,0.00,0.67,4.00,1.00,0.33,0.33,0.00,0.00,0.00,0.00,0.33,0.00,0.00,0.33,0.00,0.00,0.00,0.00,0.00,0.00,0.00,0.00,0.00,0.00,0.00,0.00,0.00,0.00,0.00,0.00,0.00,0.00,0.00,0.00,0.00,0.00,0.00,0.00,0.00,0.00,0.00,0.00,0.00,0.00,0.00,0.00,0.00,0.00,0.00,0.00,0.00,0.00,0.00,0.00,0.00,0.00,0.00,0.00,0.00,0.00,21.67,2.00,0.00,0.00,2.67,0.67,1.00,0.00,0.00,0.00,0.00,0.00,2.33,0.00,0.00,0.00,0.00,0.00,0.00,0.00,0.00,0.00,0.00,0.00,0.00,0.00,0.00,0.00,0.00,0.00,0.00,0.33,0.00,0.00,0.00,0.67,0.00,0.00,0.00,0.67,0.00,0.00,31.00,64.22,17.16,18.63,9.51,-1.49,0.032,,,,,
845,WellD_Buntsandstein,655.60,Buntsandstein,64.00,0.00,6.67,0.00,0.00,3.67,0.00,0.00,0.00,0.33,2.33,1.67,0.00,1.33,0.00,0.00,0.00,0.00,0.00,0.00,0.00,2.00,0.00,0.00,0.33,0.00,0.00,0.00,0.00,0.00,0.00,0.00,0.00,0.00,0.00,0.00,0.00,0.00,0.00,0.00,0.00,0.00,0.00,0.00,0.00,0.00,0.00,0.00,0.00,0.00,0.00,0.00,0.00,0.00,0.00,0.00,0.00,0.00,0.00,0.00,0.00,0.00,0.00,0.00,0.00,0.00,0.00,0.00,1.00,0.33,0.00,0.00,0.00,0.00,0.00,0.00,0.00,0.00,0.00,0.00,5.33,6.00,0.00,0.00,0.00,0.00,0.00,0.00,0.00,0.00,0.00,0.00,0.00,0.00,0.00,0.00,0.00,0.00,0.00,0.00,0.00,0.00,0.00,4.33,0.00,0.00,0.00,0.67,0.00,0.00,11.00,78.05,4.47,17.48,8.75,-2.05,0.009,,,,,
846,WellD_Buntsandstein,651.40,Buntsandstein,49.67,0.00,6.00,0.00,0.00,3.67,0.00,0.00,0.33,0.33,2.33,1.33,0.67,0.33,0.00,0.00,0.00,0.00,0.33,0.00,0.00,3.33,0.00,0.00,0.00,0.00,0.00,0.00,0.00,0.00,0.00,0.00,0.00,0.00,0.00,0.00,0.00,0.00,0.00,0.00,0.00,0.00,0.00,0.00,0.00,0.00,0.00,0.00,0.00,0.00,0.00,0.00,0.00,0.00,0.00,0.00,0.00,0.00,0.00,0.00,0.00,0.00,0.00,0.00,0.00,0.00,0.00,0.00,1.00,0.00,0.00,0.00,0.00,0.33,0.33,0.00,0.00,0.00,0.00,0.00,14.33,7.67,0.00,0.00,0.00,0.00,0.00,0.00,0.00,0.00,0.00,0.00,0.00,0.00,0.00,0.00,0.00,0.00,0.00,1.00,0.00,0.00,0.00,6.00,0.00,0.00,0.00,1.00,0.00,0.00,22.00,73.66,5.85,20.49,8.32,-2.75,0.002,,,,,
847,WellD_Buntsandstein,645.70,Buntsandstein,58.33,0.00,9.67,0.00,0.00,5.00,0.00,0.00,0.00,1.00,2.67,1.00,0.33,0.33,0.00,0.00,0.00,0.00,0.00,0.00,0.00,1.00,0.00,0.00,0.00,0.00,0.00,0.00,0.33,0.00,0.00,0.00,0.00,0.00,0.00,0.00,0.00,0.00,0.00,0.00,0.00,0.00,0.00,0.00,0.00,0.00,0.00,0.00,0.00,0.00,0.00,0.00,0.00,0.00,0.00,0.00,0.00,0.00,0.00,0.00,0.00,0.00,0.00,0.00,0.00,0.00,0.00,0.00,0.33,0.00,0.00,0.00,0.00,1.33,0.67,0.00,0.00,0.00,0.00,0.00,5.67,3.67,0.00,0.00,0.00,0.00,0.00,0.00,0.00,0.00,0.00,0.00,0.00,0.00,0.00,0.00,0.00,0.00,0.00,0.33,0.00,0.00,0.00,8.00,0.00,0.00,0.00,0.33,0.00,0.00,16.00,73.95,6.30,19.75,11.29,-1.78,0.017,,,,,
848,WellD_Buntsandstein,640.30,Buntsandstein,44.67,0.00,12.00,0.00,0.00,5.67,0.00,0.00,1.33,1.67,3.33,1.67,0.00,0.33,0.00,0.00,0.00,0.00,0.33,0.00,0.00,0.00,0.00,0.00,0.00,0.00,0.00,0.00,0.67,0.00,0.00,0.00,0.00,0.00,0.00,0.00,0.00,0.00,0.00,0.00,0.00,0.00,0.00,0.00,0.00,0.00,0.00,0.00,0.00,0.00,0.00,0.00,0.00,0.00,0.00,0.00,0.00,0.00,0.00,0.00,0.00,0.00,0.00,0.00,0.00,0.00,0.00,0.00,22.67,0.00,0.00,0.00,0.00,1.00,0.00,0.00,0.00,0.00,0.00,0.00,1.33,0.00,0.00,0.00,0.00,0.00,0.00,0.00,0.00,0.00,0.00,0.00,0.00,0.00,0.00,0.00,0.00,0.00,0.00,0.67,0.00,0.00,0.00,2.00,0.00,0.00,0.00,0.67,0.00,0.00,27.00,62.91,8.45,28.64,7.33,-1.05,0.090,,,,,
849,WellD_Buntsandstein,635.65,Buntsandstein,42.33,0.00,14.33,0.00,0.00,5.33,0.00,0.00,0.67,0.00,3.00,1.33,0.33,0.00,0.00,0.00,0.00,0.00,0.00,0.00,0.00,0.33,0.00,0.00,0.00,0.00,0.00,0.00,0.33,0.00,0.00,0.00,0.00,0.00,0.00,0.00,0.00,0.00,0.00,0.00,0.00,0.00,0.00,0.00,0.00,0.00,0.00,0.00,0.00,0.00,0.00,0.00,0.00,0.00,0.00,0.00,0.00,0.00,0.00,0.00,0.00,0.00,0.00,0.00,0.00,0.00,0.00,0.00,17.33,1.33,0.00,0.00,1.00,0.33,1.00,0.00,0.00,0.00,0.00,0.00,6.33,1.00,0.00,0.00,0.00,0.00,0.00,0.00,0.00,0.00,0.00,0.00,0.00,0.00,0.00,0.00,0.00,0.00,0.00,0.67,0.00,0.00,0.00,3.00,0.00,0.00,0.00,0.00,0.00,0.00,30.33,63.05,7.88,29.06,11.75,-0.92,0.119,,,,,
850,WellD_Buntsandstein,629.35,Buntsandstein,53.33,0.00,10.67,0.00,0.00,4.67,0.00,0.00,0.67,1.00,3.33,1.67,1.00,0.33,0.00,0.00,0.00,0.00,0.33,0.00,0.00,0.67,0.00,0.00,0.00,0.67,0.33,0.00,0.00,0.00,0.00,0.00,0.00,0.00,0.00,0.00,0.00,0.00,0.00,0.00,0.00,0.00,0.00,0.00,0.00,0.00,0.00,0.00,0.00,0.00,0.00,0.00,0.00,0.00,0.00,0.00,0.00,2.67,0.00,0.00,0.00,0.00,0.00,0.00,0.00,0.00,0.00,0.00,1.67,0.33,0.00,0.00,0.33,1.33,1.00,0.00,0.00,0.00,0.00,0.00,5.33,2.33,0.00,0.00,0.00,0.00,0.00,0.00,0.00,0.00,0.00,0.00,0.00,0.00,0.00,0.00,0.00,0.00,0.00,0.00,0.00,0.00,0.00,6.00,0.00,0.00,0.00,0.33,0.00,0.00,18.67,69.96,6.44,23.61,15.95,0.07,1.187,,,,,
851,WellD_Buntsandstein,624.85,Buntsandstein,53.00,0.00,5.33,0.00,0.00,6.33,0.00,0.00,0.00,0.33,2.33,3.00,0.33,1.00,0.00,0.00,0.00,0.00,0.00,0.00,0.00,2.33,0.00,0.00,0.00,0.00,0.33,0.00,0.00,0.00,0.00,0.00,0.00,0.00,0.00,0.00,0.00,0.00,0.00,0.00,0.00,0.00,0.00,0.00,0.00,0.00,0.00,0.00,0.00,0.00,0.00,0.00,0.00,0.00,0.00,0.00,0.00,0.00,0.00,0.00,0.00,0.00,0.00,0.00,0.00,0.00,0.00,0.00,0.33,0.00,0.00,0.00,0.67,3.67,2.33,0.00,0.00,0.00,0.00,0.00,8.00,5.67,0.00,0.00,0.00,0.00,0.00,0.00,0.00,0.00,0.00,0.00,0.00,0.00,0.00,0.00,0.00,0.00,0.00,0.00,0.00,0.00,0.00,4.00,0.00,0.00,0.00,1.00,0.00,0.00,19.00,72.07,8.56,19.37,14.75,-1.38,0.041,,,,,
852,WellD_Buntsandstein,619.55,Buntsandstein,55.33,0.00,3.00,0.00,0.00,0.67,0.00,0.00,0.67,0.67,1.33,0.00,0.67,0.00,0.00,0.00,0.00,0.00,0.00,0.00,0.00,6.00,0.00,0.00,0.00,0.00,0.00,0.00,0.00,0.00,0.00,0.00,0.00,0.00,0.00,0.00,0.00,0.00,0.00,0.00,0.00,0.00,0.00,0.00,0.00,0.00,0.00,0.00,0.00,0.00,0.00,0.00,0.00,0.00,0.00,0.00,0.00,0.00,0.00,0.00,0.00,0.00,0.00,0.00,0.00,0.00,0.00,0.00,0.00,0.00,0.00,0.00,0.33,2.33,0.67,0.00,0.00,0.00,0.00,0.00,14.00,9.00,0.00,0.00,0.00,0.00,0.00,0.00,0.00,0.00,0.00,0.00,0.00,0.00,0.00,0.00,0.00,0.00,0.00,0.33,0.00,0.00,0.00,4.00,0.00,0.00,0.00,1.00,0.00,0.00,21.33,81.95,0.98,17.07,8.29,-2.39,0.004,,,,,
853,WellD_Buntsandstein,614.30,Buntsandstein,49.33,0.00,11.33,0.00,0.00,9.00,0.00,0.00,0.00,0.67,7.00,2.33,0.00,0.00,0.00,0.00,0.00,0.00,0.33,0.00,0.00,0.33,0.00,0.00,0.00,0.00,0.00,0.00,0.00,0.00,0.00,0.00,0.00,0.00,0.00,0.00,0.00,0.00,0.00,0.00,0.00,0.00,0.00,0.00,0.00,0.00,0.00,0.00,0.00,0.00,0.00,0.00,0.00,0.00,0.00,0.00,0.00,0.33,0.00,0.00,0.00,0.00,0.00,0.00,0.00,0.00,0.00,0.00,5.33,0.67,0.00,0.00,0.33,0.33,0.00,0.00,0.00,0.00,0.00,0.00,4.67,2.00,0.00,0.00,0.00,0.00,0.00,0.00,0.00,0.00,0.00,0.00,0.00,0.00,0.00,0.00,0.00,0.00,0.00,0.67,0.00,0.00,0.00,5.00,0.00,0.00,0.00,0.33,0.00,0.00,16.67,61.41,11.62,26.97,14.07,-0.38,0.415,,,,,
854,WellD_Buntsandstein,610.20,Buntsandstein,48.00,0.00,12.00,0.00,0.00,8.67,0.00,0.00,0.00,1.00,4.67,5.00,1.00,0.00,0.00,0.00,0.00,0.00,1.33,0.00,0.00,0.00,0.00,0.00,0.00,0.00,0.00,0.00,0.33,0.00,0.00,0.00,0.00,0.00,0.00,0.00,0.00,0.00,0.00,0.00,0.00,0.00,0.00,0.00,0.00,0.00,0.00,0.00,0.00,0.00,0.00,0.00,0.00,0.00,0.00,0.00,0.00,4.00,0.00,0.00,0.00,0.00,0.00,0.00,0.00,0.00,0.00,0.00,3.00,0.33,0.00,0.00,0.00,0.00,0.00,0.00,0.00,0.00,0.00,0.00,2.33,0.33,0.00,0.00,0.00,0.00,0.00,0.00,0.00,0.00,0.00,0.67,0.00,0.00,0.00,0.00,0.00,0.00,0.00,0.33,0.00,0.00,0.00,5.00,0.00,0.00,0.00,2.00,0.00,0.00,14.67,60.00,12.24,27.76,14.19,0.89,7.760,,,,,
855,WellD_Buntsandstein,605.50,Buntsandstein,56.00,0.00,6.00,0.00,0.00,3.67,0.00,0.00,0.00,1.67,1.33,3.00,0.00,2.00,0.00,0.00,0.00,0.00,0.00,0.00,0.00,7.00,0.00,0.00,0.33,0.33,0.33,0.00,0.00,0.00,0.00,0.00,0.00,0.00,0.00,0.00,0.00,0.00,0.00,0.00,0.00,0.00,0.00,0.00,0.00,0.00,0.00,0.00,0.00,0.00,0.00,0.00,0.00,0.00,0.00,0.00,0.00,0.00,0.00,0.00,0.00,0.00,0.00,0.00,0.00,0.00,0.00,0.00,0.33,0.00,0.00,0.00,0.33,0.33,0.00,0.00,0.00,0.00,0.00,0.00,5.67,9.67,0.00,0.00,0.00,0.00,0.00,0.00,0.00,0.00,0.00,0.00,0.00,0.00,0.00,0.00,0.00,0.00,0.00,0.00,0.00,0.00,0.00,2.00,0.00,0.00,0.00,0.00,0.00,0.00,8.67,69.42,4.55,26.03,4.46,-2.86,0.001,,,,,
856,WellD_Buntsandstein,599.75,Buntsandstein,50.00,0.00,5.33,0.00,0.00,8.33,0.00,0.00,0.00,1.00,4.33,3.67,0.00,0.00,0.00,0.00,0.00,0.00,0.67,0.00,0.00,0.00,0.00,0.00,0.00,0.00,0.00,0.00,0.33,0.00,0.00,0.00,0.00,0.00,0.00,0.00,0.00,0.00,0.00,0.00,0.00,0.00,0.00,0.00,0.00,0.00,0.00,0.00,0.00,0.00,0.00,0.00,0.00,0.00,0.00,0.00,0.00,0.00,0.00,0.00,0.00,0.00,0.00,0.00,0.00,0.00,0.00,0.00,16.33,0.67,0.00,0.00,0.33,1.33,0.00,0.00,0.00,0.00,0.00,0.00,3.33,1.33,0.00,0.00,0.00,0.00,0.00,0.00,0.00,0.00,0.00,0.00,0.00,0.00,0.00,0.00,0.00,0.00,0.00,0.00,0.00,0.00,0.00,2.67,0.00,0.00,0.00,0.33,0.00,0.00,24.67,68.18,12.27,19.55,9.89,-1.14,0.073,,,,,
857,WellD_Buntsandstein,594.50,Buntsandstein,65.00,0.00,5.00,0.00,0.00,6.00,0.00,0.00,0.33,1.67,1.00,2.67,0.00,0.33,0.00,0.00,0.00,0.00,0.00,0.00,0.00,2.00,0.00,0.00,0.00,0.00,0.00,0.33,0.33,0.00,0.00,0.00,0.00,0.00,0.00,0.00,0.00,0.00,0.00,0.00,0.00,0.00,0.00,0.00,0.00,0.00,0.00,0.00,0.00,0.00,0.00,0.00,0.00,0.00,0.00,0.00,0.00,0.00,0.00,0.00,0.00,0.00,0.00,0.00,0.00,0.00,0.00,0.00,2.33,0.33,0.00,0.00,0.67,1.00,0.33,0.00,0.00,0.00,0.00,0.00,5.33,2.67,0.00,0.00,0.00,0.00,0.00,0.00,0.00,0.00,0.00,0.00,0.00,0.00,0.00,0.00,0.00,0.00,0.00,0.67,0.00,0.00,0.00,2.00,0.00,0.00,0.00,0.00,0.00,0.00,12.00,77.38,7.14,15.48,8.61,-1.87,0.013,,,,,
858,WellD_Buntsandstein,591.20,Buntsandstein,43.67,0.00,11.00,0.00,0.00,6.33,0.00,0.00,1.00,1.67,4.00,4.67,0.00,0.00,0.00,0.00,0.00,0.00,0.67,0.00,0.00,0.00,0.00,0.00,0.00,0.00,0.00,0.00,0.33,0.00,0.00,0.00,0.00,0.00,0.00,0.00,0.00,0.00,0.00,0.00,0.00,0.00,0.00,0.00,0.00,0.00,0.00,0.00,0.00,0.00,0.00,0.00,0.00,0.00,0.00,0.00,0.00,4.33,0.00,0.00,0.00,0.00,0.00,0.00,0.00,0.00,0.00,0.00,11.00,0.67,0.00,0.00,0.67,2.33,1.00,0.00,0.00,0.00,0.00,0.00,2.00,1.67,0.00,0.00,0.00,0.00,0.00,0.00,0.00,0.00,0.00,0.00,0.00,0.00,0.00,0.00,0.00,0.00,0.00,0.33,0.00,0.00,0.00,2.33,0.00,0.00,0.00,0.33,0.00,0.00,24.33,59.82,9.59,30.59,9.38,-1.18,0.066,,,,,
859,WellD_Buntsandstein,585.90,Buntsandstein,58.00,0.00,8.67,0.00,0.00,6.67,0.00,0.00,0.00,2.00,0.33,2.67,0.00,1.33,0.00,0.00,0.00,0.00,0.33,0.00,0.00,3.33,0.00,0.00,0.00,0.00,0.33,0.00,0.00,0.00,0.00,0.00,0.00,0.00,0.00,0.00,0.00,0.00,0.00,0.00,0.00,0.00,0.00,0.00,0.00,0.00,0.00,0.00,0.00,0.00,0.00,0.00,0.00,0.00,0.00,0.00,0.00,0.00,0.00,0.00,0.00,0.00,0.00,0.00,0.00,0.00,0.00,0.00,0.33,0.00,0.00,0.00,0.00,0.33,0.00,0.00,0.00,0.00,0.00,0.00,3.33,10.33,0.00,0.00,0.00,0.00,0.00,0.00,0.00,0.00,0.00,0.00,0.00,0.00,0.00,0.00,0.00,0.00,0.00,0.33,0.00,0.00,0.00,1.67,0.00,0.00,0.00,0.00,0.00,0.00,5.67,69.60,8.40,22.00,3.14,-2.49,0.003,,,,,
860,WellD_Buntsandstein,579.50,Buntsandstein,66.67,0.00,3.00,0.00,0.00,4.67,0.00,0.00,0.00,0.67,1.00,2.67,0.00,0.67,0.00,0.00,0.00,0.00,0.00,0.00,0.00,1.33,0.00,0.00,0.00,0.00,0.00,0.00,0.00,0.00,0.00,0.00,0.00,0.00,0.00,0.00,0.00,0.00,0.00,0.00,0.00,0.00,0.00,0.00,0.00,0.00,0.00,0.00,0.00,0.00,0.00,0.00,0.00,0.00,0.00,0.00,0.00,0.00,0.00,0.00,0.00,0.00,0.00,0.00,0.00,0.00,0.00,0.00,0.00,0.00,0.00,0.00,0.67,3.00,0.67,0.00,0.00,0.00,0.00,0.00,6.33,5.33,0.00,0.00,0.00,0.00,0.00,0.00,0.00,0.00,0.00,0.00,0.00,0.00,0.00,0.00,0.00,0.00,0.00,0.00,0.00,0.00,0.00,3.33,0.00,0.00,0.00,0.00,0.00,0.00,14.00,82.64,5.79,11.57,5.29,-2.31,0.005,,,,,
861,WellD_Buntsandstein,575.85,Buntsandstein,54.00,0.00,2.00,0.00,0.00,12.00,0.00,0.00,0.33,2.67,0.33,3.00,0.67,0.67,0.00,0.00,0.00,0.00,0.00,0.00,0.00,1.33,0.00,0.00,0.33,0.00,0.00,0.33,0.00,0.00,0.00,0.00,0.00,0.00,0.00,0.00,0.00,0.00,0.00,0.00,0.00,0.00,0.00,0.00,0.00,0.00,0.00,0.00,0.00,0.00,0.00,0.00,0.00,0.00,0.00,0.00,0.00,0.00,0.00,0.00,0.00,0.00,0.00,0.00,0.00,0.00,0.00,0.00,6.00,1.33,0.00,0.00,0.33,0.67,3.67,0.00,0.00,0.00,0.00,0.00,6.33,2.33,0.00,0.00,0.00,0.00,0.00,0.00,0.00,0.00,0.00,0.00,0.00,0.00,0.00,0.00,0.00,0.00,0.00,0.00,0.00,0.00,0.00,1.67,0.00,0.00,0.00,0.00,0.00,0.00,20.00,71.00,15.58,13.42,10.71,-1.91,0.012,,,,,
862,WellD_Buntsandstein,570.45,Buntsandstein,50.67,0.00,4.67,0.00,0.00,7.00,0.00,0.00,0.67,5.33,0.67,3.67,1.33,2.00,0.00,0.00,0.00,0.00,0.00,0.00,0.00,5.67,0.00,0.00,0.33,0.67,0.00,0.00,0.33,0.00,0.00,0.00,0.00,0.00,0.00,0.00,0.00,0.00,0.00,0.00,0.00,0.00,0.00,0.00,0.00,0.00,0.00,0.00,0.00,0.00,0.00,0.00,0.00,0.00,0.00,0.00,0.00,0.00,0.00,0.00,0.00,0.00,0.00,0.00,0.00,0.00,0.00,0.00,0.00,0.00,0.00,0.00,0.33,2.00,0.00,0.00,0.00,0.00,0.00,0.00,4.67,10.00,0.00,0.00,0.00,0.00,0.00,0.00,0.00,0.00,0.00,0.00,0.00,0.00,0.00,0.00,0.00,0.00,0.00,0.00,0.00,0.00,0.00,0.00,0.00,0.00,0.00,0.00,0.00,0.00,7.00,63.67,8.57,27.76,2.39,-2.54,0.003,,,,,
863,WellD_Buntsandstein,564.70,Buntsandstein,53.33,0.00,2.67,0.00,0.00,6.67,0.00,0.00,0.33,0.00,0.67,8.00,0.33,2.33,0.00,0.00,0.00,0.00,0.67,0.00,0.00,4.33,0.00,0.00,0.00,0.33,0.00,0.33,0.00,0.00,0.00,0.00,0.00,0.00,0.00,0.00,0.00,0.00,0.00,0.00,0.00,0.00,0.00,0.00,0.00,0.00,0.00,0.00,0.00,0.00,0.00,0.00,0.00,0.00,0.00,0.00,0.00,0.33,0.00,0.00,0.00,0.00,0.00,0.00,0.00,0.00,0.00,0.00,0.67,0.00,0.00,0.00,0.67,0.67,0.67,0.00,0.00,0.00,0.00,0.00,7.33,6.33,0.00,0.00,0.00,0.00,0.00,0.00,0.00,0.00,0.00,0.00,0.00,0.00,0.00,0.00,0.00,0.00,0.00,0.00,0.00,0.00,0.00,2.67,0.00,0.00,0.00,0.67,0.00,0.00,13.00,67.65,9.24,23.11,4.61,-2.42,0.004,,,,,
864,WellD_Buntsandstein,559.70,Buntsandstein,54.33,0.00,3.33,0.00,0.00,7.00,0.00,0.00,0.67,3.33,5.00,1.33,0.67,2.33,0.00,0.00,0.00,0.00,0.33,0.00,0.00,3.00,0.00,0.00,0.00,0.33,0.00,0.00,0.00,0.00,0.00,0.00,0.00,0.00,0.00,0.00,0.00,0.00,0.00,0.00,0.00,0.00,0.00,0.00,0.00,0.00,0.00,0.00,0.00,0.00,0.00,0.00,0.00,0.00,0.00,0.00,0.00,0.00,0.00,0.00,0.00,0.00,0.00,0.00,0.00,0.00,0.00,0.00,6.33,0.33,0.00,0.00,0.00,1.33,0.33,0.00,0.00,0.00,0.00,0.00,3.67,4.67,0.00,0.00,0.00,0.00,0.00,0.00,0.00,0.00,0.00,0.00,0.00,0.00,0.00,0.00,0.00,0.00,0.00,0.67,0.00,0.00,0.00,1.00,0.00,0.00,0.00,0.00,0.00,0.00,13.00,67.62,9.02,23.36,6.70,-2.29,0.005,,,,,
865,WellD_Buntsandstein,556.30,Buntsandstein,54.00,0.00,2.33,0.00,0.00,5.67,0.00,0.00,0.67,1.00,0.33,5.33,0.00,0.33,0.00,0.00,0.00,0.00,0.00,0.00,0.00,1.00,0.00,0.00,0.00,0.67,0.00,0.00,0.00,0.00,0.00,0.00,0.00,0.00,0.00,0.00,0.00,0.00,0.00,0.00,0.00,0.00,0.00,0.00,0.00,0.00,0.00,0.00,0.00,0.00,0.00,0.00,0.00,0.00,0.00,0.00,0.00,6.00,0.00,0.00,0.00,0.00,0.00,0.00,0.00,0.00,0.00,0.00,2.00,0.33,0.00,0.00,2.67,5.33,1.33,0.00,0.00,0.00,0.00,0.00,2.67,5.67,0.00,0.00,0.00,0.00,0.00,0.00,0.00,0.00,0.00,0.00,0.00,0.00,0.00,0.00,0.00,0.00,0.00,0.33,0.00,0.00,0.00,2.33,0.00,0.00,0.00,0.00,0.00,0.00,22.67,76.42,8.02,15.57,8.79,-1.82,0.015,,,,,
866,WellD_Buntsandstein,549.90,Buntsandstein,56.67,0.00,1.67,0.00,0.00,9.00,0.00,0.00,0.00,0.67,0.33,1.67,0.00,0.67,0.00,0.00,0.00,0.00,1.00,0.00,0.00,0.00,0.00,0.00,0.00,0.33,0.00,0.00,0.00,0.00,0.00,0.00,0.00,0.00,0.00,0.00,0.00,0.00,0.00,0.00,0.00,0.00,0.00,0.00,0.00,0.00,0.00,0.00,0.00,0.00,0.00,0.00,0.00,0.00,0.00,0.00,0.00,4.00,0.00,0.00,0.00,0.00,0.00,0.00,0.00,0.00,0.00,0.00,8.33,0.67,0.00,0.00,1.33,3.33,1.67,0.00,0.00,0.00,0.00,0.00,2.67,1.33,0.00,0.00,0.33,0.00,0.00,0.00,0.00,0.00,0.00,0.67,0.00,0.00,0.00,0.00,0.00,0.00,0.00,1.00,0.00,0.33,0.00,2.33,0.00,0.00,0.00,0.00,0.00,0.00,24.67,79.07,13.95,6.98,10.81,-1.53,0.030,,,,,
867,WellD_Buntsandstein,544.20,Buntsandstein,44.33,0.00,1.00,0.00,0.00,10.00,0.00,0.00,0.00,1.67,0.67,6.33,0.00,1.00,0.00,0.00,0.00,0.00,0.00,0.00,0.00,0.00,0.00,0.00,0.00,0.00,0.00,0.00,0.33,0.00,0.00,0.00,0.00,0.00,0.00,0.00,0.00,0.00,0.00,0.00,0.00,0.00,0.00,0.00,0.00,0.00,0.00,0.00,0.00,0.00,0.00,0.00,0.00,0.00,0.00,0.00,0.00,2.33,0.00,0.00,0.00,0.00,0.00,0.00,0.00,0.00,0.00,0.00,14.67,1.00,0.00,0.00,1.00,2.33,2.33,0.00,0.00,0.00,0.00,0.00,4.67,2.33,0.00,0.00,0.00,0.00,0.00,0.00,0.00,0.00,0.00,0.00,0.00,0.00,0.00,0.00,0.00,0.00,0.00,0.00,0.00,0.00,0.00,3.00,0.00,0.00,0.00,1.00,0.00,0.00,31.33,68.21,15.38,16.41,10.34,-1.57,0.027,,,,,
868,WellD_Buntsandstein,540.90,Buntsandstein,57.00,0.00,2.00,0.00,0.00,7.00,0.00,0.00,0.33,2.33,1.33,3.67,0.00,3.00,0.00,0.00,0.00,0.00,0.00,0.00,0.00,1.67,0.00,0.00,0.00,0.33,0.00,0.33,0.00,0.00,0.00,0.00,0.00,0.00,0.00,0.00,0.00,0.00,0.00,0.00,0.00,0.00,0.00,0.00,0.00,0.00,0.00,0.00,0.00,0.00,0.00,0.00,0.00,0.00,0.00,0.00,0.00,0.00,0.00,0.00,0.00,0.00,0.00,0.00,0.00,0.00,0.00,0.00,0.67,0.00,0.00,0.00,0.67,1.33,1.67,0.00,0.00,0.00,0.00,0.00,8.33,5.67,0.00,0.00,0.00,0.00,0.00,0.00,0.00,0.00,0.00,0.00,0.00,0.00,0.00,0.00,0.00,0.00,0.00,0.67,0.00,0.00,0.00,1.67,0.00,0.00,0.00,0.33,0.00,0.00,14.33,72.77,8.94,18.30,10.76,-1.70,0.020,,,,,
869,WellD_Buntsandstein,535.15,Buntsandstein,60.00,0.00,1.67,0.00,0.00,6.67,0.00,0.00,0.00,1.00,1.00,2.33,1.33,1.67,0.00,0.00,0.00,0.00,0.33,0.00,0.00,0.67,0.00,0.00,0.33,0.33,0.00,0.33,0.67,0.00,0.00,0.00,0.00,0.00,0.00,0.00,0.00,0.00,0.00,0.00,0.00,0.00,0.00,0.00,0.00,0.00,0.00,0.00,0.00,0.00,0.00,0.00,0.00,0.00,0.00,0.00,0.00,0.00,0.00,0.00,0.00,0.00,0.00,0.00,0.00,0.00,0.00,0.00,1.00,0.33,0.00,0.00,1.00,1.00,0.67,0.00,0.00,0.00,0.00,0.00,4.33,10.00,0.00,0.00,0.00,0.00,0.00,0.00,0.00,0.00,0.00,0.00,0.00,0.00,0.00,0.00,0.00,0.00,0.00,0.00,0.00,0.00,0.00,3.33,0.00,0.00,0.00,0.00,0.00,0.00,11.67,80.00,9.13,10.87,6.82,-2.05,0.009,,,,,
870,WellD_Buntsandstein,532.55,Buntsandstein,44.33,0.00,1.67,0.00,0.00,2.33,0.00,0.00,3.00,2.33,1.00,4.67,4.33,1.67,0.00,0.00,0.00,0.00,0.00,0.00,0.00,6.33,0.00,0.00,0.33,1.00,0.00,0.00,1.00,0.00,0.00,0.00,0.00,0.00,0.00,0.00,0.00,0.00,0.00,0.00,0.00,0.00,0.00,0.00,0.00,0.00,0.00,0.00,0.00,0.00,0.00,0.00,0.00,0.00,0.00,0.00,0.00,0.00,0.00,0.00,0.00,0.00,0.00,0.00,0.00,0.00,0.00,0.00,0.00,0.00,0.00,0.00,0.33,3.67,0.33,0.00,0.00,0.00,0.00,0.00,4.67,12.67,0.00,0.00,0.00,0.00,0.00,0.00,0.00,0.00,0.00,0.00,0.00,0.00,0.00,0.00,0.00,0.00,0.00,1.67,0.00,0.00,0.00,2.00,0.00,0.00,0.00,0.67,0.00,0.00,11.00,67.91,3.26,28.84,3.82,-2.82,0.002,,,,,
871,WellD_Buntsandstein,524.05,Buntsandstein,55.33,0.00,2.00,0.00,0.00,8.67,0.00,0.00,0.33,2.00,0.33,6.67,0.00,0.33,0.00,0.00,0.00,0.00,0.67,0.00,0.00,0.33,0.00,0.00,0.00,0.33,0.00,0.00,0.67,0.00,0.00,0.00,0.00,0.00,0.00,0.00,0.00,0.00,0.00,0.00,0.00,0.00,0.00,0.00,0.00,0.00,0.00,0.00,0.00,0.00,0.00,0.00,0.00,0.00,0.00,0.00,0.00,0.00,0.00,0.00,0.00,0.00,0.00,0.00,0.00,0.00,0.00,0.00,1.33,0.00,0.00,0.00,0.67,1.67,1.00,0.00,0.00,0.00,0.00,0.00,8.33,4.33,0.00,0.00,0.33,0.00,0.00,0.00,0.00,0.00,0.00,0.00,0.00,0.00,0.00,0.00,0.00,0.00,0.00,0.33,0.00,0.33,0.00,3.67,0.00,0.00,0.00,0.33,0.00,0.00,17.00,72.17,12.17,15.65,13.86,-0.82,0.150,,,,,
872,WellD_Buntsandstein,520.85,Buntsandstein,54.33,0.00,2.67,0.00,0.00,5.67,0.00,0.00,0.00,2.33,1.33,5.00,0.67,1.33,0.00,0.00,0.00,0.00,0.00,0.00,0.00,5.33,0.00,0.00,0.33,0.33,0.00,0.67,0.00,0.00,0.00,0.00,0.00,0.00,0.00,0.00,0.00,0.00,0.00,0.00,0.00,0.00,0.00,0.00,0.00,0.00,0.00,0.00,0.00,0.00,0.00,0.00,0.00,0.00,0.00,0.00,0.00,0.00,0.00,0.00,0.00,0.00,0.00,0.00,0.00,0.00,0.00,0.00,1.00,0.00,0.00,0.00,1.33,0.67,1.33,0.00,0.00,0.00,0.00,0.00,4.67,7.33,0.00,0.00,0.00,0.00,0.00,0.00,0.00,0.00,0.00,0.00,0.00,0.00,0.00,0.00,0.00,0.00,0.00,0.00,0.00,0.00,0.00,3.67,0.00,0.00,0.00,0.00,0.00,0.00,12.67,69.92,7.20,22.88,6.78,-2.17,0.007,,,,,
873,WellD_Buntsandstein,515.20,Buntsandstein,59.33,0.00,1.00,0.00,0.00,5.33,0.00,0.00,1.33,1.67,2.33,7.00,0.00,3.67,0.00,0.00,0.00,0.00,0.33,0.00,0.00,1.33,0.00,0.00,0.00,0.00,0.00,0.33,0.00,0.00,0.00,0.00,0.00,0.00,0.00,0.00,0.00,0.00,0.00,0.00,0.00,0.00,0.00,0.00,0.00,0.00,0.00,0.00,0.00,0.00,0.00,0.00,0.00,0.00,0.00,0.00,0.00,0.00,0.00,0.00,0.00,0.00,0.00,0.00,0.00,0.00,0.00,0.00,1.00,0.00,0.00,0.00,1.00,1.00,0.67,0.00,0.00,0.00,0.00,0.00,5.67,5.67,0.00,0.00,0.00,0.00,0.00,0.00,0.00,0.00,0.00,0.00,0.00,0.00,0.00,0.00,0.00,0.00,0.00,0.33,0.00,0.00,0.00,1.00,0.00,0.00,0.00,0.00,0.00,0.00,10.33,71.20,6.80,22.00,5.25,-2.19,0.006,,,,,
874,WellD_Buntsandstein,509.05,Buntsandstein,59.67,0.00,2.00,0.00,0.00,8.00,0.00,0.00,0.00,2.00,1.00,8.00,0.00,0.33,0.00,0.00,0.00,0.00,1.33,0.00,0.00,0.00,0.00,0.00,0.00,0.00,0.00,0.00,0.00,0.00,0.00,0.00,0.00,0.00,0.00,0.00,0.00,0.00,0.00,0.00,0.00,0.00,0.00,0.00,0.00,0.00,0.00,0.00,0.00,0.00,0.00,0.00,0.00,0.00,0.00,0.00,0.00,0.00,0.00,0.00,0.00,0.00,0.00,0.00,0.00,0.00,0.00,0.00,1.33,0.00,0.00,0.00,1.00,2.33,1.00,0.00,0.00,0.00,0.00,0.00,7.00,1.67,0.00,0.00,0.00,0.00,0.00,0.00,0.00,0.00,0.00,0.00,0.00,0.00,0.00,0.00,0.00,0.00,0.00,0.33,0.00,0.00,0.00,2.33,0.00,0.00,0.00,0.67,0.00,0.00,15.00,72.47,11.34,16.19,12.28,-0.89,0.129,,,,,
,,,,,,,,,,,,,,,,,,,,,,,,,,,,,,,,,,,,,,,,,,,,,,,,,,,,,,,,,,,,,,,,,,,,,,,,,,,,,,,,,,,,,,,,,,,,,,,,,,,,,,,,,,,,,,,,,,,,,,,,,,,,,
"RF: Rock fragment, pl: pore-lining, pf: pore-filling",,,,,,,,,,,,,,,,,,,,,,,,,,,,,,,,,,,,,,,,,,,,,,,,,,,,,,,,,,,,,,,,,,,,,,,,,,,,,,,,,,,,,,,,,,,,,,,,,,,,,,,,,,,,,,,,,,,,,,,,,,,,,
,,,,,,,,,,,,,,,,,,,,,,,,,,,,,,,,,,,,,,,,,,,,,,,,,,,,,,,,,,,,,,,,,,,,,,,,,,,,,,,,,,,,,,,,,,,,,,,,,,,,,,,,,,,,,,,,,,,,,,,,,,,,,
,,,,,,,,,,,,,,,,,,,,,,,,,,,,,,,,,,,,,,,,,,,,,,,,,,,,,,,,,,,,,,,,,,,,,,,,,,,,,,,,,,,,,,,,,,,,,,,,,,,,,,,,,,,,,,,,,,,,,,,,,,,,,
,,,,,,,,,,,,,,,,,,,,,,,,,,,,,,,,,,,,,,,,,,,,,,,,,,,,,,,,,,,,,,,,,,,,,,,,,,,,,,,,,,,,,,,,,,,,,,,,,,,,,,,,,,,,,,,,,,,,,,,,,,,,,